/*--------------------------------*- C++ -*----------------------------------*\
  =========                 |
  \\      /  F ield         | OpenFOAM: The Open Source CFD Toolbox
   \\    /   O peration     | Website:  https://openfoam.org
    \\  /    A nd           | Version:  7
     \\/     M anipulation  |
\*---------------------------------------------------------------------------*/
FoamFile
{
    version     2.0;
    format      ascii;
    class       labelList;
    note        "nPoints:22869  nCells:20480  nFaces:63744  nInternalFaces:59136";
    location    "constant/polyMesh";
    object      neighbour;
}
// * * * * * * * * * * * * * * * * * * * * * * * * * * * * * * * * * * * * * //


59136
(
1
20
640
2
21
641
3
22
642
4
23
643
5
24
644
6
25
645
7
26
646
8
27
647
9
28
648
10
29
649
11
30
650
12
31
651
13
32
652
14
33
653
15
34
654
16
35
655
17
36
656
18
37
657
19
38
658
39
659
21
40
660
22
41
661
23
42
662
24
43
663
25
44
664
26
45
665
27
46
666
28
47
667
29
48
668
30
49
669
31
50
670
32
51
671
33
52
672
34
53
673
35
54
674
36
55
675
37
56
676
38
57
677
39
58
678
59
679
41
60
680
42
61
681
43
62
682
44
63
683
45
64
684
46
65
685
47
66
686
48
67
687
49
68
688
50
69
689
51
70
690
52
71
691
53
72
692
54
73
693
55
74
694
56
75
695
57
76
696
58
77
697
59
78
698
79
699
61
80
700
62
81
701
63
82
702
64
83
703
65
84
704
66
85
705
67
86
706
68
87
707
69
88
708
70
89
709
71
90
710
72
91
711
73
92
712
74
93
713
75
94
714
76
95
715
77
96
716
78
97
717
79
98
718
99
719
81
100
720
82
101
721
83
102
722
84
103
723
85
104
724
86
105
725
87
106
726
88
107
727
89
108
728
90
109
729
91
110
730
92
111
731
93
112
732
94
113
733
95
114
734
96
115
735
97
116
736
98
117
737
99
118
738
119
739
101
120
740
102
121
741
103
122
742
104
123
743
105
124
744
106
125
745
107
126
746
108
127
747
109
128
748
110
129
749
111
130
750
112
131
751
113
132
752
114
133
753
115
134
754
116
135
755
117
136
756
118
137
757
119
138
758
139
759
121
140
760
122
141
761
123
142
762
124
143
763
125
144
764
126
145
765
127
146
766
128
147
767
129
148
768
130
149
769
131
150
770
132
151
771
133
152
772
134
153
773
135
154
774
136
155
775
137
156
776
138
157
777
139
158
778
159
779
141
160
780
142
161
781
143
162
782
144
163
783
145
164
784
146
165
785
147
166
786
148
167
787
149
168
788
150
169
789
151
170
790
152
171
791
153
172
792
154
173
793
155
174
794
156
175
795
157
176
796
158
177
797
159
178
798
179
799
161
180
800
162
181
801
163
182
802
164
183
803
165
184
804
166
185
805
167
186
806
168
187
807
169
188
808
170
189
809
171
190
810
172
191
811
173
192
812
174
193
813
175
194
814
176
195
815
177
196
816
178
197
817
179
198
818
199
819
181
200
820
182
201
821
183
202
822
184
203
823
185
204
824
186
205
825
187
206
826
188
207
827
189
208
828
190
209
829
191
210
830
192
211
831
193
212
832
194
213
833
195
214
834
196
215
835
197
216
836
198
217
837
199
218
838
219
839
201
220
840
202
221
841
203
222
842
204
223
843
205
224
844
206
225
845
207
226
846
208
227
847
209
228
848
210
229
849
211
230
850
212
231
851
213
232
852
214
233
853
215
234
854
216
235
855
217
236
856
218
237
857
219
238
858
239
859
221
240
860
222
241
861
223
242
862
224
243
863
225
244
864
226
245
865
227
246
866
228
247
867
229
248
868
230
249
869
231
250
870
232
251
871
233
252
872
234
253
873
235
254
874
236
255
875
237
256
876
238
257
877
239
258
878
259
879
241
260
880
242
261
881
243
262
882
244
263
883
245
264
884
246
265
885
247
266
886
248
267
887
249
268
888
250
269
889
251
270
890
252
271
891
253
272
892
254
273
893
255
274
894
256
275
895
257
276
896
258
277
897
259
278
898
279
899
261
280
900
262
281
901
263
282
902
264
283
903
265
284
904
266
285
905
267
286
906
268
287
907
269
288
908
270
289
909
271
290
910
272
291
911
273
292
912
274
293
913
275
294
914
276
295
915
277
296
916
278
297
917
279
298
918
299
919
281
300
920
282
301
921
283
302
922
284
303
923
285
304
924
286
305
925
287
306
926
288
307
927
289
308
928
290
309
929
291
310
930
292
311
931
293
312
932
294
313
933
295
314
934
296
315
935
297
316
936
298
317
937
299
318
938
319
939
301
320
940
302
321
941
303
322
942
304
323
943
305
324
944
306
325
945
307
326
946
308
327
947
309
328
948
310
329
949
311
330
950
312
331
951
313
332
952
314
333
953
315
334
954
316
335
955
317
336
956
318
337
957
319
338
958
339
959
321
340
960
322
341
961
323
342
962
324
343
963
325
344
964
326
345
965
327
346
966
328
347
967
329
348
968
330
349
969
331
350
970
332
351
971
333
352
972
334
353
973
335
354
974
336
355
975
337
356
976
338
357
977
339
358
978
359
979
341
360
980
342
361
981
343
362
982
344
363
983
345
364
984
346
365
985
347
366
986
348
367
987
349
368
988
350
369
989
351
370
990
352
371
991
353
372
992
354
373
993
355
374
994
356
375
995
357
376
996
358
377
997
359
378
998
379
999
361
380
1000
362
381
1001
363
382
1002
364
383
1003
365
384
1004
366
385
1005
367
386
1006
368
387
1007
369
388
1008
370
389
1009
371
390
1010
372
391
1011
373
392
1012
374
393
1013
375
394
1014
376
395
1015
377
396
1016
378
397
1017
379
398
1018
399
1019
381
400
1020
382
401
1021
383
402
1022
384
403
1023
385
404
1024
386
405
1025
387
406
1026
388
407
1027
389
408
1028
390
409
1029
391
410
1030
392
411
1031
393
412
1032
394
413
1033
395
414
1034
396
415
1035
397
416
1036
398
417
1037
399
418
1038
419
1039
401
420
1040
402
421
1041
403
422
1042
404
423
1043
405
424
1044
406
425
1045
407
426
1046
408
427
1047
409
428
1048
410
429
1049
411
430
1050
412
431
1051
413
432
1052
414
433
1053
415
434
1054
416
435
1055
417
436
1056
418
437
1057
419
438
1058
439
1059
421
440
1060
422
441
1061
423
442
1062
424
443
1063
425
444
1064
426
445
1065
427
446
1066
428
447
1067
429
448
1068
430
449
1069
431
450
1070
432
451
1071
433
452
1072
434
453
1073
435
454
1074
436
455
1075
437
456
1076
438
457
1077
439
458
1078
459
1079
441
460
1080
442
461
1081
443
462
1082
444
463
1083
445
464
1084
446
465
1085
447
466
1086
448
467
1087
449
468
1088
450
469
1089
451
470
1090
452
471
1091
453
472
1092
454
473
1093
455
474
1094
456
475
1095
457
476
1096
458
477
1097
459
478
1098
479
1099
461
480
1100
462
481
1101
463
482
1102
464
483
1103
465
484
1104
466
485
1105
467
486
1106
468
487
1107
469
488
1108
470
489
1109
471
490
1110
472
491
1111
473
492
1112
474
493
1113
475
494
1114
476
495
1115
477
496
1116
478
497
1117
479
498
1118
499
1119
481
500
1120
482
501
1121
483
502
1122
484
503
1123
485
504
1124
486
505
1125
487
506
1126
488
507
1127
489
508
1128
490
509
1129
491
510
1130
492
511
1131
493
512
1132
494
513
1133
495
514
1134
496
515
1135
497
516
1136
498
517
1137
499
518
1138
519
1139
501
520
1140
502
521
1141
503
522
1142
504
523
1143
505
524
1144
506
525
1145
507
526
1146
508
527
1147
509
528
1148
510
529
1149
511
530
1150
512
531
1151
513
532
1152
514
533
1153
515
534
1154
516
535
1155
517
536
1156
518
537
1157
519
538
1158
539
1159
521
540
1160
522
541
1161
523
542
1162
524
543
1163
525
544
1164
526
545
1165
527
546
1166
528
547
1167
529
548
1168
530
549
1169
531
550
1170
532
551
1171
533
552
1172
534
553
1173
535
554
1174
536
555
1175
537
556
1176
538
557
1177
539
558
1178
559
1179
541
560
1180
542
561
1181
543
562
1182
544
563
1183
545
564
1184
546
565
1185
547
566
1186
548
567
1187
549
568
1188
550
569
1189
551
570
1190
552
571
1191
553
572
1192
554
573
1193
555
574
1194
556
575
1195
557
576
1196
558
577
1197
559
578
1198
579
1199
561
580
1200
562
581
1201
563
582
1202
564
583
1203
565
584
1204
566
585
1205
567
586
1206
568
587
1207
569
588
1208
570
589
1209
571
590
1210
572
591
1211
573
592
1212
574
593
1213
575
594
1214
576
595
1215
577
596
1216
578
597
1217
579
598
1218
599
1219
581
600
1220
582
601
1221
583
602
1222
584
603
1223
585
604
1224
586
605
1225
587
606
1226
588
607
1227
589
608
1228
590
609
1229
591
610
1230
592
611
1231
593
612
1232
594
613
1233
595
614
1234
596
615
1235
597
616
1236
598
617
1237
599
618
1238
619
1239
601
620
1240
602
621
1241
603
622
1242
604
623
1243
605
624
1244
606
625
1245
607
626
1246
608
627
1247
609
628
1248
610
629
1249
611
630
1250
612
631
1251
613
632
1252
614
633
1253
615
634
1254
616
635
1255
617
636
1256
618
637
1257
619
638
1258
639
1259
621
1260
622
1261
623
1262
624
1263
625
1264
626
1265
627
1266
628
1267
629
1268
630
1269
631
1270
632
1271
633
1272
634
1273
635
1274
636
1275
637
1276
638
1277
639
1278
1279
641
660
1280
642
661
1281
643
662
1282
644
663
1283
645
664
1284
646
665
1285
647
666
1286
648
667
1287
649
668
1288
650
669
1289
651
670
1290
652
671
1291
653
672
1292
654
673
1293
655
674
1294
656
675
1295
657
676
1296
658
677
1297
659
678
1298
679
1299
661
680
1300
662
681
1301
663
682
1302
664
683
1303
665
684
1304
666
685
1305
667
686
1306
668
687
1307
669
688
1308
670
689
1309
671
690
1310
672
691
1311
673
692
1312
674
693
1313
675
694
1314
676
695
1315
677
696
1316
678
697
1317
679
698
1318
699
1319
681
700
1320
682
701
1321
683
702
1322
684
703
1323
685
704
1324
686
705
1325
687
706
1326
688
707
1327
689
708
1328
690
709
1329
691
710
1330
692
711
1331
693
712
1332
694
713
1333
695
714
1334
696
715
1335
697
716
1336
698
717
1337
699
718
1338
719
1339
701
720
1340
702
721
1341
703
722
1342
704
723
1343
705
724
1344
706
725
1345
707
726
1346
708
727
1347
709
728
1348
710
729
1349
711
730
1350
712
731
1351
713
732
1352
714
733
1353
715
734
1354
716
735
1355
717
736
1356
718
737
1357
719
738
1358
739
1359
721
740
1360
722
741
1361
723
742
1362
724
743
1363
725
744
1364
726
745
1365
727
746
1366
728
747
1367
729
748
1368
730
749
1369
731
750
1370
732
751
1371
733
752
1372
734
753
1373
735
754
1374
736
755
1375
737
756
1376
738
757
1377
739
758
1378
759
1379
741
760
1380
742
761
1381
743
762
1382
744
763
1383
745
764
1384
746
765
1385
747
766
1386
748
767
1387
749
768
1388
750
769
1389
751
770
1390
752
771
1391
753
772
1392
754
773
1393
755
774
1394
756
775
1395
757
776
1396
758
777
1397
759
778
1398
779
1399
761
780
1400
762
781
1401
763
782
1402
764
783
1403
765
784
1404
766
785
1405
767
786
1406
768
787
1407
769
788
1408
770
789
1409
771
790
1410
772
791
1411
773
792
1412
774
793
1413
775
794
1414
776
795
1415
777
796
1416
778
797
1417
779
798
1418
799
1419
781
800
1420
782
801
1421
783
802
1422
784
803
1423
785
804
1424
786
805
1425
787
806
1426
788
807
1427
789
808
1428
790
809
1429
791
810
1430
792
811
1431
793
812
1432
794
813
1433
795
814
1434
796
815
1435
797
816
1436
798
817
1437
799
818
1438
819
1439
801
820
1440
802
821
1441
803
822
1442
804
823
1443
805
824
1444
806
825
1445
807
826
1446
808
827
1447
809
828
1448
810
829
1449
811
830
1450
812
831
1451
813
832
1452
814
833
1453
815
834
1454
816
835
1455
817
836
1456
818
837
1457
819
838
1458
839
1459
821
840
1460
822
841
1461
823
842
1462
824
843
1463
825
844
1464
826
845
1465
827
846
1466
828
847
1467
829
848
1468
830
849
1469
831
850
1470
832
851
1471
833
852
1472
834
853
1473
835
854
1474
836
855
1475
837
856
1476
838
857
1477
839
858
1478
859
1479
841
860
1480
842
861
1481
843
862
1482
844
863
1483
845
864
1484
846
865
1485
847
866
1486
848
867
1487
849
868
1488
850
869
1489
851
870
1490
852
871
1491
853
872
1492
854
873
1493
855
874
1494
856
875
1495
857
876
1496
858
877
1497
859
878
1498
879
1499
861
880
1500
862
881
1501
863
882
1502
864
883
1503
865
884
1504
866
885
1505
867
886
1506
868
887
1507
869
888
1508
870
889
1509
871
890
1510
872
891
1511
873
892
1512
874
893
1513
875
894
1514
876
895
1515
877
896
1516
878
897
1517
879
898
1518
899
1519
881
900
1520
882
901
1521
883
902
1522
884
903
1523
885
904
1524
886
905
1525
887
906
1526
888
907
1527
889
908
1528
890
909
1529
891
910
1530
892
911
1531
893
912
1532
894
913
1533
895
914
1534
896
915
1535
897
916
1536
898
917
1537
899
918
1538
919
1539
901
920
1540
902
921
1541
903
922
1542
904
923
1543
905
924
1544
906
925
1545
907
926
1546
908
927
1547
909
928
1548
910
929
1549
911
930
1550
912
931
1551
913
932
1552
914
933
1553
915
934
1554
916
935
1555
917
936
1556
918
937
1557
919
938
1558
939
1559
921
940
1560
922
941
1561
923
942
1562
924
943
1563
925
944
1564
926
945
1565
927
946
1566
928
947
1567
929
948
1568
930
949
1569
931
950
1570
932
951
1571
933
952
1572
934
953
1573
935
954
1574
936
955
1575
937
956
1576
938
957
1577
939
958
1578
959
1579
941
960
1580
942
961
1581
943
962
1582
944
963
1583
945
964
1584
946
965
1585
947
966
1586
948
967
1587
949
968
1588
950
969
1589
951
970
1590
952
971
1591
953
972
1592
954
973
1593
955
974
1594
956
975
1595
957
976
1596
958
977
1597
959
978
1598
979
1599
961
980
1600
962
981
1601
963
982
1602
964
983
1603
965
984
1604
966
985
1605
967
986
1606
968
987
1607
969
988
1608
970
989
1609
971
990
1610
972
991
1611
973
992
1612
974
993
1613
975
994
1614
976
995
1615
977
996
1616
978
997
1617
979
998
1618
999
1619
981
1000
1620
982
1001
1621
983
1002
1622
984
1003
1623
985
1004
1624
986
1005
1625
987
1006
1626
988
1007
1627
989
1008
1628
990
1009
1629
991
1010
1630
992
1011
1631
993
1012
1632
994
1013
1633
995
1014
1634
996
1015
1635
997
1016
1636
998
1017
1637
999
1018
1638
1019
1639
1001
1020
1640
1002
1021
1641
1003
1022
1642
1004
1023
1643
1005
1024
1644
1006
1025
1645
1007
1026
1646
1008
1027
1647
1009
1028
1648
1010
1029
1649
1011
1030
1650
1012
1031
1651
1013
1032
1652
1014
1033
1653
1015
1034
1654
1016
1035
1655
1017
1036
1656
1018
1037
1657
1019
1038
1658
1039
1659
1021
1040
1660
1022
1041
1661
1023
1042
1662
1024
1043
1663
1025
1044
1664
1026
1045
1665
1027
1046
1666
1028
1047
1667
1029
1048
1668
1030
1049
1669
1031
1050
1670
1032
1051
1671
1033
1052
1672
1034
1053
1673
1035
1054
1674
1036
1055
1675
1037
1056
1676
1038
1057
1677
1039
1058
1678
1059
1679
1041
1060
1680
1042
1061
1681
1043
1062
1682
1044
1063
1683
1045
1064
1684
1046
1065
1685
1047
1066
1686
1048
1067
1687
1049
1068
1688
1050
1069
1689
1051
1070
1690
1052
1071
1691
1053
1072
1692
1054
1073
1693
1055
1074
1694
1056
1075
1695
1057
1076
1696
1058
1077
1697
1059
1078
1698
1079
1699
1061
1080
1700
1062
1081
1701
1063
1082
1702
1064
1083
1703
1065
1084
1704
1066
1085
1705
1067
1086
1706
1068
1087
1707
1069
1088
1708
1070
1089
1709
1071
1090
1710
1072
1091
1711
1073
1092
1712
1074
1093
1713
1075
1094
1714
1076
1095
1715
1077
1096
1716
1078
1097
1717
1079
1098
1718
1099
1719
1081
1100
1720
1082
1101
1721
1083
1102
1722
1084
1103
1723
1085
1104
1724
1086
1105
1725
1087
1106
1726
1088
1107
1727
1089
1108
1728
1090
1109
1729
1091
1110
1730
1092
1111
1731
1093
1112
1732
1094
1113
1733
1095
1114
1734
1096
1115
1735
1097
1116
1736
1098
1117
1737
1099
1118
1738
1119
1739
1101
1120
1740
1102
1121
1741
1103
1122
1742
1104
1123
1743
1105
1124
1744
1106
1125
1745
1107
1126
1746
1108
1127
1747
1109
1128
1748
1110
1129
1749
1111
1130
1750
1112
1131
1751
1113
1132
1752
1114
1133
1753
1115
1134
1754
1116
1135
1755
1117
1136
1756
1118
1137
1757
1119
1138
1758
1139
1759
1121
1140
1760
1122
1141
1761
1123
1142
1762
1124
1143
1763
1125
1144
1764
1126
1145
1765
1127
1146
1766
1128
1147
1767
1129
1148
1768
1130
1149
1769
1131
1150
1770
1132
1151
1771
1133
1152
1772
1134
1153
1773
1135
1154
1774
1136
1155
1775
1137
1156
1776
1138
1157
1777
1139
1158
1778
1159
1779
1141
1160
1780
1142
1161
1781
1143
1162
1782
1144
1163
1783
1145
1164
1784
1146
1165
1785
1147
1166
1786
1148
1167
1787
1149
1168
1788
1150
1169
1789
1151
1170
1790
1152
1171
1791
1153
1172
1792
1154
1173
1793
1155
1174
1794
1156
1175
1795
1157
1176
1796
1158
1177
1797
1159
1178
1798
1179
1799
1161
1180
1800
1162
1181
1801
1163
1182
1802
1164
1183
1803
1165
1184
1804
1166
1185
1805
1167
1186
1806
1168
1187
1807
1169
1188
1808
1170
1189
1809
1171
1190
1810
1172
1191
1811
1173
1192
1812
1174
1193
1813
1175
1194
1814
1176
1195
1815
1177
1196
1816
1178
1197
1817
1179
1198
1818
1199
1819
1181
1200
1820
1182
1201
1821
1183
1202
1822
1184
1203
1823
1185
1204
1824
1186
1205
1825
1187
1206
1826
1188
1207
1827
1189
1208
1828
1190
1209
1829
1191
1210
1830
1192
1211
1831
1193
1212
1832
1194
1213
1833
1195
1214
1834
1196
1215
1835
1197
1216
1836
1198
1217
1837
1199
1218
1838
1219
1839
1201
1220
1840
1202
1221
1841
1203
1222
1842
1204
1223
1843
1205
1224
1844
1206
1225
1845
1207
1226
1846
1208
1227
1847
1209
1228
1848
1210
1229
1849
1211
1230
1850
1212
1231
1851
1213
1232
1852
1214
1233
1853
1215
1234
1854
1216
1235
1855
1217
1236
1856
1218
1237
1857
1219
1238
1858
1239
1859
1221
1240
1860
1222
1241
1861
1223
1242
1862
1224
1243
1863
1225
1244
1864
1226
1245
1865
1227
1246
1866
1228
1247
1867
1229
1248
1868
1230
1249
1869
1231
1250
1870
1232
1251
1871
1233
1252
1872
1234
1253
1873
1235
1254
1874
1236
1255
1875
1237
1256
1876
1238
1257
1877
1239
1258
1878
1259
1879
1241
1260
1880
1242
1261
1881
1243
1262
1882
1244
1263
1883
1245
1264
1884
1246
1265
1885
1247
1266
1886
1248
1267
1887
1249
1268
1888
1250
1269
1889
1251
1270
1890
1252
1271
1891
1253
1272
1892
1254
1273
1893
1255
1274
1894
1256
1275
1895
1257
1276
1896
1258
1277
1897
1259
1278
1898
1279
1899
1261
1900
1262
1901
1263
1902
1264
1903
1265
1904
1266
1905
1267
1906
1268
1907
1269
1908
1270
1909
1271
1910
1272
1911
1273
1912
1274
1913
1275
1914
1276
1915
1277
1916
1278
1917
1279
1918
1919
1281
1300
1920
1282
1301
1921
1283
1302
1922
1284
1303
1923
1285
1304
1924
1286
1305
1925
1287
1306
1926
1288
1307
1927
1289
1308
1928
1290
1309
1929
1291
1310
1930
1292
1311
1931
1293
1312
1932
1294
1313
1933
1295
1314
1934
1296
1315
1935
1297
1316
1936
1298
1317
1937
1299
1318
1938
1319
1939
1301
1320
1940
1302
1321
1941
1303
1322
1942
1304
1323
1943
1305
1324
1944
1306
1325
1945
1307
1326
1946
1308
1327
1947
1309
1328
1948
1310
1329
1949
1311
1330
1950
1312
1331
1951
1313
1332
1952
1314
1333
1953
1315
1334
1954
1316
1335
1955
1317
1336
1956
1318
1337
1957
1319
1338
1958
1339
1959
1321
1340
1960
1322
1341
1961
1323
1342
1962
1324
1343
1963
1325
1344
1964
1326
1345
1965
1327
1346
1966
1328
1347
1967
1329
1348
1968
1330
1349
1969
1331
1350
1970
1332
1351
1971
1333
1352
1972
1334
1353
1973
1335
1354
1974
1336
1355
1975
1337
1356
1976
1338
1357
1977
1339
1358
1978
1359
1979
1341
1360
1980
1342
1361
1981
1343
1362
1982
1344
1363
1983
1345
1364
1984
1346
1365
1985
1347
1366
1986
1348
1367
1987
1349
1368
1988
1350
1369
1989
1351
1370
1990
1352
1371
1991
1353
1372
1992
1354
1373
1993
1355
1374
1994
1356
1375
1995
1357
1376
1996
1358
1377
1997
1359
1378
1998
1379
1999
1361
1380
2000
1362
1381
2001
1363
1382
2002
1364
1383
2003
1365
1384
2004
1366
1385
2005
1367
1386
2006
1368
1387
2007
1369
1388
2008
1370
1389
2009
1371
1390
2010
1372
1391
2011
1373
1392
2012
1374
1393
2013
1375
1394
2014
1376
1395
2015
1377
1396
2016
1378
1397
2017
1379
1398
2018
1399
2019
1381
1400
2020
1382
1401
2021
1383
1402
2022
1384
1403
2023
1385
1404
2024
1386
1405
2025
1387
1406
2026
1388
1407
2027
1389
1408
2028
1390
1409
2029
1391
1410
2030
1392
1411
2031
1393
1412
2032
1394
1413
2033
1395
1414
2034
1396
1415
2035
1397
1416
2036
1398
1417
2037
1399
1418
2038
1419
2039
1401
1420
2040
1402
1421
2041
1403
1422
2042
1404
1423
2043
1405
1424
2044
1406
1425
2045
1407
1426
2046
1408
1427
2047
1409
1428
2048
1410
1429
2049
1411
1430
2050
1412
1431
2051
1413
1432
2052
1414
1433
2053
1415
1434
2054
1416
1435
2055
1417
1436
2056
1418
1437
2057
1419
1438
2058
1439
2059
1421
1440
2060
1422
1441
2061
1423
1442
2062
1424
1443
2063
1425
1444
2064
1426
1445
2065
1427
1446
2066
1428
1447
2067
1429
1448
2068
1430
1449
2069
1431
1450
2070
1432
1451
2071
1433
1452
2072
1434
1453
2073
1435
1454
2074
1436
1455
2075
1437
1456
2076
1438
1457
2077
1439
1458
2078
1459
2079
1441
1460
2080
1442
1461
2081
1443
1462
2082
1444
1463
2083
1445
1464
2084
1446
1465
2085
1447
1466
2086
1448
1467
2087
1449
1468
2088
1450
1469
2089
1451
1470
2090
1452
1471
2091
1453
1472
2092
1454
1473
2093
1455
1474
2094
1456
1475
2095
1457
1476
2096
1458
1477
2097
1459
1478
2098
1479
2099
1461
1480
2100
1462
1481
2101
1463
1482
2102
1464
1483
2103
1465
1484
2104
1466
1485
2105
1467
1486
2106
1468
1487
2107
1469
1488
2108
1470
1489
2109
1471
1490
2110
1472
1491
2111
1473
1492
2112
1474
1493
2113
1475
1494
2114
1476
1495
2115
1477
1496
2116
1478
1497
2117
1479
1498
2118
1499
2119
1481
1500
2120
1482
1501
2121
1483
1502
2122
1484
1503
2123
1485
1504
2124
1486
1505
2125
1487
1506
2126
1488
1507
2127
1489
1508
2128
1490
1509
2129
1491
1510
2130
1492
1511
2131
1493
1512
2132
1494
1513
2133
1495
1514
2134
1496
1515
2135
1497
1516
2136
1498
1517
2137
1499
1518
2138
1519
2139
1501
1520
2140
1502
1521
2141
1503
1522
2142
1504
1523
2143
1505
1524
2144
1506
1525
2145
1507
1526
2146
1508
1527
2147
1509
1528
2148
1510
1529
2149
1511
1530
2150
1512
1531
2151
1513
1532
2152
1514
1533
2153
1515
1534
2154
1516
1535
2155
1517
1536
2156
1518
1537
2157
1519
1538
2158
1539
2159
1521
1540
2160
1522
1541
2161
1523
1542
2162
1524
1543
2163
1525
1544
2164
1526
1545
2165
1527
1546
2166
1528
1547
2167
1529
1548
2168
1530
1549
2169
1531
1550
2170
1532
1551
2171
1533
1552
2172
1534
1553
2173
1535
1554
2174
1536
1555
2175
1537
1556
2176
1538
1557
2177
1539
1558
2178
1559
2179
1541
1560
2180
1542
1561
2181
1543
1562
2182
1544
1563
2183
1545
1564
2184
1546
1565
2185
1547
1566
2186
1548
1567
2187
1549
1568
2188
1550
1569
2189
1551
1570
2190
1552
1571
2191
1553
1572
2192
1554
1573
2193
1555
1574
2194
1556
1575
2195
1557
1576
2196
1558
1577
2197
1559
1578
2198
1579
2199
1561
1580
2200
1562
1581
2201
1563
1582
2202
1564
1583
2203
1565
1584
2204
1566
1585
2205
1567
1586
2206
1568
1587
2207
1569
1588
2208
1570
1589
2209
1571
1590
2210
1572
1591
2211
1573
1592
2212
1574
1593
2213
1575
1594
2214
1576
1595
2215
1577
1596
2216
1578
1597
2217
1579
1598
2218
1599
2219
1581
1600
2220
1582
1601
2221
1583
1602
2222
1584
1603
2223
1585
1604
2224
1586
1605
2225
1587
1606
2226
1588
1607
2227
1589
1608
2228
1590
1609
2229
1591
1610
2230
1592
1611
2231
1593
1612
2232
1594
1613
2233
1595
1614
2234
1596
1615
2235
1597
1616
2236
1598
1617
2237
1599
1618
2238
1619
2239
1601
1620
2240
1602
1621
2241
1603
1622
2242
1604
1623
2243
1605
1624
2244
1606
1625
2245
1607
1626
2246
1608
1627
2247
1609
1628
2248
1610
1629
2249
1611
1630
2250
1612
1631
2251
1613
1632
2252
1614
1633
2253
1615
1634
2254
1616
1635
2255
1617
1636
2256
1618
1637
2257
1619
1638
2258
1639
2259
1621
1640
2260
1622
1641
2261
1623
1642
2262
1624
1643
2263
1625
1644
2264
1626
1645
2265
1627
1646
2266
1628
1647
2267
1629
1648
2268
1630
1649
2269
1631
1650
2270
1632
1651
2271
1633
1652
2272
1634
1653
2273
1635
1654
2274
1636
1655
2275
1637
1656
2276
1638
1657
2277
1639
1658
2278
1659
2279
1641
1660
2280
1642
1661
2281
1643
1662
2282
1644
1663
2283
1645
1664
2284
1646
1665
2285
1647
1666
2286
1648
1667
2287
1649
1668
2288
1650
1669
2289
1651
1670
2290
1652
1671
2291
1653
1672
2292
1654
1673
2293
1655
1674
2294
1656
1675
2295
1657
1676
2296
1658
1677
2297
1659
1678
2298
1679
2299
1661
1680
2300
1662
1681
2301
1663
1682
2302
1664
1683
2303
1665
1684
2304
1666
1685
2305
1667
1686
2306
1668
1687
2307
1669
1688
2308
1670
1689
2309
1671
1690
2310
1672
1691
2311
1673
1692
2312
1674
1693
2313
1675
1694
2314
1676
1695
2315
1677
1696
2316
1678
1697
2317
1679
1698
2318
1699
2319
1681
1700
2320
1682
1701
2321
1683
1702
2322
1684
1703
2323
1685
1704
2324
1686
1705
2325
1687
1706
2326
1688
1707
2327
1689
1708
2328
1690
1709
2329
1691
1710
2330
1692
1711
2331
1693
1712
2332
1694
1713
2333
1695
1714
2334
1696
1715
2335
1697
1716
2336
1698
1717
2337
1699
1718
2338
1719
2339
1701
1720
2340
1702
1721
2341
1703
1722
2342
1704
1723
2343
1705
1724
2344
1706
1725
2345
1707
1726
2346
1708
1727
2347
1709
1728
2348
1710
1729
2349
1711
1730
2350
1712
1731
2351
1713
1732
2352
1714
1733
2353
1715
1734
2354
1716
1735
2355
1717
1736
2356
1718
1737
2357
1719
1738
2358
1739
2359
1721
1740
2360
1722
1741
2361
1723
1742
2362
1724
1743
2363
1725
1744
2364
1726
1745
2365
1727
1746
2366
1728
1747
2367
1729
1748
2368
1730
1749
2369
1731
1750
2370
1732
1751
2371
1733
1752
2372
1734
1753
2373
1735
1754
2374
1736
1755
2375
1737
1756
2376
1738
1757
2377
1739
1758
2378
1759
2379
1741
1760
2380
1742
1761
2381
1743
1762
2382
1744
1763
2383
1745
1764
2384
1746
1765
2385
1747
1766
2386
1748
1767
2387
1749
1768
2388
1750
1769
2389
1751
1770
2390
1752
1771
2391
1753
1772
2392
1754
1773
2393
1755
1774
2394
1756
1775
2395
1757
1776
2396
1758
1777
2397
1759
1778
2398
1779
2399
1761
1780
2400
1762
1781
2401
1763
1782
2402
1764
1783
2403
1765
1784
2404
1766
1785
2405
1767
1786
2406
1768
1787
2407
1769
1788
2408
1770
1789
2409
1771
1790
2410
1772
1791
2411
1773
1792
2412
1774
1793
2413
1775
1794
2414
1776
1795
2415
1777
1796
2416
1778
1797
2417
1779
1798
2418
1799
2419
1781
1800
2420
1782
1801
2421
1783
1802
2422
1784
1803
2423
1785
1804
2424
1786
1805
2425
1787
1806
2426
1788
1807
2427
1789
1808
2428
1790
1809
2429
1791
1810
2430
1792
1811
2431
1793
1812
2432
1794
1813
2433
1795
1814
2434
1796
1815
2435
1797
1816
2436
1798
1817
2437
1799
1818
2438
1819
2439
1801
1820
2440
1802
1821
2441
1803
1822
2442
1804
1823
2443
1805
1824
2444
1806
1825
2445
1807
1826
2446
1808
1827
2447
1809
1828
2448
1810
1829
2449
1811
1830
2450
1812
1831
2451
1813
1832
2452
1814
1833
2453
1815
1834
2454
1816
1835
2455
1817
1836
2456
1818
1837
2457
1819
1838
2458
1839
2459
1821
1840
2460
1822
1841
2461
1823
1842
2462
1824
1843
2463
1825
1844
2464
1826
1845
2465
1827
1846
2466
1828
1847
2467
1829
1848
2468
1830
1849
2469
1831
1850
2470
1832
1851
2471
1833
1852
2472
1834
1853
2473
1835
1854
2474
1836
1855
2475
1837
1856
2476
1838
1857
2477
1839
1858
2478
1859
2479
1841
1860
2480
1842
1861
2481
1843
1862
2482
1844
1863
2483
1845
1864
2484
1846
1865
2485
1847
1866
2486
1848
1867
2487
1849
1868
2488
1850
1869
2489
1851
1870
2490
1852
1871
2491
1853
1872
2492
1854
1873
2493
1855
1874
2494
1856
1875
2495
1857
1876
2496
1858
1877
2497
1859
1878
2498
1879
2499
1861
1880
2500
1862
1881
2501
1863
1882
2502
1864
1883
2503
1865
1884
2504
1866
1885
2505
1867
1886
2506
1868
1887
2507
1869
1888
2508
1870
1889
2509
1871
1890
2510
1872
1891
2511
1873
1892
2512
1874
1893
2513
1875
1894
2514
1876
1895
2515
1877
1896
2516
1878
1897
2517
1879
1898
2518
1899
2519
1881
1900
2520
1882
1901
2521
1883
1902
2522
1884
1903
2523
1885
1904
2524
1886
1905
2525
1887
1906
2526
1888
1907
2527
1889
1908
2528
1890
1909
2529
1891
1910
2530
1892
1911
2531
1893
1912
2532
1894
1913
2533
1895
1914
2534
1896
1915
2535
1897
1916
2536
1898
1917
2537
1899
1918
2538
1919
2539
1901
2540
1902
2541
1903
2542
1904
2543
1905
2544
1906
2545
1907
2546
1908
2547
1909
2548
1910
2549
1911
2550
1912
2551
1913
2552
1914
2553
1915
2554
1916
2555
1917
2556
1918
2557
1919
2558
2559
1921
1940
2560
1922
1941
2561
1923
1942
2562
1924
1943
2563
1925
1944
2564
1926
1945
2565
1927
1946
2566
1928
1947
2567
1929
1948
2568
1930
1949
2569
1931
1950
2570
1932
1951
2571
1933
1952
2572
1934
1953
2573
1935
1954
2574
1936
1955
2575
1937
1956
2576
1938
1957
2577
1939
1958
2578
1959
2579
1941
1960
2580
1942
1961
2581
1943
1962
2582
1944
1963
2583
1945
1964
2584
1946
1965
2585
1947
1966
2586
1948
1967
2587
1949
1968
2588
1950
1969
2589
1951
1970
2590
1952
1971
2591
1953
1972
2592
1954
1973
2593
1955
1974
2594
1956
1975
2595
1957
1976
2596
1958
1977
2597
1959
1978
2598
1979
2599
1961
1980
2600
1962
1981
2601
1963
1982
2602
1964
1983
2603
1965
1984
2604
1966
1985
2605
1967
1986
2606
1968
1987
2607
1969
1988
2608
1970
1989
2609
1971
1990
2610
1972
1991
2611
1973
1992
2612
1974
1993
2613
1975
1994
2614
1976
1995
2615
1977
1996
2616
1978
1997
2617
1979
1998
2618
1999
2619
1981
2000
2620
1982
2001
2621
1983
2002
2622
1984
2003
2623
1985
2004
2624
1986
2005
2625
1987
2006
2626
1988
2007
2627
1989
2008
2628
1990
2009
2629
1991
2010
2630
1992
2011
2631
1993
2012
2632
1994
2013
2633
1995
2014
2634
1996
2015
2635
1997
2016
2636
1998
2017
2637
1999
2018
2638
2019
2639
2001
2020
2640
2002
2021
2641
2003
2022
2642
2004
2023
2643
2005
2024
2644
2006
2025
2645
2007
2026
2646
2008
2027
2647
2009
2028
2648
2010
2029
2649
2011
2030
2650
2012
2031
2651
2013
2032
2652
2014
2033
2653
2015
2034
2654
2016
2035
2655
2017
2036
2656
2018
2037
2657
2019
2038
2658
2039
2659
2021
2040
2660
2022
2041
2661
2023
2042
2662
2024
2043
2663
2025
2044
2664
2026
2045
2665
2027
2046
2666
2028
2047
2667
2029
2048
2668
2030
2049
2669
2031
2050
2670
2032
2051
2671
2033
2052
2672
2034
2053
2673
2035
2054
2674
2036
2055
2675
2037
2056
2676
2038
2057
2677
2039
2058
2678
2059
2679
2041
2060
2680
2042
2061
2681
2043
2062
2682
2044
2063
2683
2045
2064
2684
2046
2065
2685
2047
2066
2686
2048
2067
2687
2049
2068
2688
2050
2069
2689
2051
2070
2690
2052
2071
2691
2053
2072
2692
2054
2073
2693
2055
2074
2694
2056
2075
2695
2057
2076
2696
2058
2077
2697
2059
2078
2698
2079
2699
2061
2080
2700
2062
2081
2701
2063
2082
2702
2064
2083
2703
2065
2084
2704
2066
2085
2705
2067
2086
2706
2068
2087
2707
2069
2088
2708
2070
2089
2709
2071
2090
2710
2072
2091
2711
2073
2092
2712
2074
2093
2713
2075
2094
2714
2076
2095
2715
2077
2096
2716
2078
2097
2717
2079
2098
2718
2099
2719
2081
2100
2720
2082
2101
2721
2083
2102
2722
2084
2103
2723
2085
2104
2724
2086
2105
2725
2087
2106
2726
2088
2107
2727
2089
2108
2728
2090
2109
2729
2091
2110
2730
2092
2111
2731
2093
2112
2732
2094
2113
2733
2095
2114
2734
2096
2115
2735
2097
2116
2736
2098
2117
2737
2099
2118
2738
2119
2739
2101
2120
2740
2102
2121
2741
2103
2122
2742
2104
2123
2743
2105
2124
2744
2106
2125
2745
2107
2126
2746
2108
2127
2747
2109
2128
2748
2110
2129
2749
2111
2130
2750
2112
2131
2751
2113
2132
2752
2114
2133
2753
2115
2134
2754
2116
2135
2755
2117
2136
2756
2118
2137
2757
2119
2138
2758
2139
2759
2121
2140
2760
2122
2141
2761
2123
2142
2762
2124
2143
2763
2125
2144
2764
2126
2145
2765
2127
2146
2766
2128
2147
2767
2129
2148
2768
2130
2149
2769
2131
2150
2770
2132
2151
2771
2133
2152
2772
2134
2153
2773
2135
2154
2774
2136
2155
2775
2137
2156
2776
2138
2157
2777
2139
2158
2778
2159
2779
2141
2160
2780
2142
2161
2781
2143
2162
2782
2144
2163
2783
2145
2164
2784
2146
2165
2785
2147
2166
2786
2148
2167
2787
2149
2168
2788
2150
2169
2789
2151
2170
2790
2152
2171
2791
2153
2172
2792
2154
2173
2793
2155
2174
2794
2156
2175
2795
2157
2176
2796
2158
2177
2797
2159
2178
2798
2179
2799
2161
2180
2800
2162
2181
2801
2163
2182
2802
2164
2183
2803
2165
2184
2804
2166
2185
2805
2167
2186
2806
2168
2187
2807
2169
2188
2808
2170
2189
2809
2171
2190
2810
2172
2191
2811
2173
2192
2812
2174
2193
2813
2175
2194
2814
2176
2195
2815
2177
2196
2816
2178
2197
2817
2179
2198
2818
2199
2819
2181
2200
2820
2182
2201
2821
2183
2202
2822
2184
2203
2823
2185
2204
2824
2186
2205
2825
2187
2206
2826
2188
2207
2827
2189
2208
2828
2190
2209
2829
2191
2210
2830
2192
2211
2831
2193
2212
2832
2194
2213
2833
2195
2214
2834
2196
2215
2835
2197
2216
2836
2198
2217
2837
2199
2218
2838
2219
2839
2201
2220
2840
2202
2221
2841
2203
2222
2842
2204
2223
2843
2205
2224
2844
2206
2225
2845
2207
2226
2846
2208
2227
2847
2209
2228
2848
2210
2229
2849
2211
2230
2850
2212
2231
2851
2213
2232
2852
2214
2233
2853
2215
2234
2854
2216
2235
2855
2217
2236
2856
2218
2237
2857
2219
2238
2858
2239
2859
2221
2240
2860
2222
2241
2861
2223
2242
2862
2224
2243
2863
2225
2244
2864
2226
2245
2865
2227
2246
2866
2228
2247
2867
2229
2248
2868
2230
2249
2869
2231
2250
2870
2232
2251
2871
2233
2252
2872
2234
2253
2873
2235
2254
2874
2236
2255
2875
2237
2256
2876
2238
2257
2877
2239
2258
2878
2259
2879
2241
2260
2880
2242
2261
2881
2243
2262
2882
2244
2263
2883
2245
2264
2884
2246
2265
2885
2247
2266
2886
2248
2267
2887
2249
2268
2888
2250
2269
2889
2251
2270
2890
2252
2271
2891
2253
2272
2892
2254
2273
2893
2255
2274
2894
2256
2275
2895
2257
2276
2896
2258
2277
2897
2259
2278
2898
2279
2899
2261
2280
2900
2262
2281
2901
2263
2282
2902
2264
2283
2903
2265
2284
2904
2266
2285
2905
2267
2286
2906
2268
2287
2907
2269
2288
2908
2270
2289
2909
2271
2290
2910
2272
2291
2911
2273
2292
2912
2274
2293
2913
2275
2294
2914
2276
2295
2915
2277
2296
2916
2278
2297
2917
2279
2298
2918
2299
2919
2281
2300
2920
2282
2301
2921
2283
2302
2922
2284
2303
2923
2285
2304
2924
2286
2305
2925
2287
2306
2926
2288
2307
2927
2289
2308
2928
2290
2309
2929
2291
2310
2930
2292
2311
2931
2293
2312
2932
2294
2313
2933
2295
2314
2934
2296
2315
2935
2297
2316
2936
2298
2317
2937
2299
2318
2938
2319
2939
2301
2320
2940
2302
2321
2941
2303
2322
2942
2304
2323
2943
2305
2324
2944
2306
2325
2945
2307
2326
2946
2308
2327
2947
2309
2328
2948
2310
2329
2949
2311
2330
2950
2312
2331
2951
2313
2332
2952
2314
2333
2953
2315
2334
2954
2316
2335
2955
2317
2336
2956
2318
2337
2957
2319
2338
2958
2339
2959
2321
2340
2960
2322
2341
2961
2323
2342
2962
2324
2343
2963
2325
2344
2964
2326
2345
2965
2327
2346
2966
2328
2347
2967
2329
2348
2968
2330
2349
2969
2331
2350
2970
2332
2351
2971
2333
2352
2972
2334
2353
2973
2335
2354
2974
2336
2355
2975
2337
2356
2976
2338
2357
2977
2339
2358
2978
2359
2979
2341
2360
2980
2342
2361
2981
2343
2362
2982
2344
2363
2983
2345
2364
2984
2346
2365
2985
2347
2366
2986
2348
2367
2987
2349
2368
2988
2350
2369
2989
2351
2370
2990
2352
2371
2991
2353
2372
2992
2354
2373
2993
2355
2374
2994
2356
2375
2995
2357
2376
2996
2358
2377
2997
2359
2378
2998
2379
2999
2361
2380
3000
2362
2381
3001
2363
2382
3002
2364
2383
3003
2365
2384
3004
2366
2385
3005
2367
2386
3006
2368
2387
3007
2369
2388
3008
2370
2389
3009
2371
2390
3010
2372
2391
3011
2373
2392
3012
2374
2393
3013
2375
2394
3014
2376
2395
3015
2377
2396
3016
2378
2397
3017
2379
2398
3018
2399
3019
2381
2400
3020
2382
2401
3021
2383
2402
3022
2384
2403
3023
2385
2404
3024
2386
2405
3025
2387
2406
3026
2388
2407
3027
2389
2408
3028
2390
2409
3029
2391
2410
3030
2392
2411
3031
2393
2412
3032
2394
2413
3033
2395
2414
3034
2396
2415
3035
2397
2416
3036
2398
2417
3037
2399
2418
3038
2419
3039
2401
2420
3040
2402
2421
3041
2403
2422
3042
2404
2423
3043
2405
2424
3044
2406
2425
3045
2407
2426
3046
2408
2427
3047
2409
2428
3048
2410
2429
3049
2411
2430
3050
2412
2431
3051
2413
2432
3052
2414
2433
3053
2415
2434
3054
2416
2435
3055
2417
2436
3056
2418
2437
3057
2419
2438
3058
2439
3059
2421
2440
3060
2422
2441
3061
2423
2442
3062
2424
2443
3063
2425
2444
3064
2426
2445
3065
2427
2446
3066
2428
2447
3067
2429
2448
3068
2430
2449
3069
2431
2450
3070
2432
2451
3071
2433
2452
3072
2434
2453
3073
2435
2454
3074
2436
2455
3075
2437
2456
3076
2438
2457
3077
2439
2458
3078
2459
3079
2441
2460
3080
2442
2461
3081
2443
2462
3082
2444
2463
3083
2445
2464
3084
2446
2465
3085
2447
2466
3086
2448
2467
3087
2449
2468
3088
2450
2469
3089
2451
2470
3090
2452
2471
3091
2453
2472
3092
2454
2473
3093
2455
2474
3094
2456
2475
3095
2457
2476
3096
2458
2477
3097
2459
2478
3098
2479
3099
2461
2480
3100
2462
2481
3101
2463
2482
3102
2464
2483
3103
2465
2484
3104
2466
2485
3105
2467
2486
3106
2468
2487
3107
2469
2488
3108
2470
2489
3109
2471
2490
3110
2472
2491
3111
2473
2492
3112
2474
2493
3113
2475
2494
3114
2476
2495
3115
2477
2496
3116
2478
2497
3117
2479
2498
3118
2499
3119
2481
2500
3120
2482
2501
3121
2483
2502
3122
2484
2503
3123
2485
2504
3124
2486
2505
3125
2487
2506
3126
2488
2507
3127
2489
2508
3128
2490
2509
3129
2491
2510
3130
2492
2511
3131
2493
2512
3132
2494
2513
3133
2495
2514
3134
2496
2515
3135
2497
2516
3136
2498
2517
3137
2499
2518
3138
2519
3139
2501
2520
3140
2502
2521
3141
2503
2522
3142
2504
2523
3143
2505
2524
3144
2506
2525
3145
2507
2526
3146
2508
2527
3147
2509
2528
3148
2510
2529
3149
2511
2530
3150
2512
2531
3151
2513
2532
3152
2514
2533
3153
2515
2534
3154
2516
2535
3155
2517
2536
3156
2518
2537
3157
2519
2538
3158
2539
3159
2521
2540
3160
2522
2541
3161
2523
2542
3162
2524
2543
3163
2525
2544
3164
2526
2545
3165
2527
2546
3166
2528
2547
3167
2529
2548
3168
2530
2549
3169
2531
2550
3170
2532
2551
3171
2533
2552
3172
2534
2553
3173
2535
2554
3174
2536
2555
3175
2537
2556
3176
2538
2557
3177
2539
2558
3178
2559
3179
2541
3180
2542
3181
2543
3182
2544
3183
2545
3184
2546
3185
2547
3186
2548
3187
2549
3188
2550
3189
2551
3190
2552
3191
2553
3192
2554
3193
2555
3194
2556
3195
2557
3196
2558
3197
2559
3198
3199
2561
2580
3200
2562
2581
3201
2563
2582
3202
2564
2583
3203
2565
2584
3204
2566
2585
3205
2567
2586
3206
2568
2587
3207
2569
2588
3208
2570
2589
3209
2571
2590
3210
2572
2591
3211
2573
2592
3212
2574
2593
3213
2575
2594
3214
2576
2595
3215
2577
2596
3216
2578
2597
3217
2579
2598
3218
2599
3219
2581
2600
3220
2582
2601
3221
2583
2602
3222
2584
2603
3223
2585
2604
3224
2586
2605
3225
2587
2606
3226
2588
2607
3227
2589
2608
3228
2590
2609
3229
2591
2610
3230
2592
2611
3231
2593
2612
3232
2594
2613
3233
2595
2614
3234
2596
2615
3235
2597
2616
3236
2598
2617
3237
2599
2618
3238
2619
3239
2601
2620
3240
2602
2621
3241
2603
2622
3242
2604
2623
3243
2605
2624
3244
2606
2625
3245
2607
2626
3246
2608
2627
3247
2609
2628
3248
2610
2629
3249
2611
2630
3250
2612
2631
3251
2613
2632
3252
2614
2633
3253
2615
2634
3254
2616
2635
3255
2617
2636
3256
2618
2637
3257
2619
2638
3258
2639
3259
2621
2640
3260
2622
2641
3261
2623
2642
3262
2624
2643
3263
2625
2644
3264
2626
2645
3265
2627
2646
3266
2628
2647
3267
2629
2648
3268
2630
2649
3269
2631
2650
3270
2632
2651
3271
2633
2652
3272
2634
2653
3273
2635
2654
3274
2636
2655
3275
2637
2656
3276
2638
2657
3277
2639
2658
3278
2659
3279
2641
2660
3280
2642
2661
3281
2643
2662
3282
2644
2663
3283
2645
2664
3284
2646
2665
3285
2647
2666
3286
2648
2667
3287
2649
2668
3288
2650
2669
3289
2651
2670
3290
2652
2671
3291
2653
2672
3292
2654
2673
3293
2655
2674
3294
2656
2675
3295
2657
2676
3296
2658
2677
3297
2659
2678
3298
2679
3299
2661
2680
3300
2662
2681
3301
2663
2682
3302
2664
2683
3303
2665
2684
3304
2666
2685
3305
2667
2686
3306
2668
2687
3307
2669
2688
3308
2670
2689
3309
2671
2690
3310
2672
2691
3311
2673
2692
3312
2674
2693
3313
2675
2694
3314
2676
2695
3315
2677
2696
3316
2678
2697
3317
2679
2698
3318
2699
3319
2681
2700
3320
2682
2701
3321
2683
2702
3322
2684
2703
3323
2685
2704
3324
2686
2705
3325
2687
2706
3326
2688
2707
3327
2689
2708
3328
2690
2709
3329
2691
2710
3330
2692
2711
3331
2693
2712
3332
2694
2713
3333
2695
2714
3334
2696
2715
3335
2697
2716
3336
2698
2717
3337
2699
2718
3338
2719
3339
2701
2720
3340
2702
2721
3341
2703
2722
3342
2704
2723
3343
2705
2724
3344
2706
2725
3345
2707
2726
3346
2708
2727
3347
2709
2728
3348
2710
2729
3349
2711
2730
3350
2712
2731
3351
2713
2732
3352
2714
2733
3353
2715
2734
3354
2716
2735
3355
2717
2736
3356
2718
2737
3357
2719
2738
3358
2739
3359
2721
2740
3360
2722
2741
3361
2723
2742
3362
2724
2743
3363
2725
2744
3364
2726
2745
3365
2727
2746
3366
2728
2747
3367
2729
2748
3368
2730
2749
3369
2731
2750
3370
2732
2751
3371
2733
2752
3372
2734
2753
3373
2735
2754
3374
2736
2755
3375
2737
2756
3376
2738
2757
3377
2739
2758
3378
2759
3379
2741
2760
3380
2742
2761
3381
2743
2762
3382
2744
2763
3383
2745
2764
3384
2746
2765
3385
2747
2766
3386
2748
2767
3387
2749
2768
3388
2750
2769
3389
2751
2770
3390
2752
2771
3391
2753
2772
3392
2754
2773
3393
2755
2774
3394
2756
2775
3395
2757
2776
3396
2758
2777
3397
2759
2778
3398
2779
3399
2761
2780
3400
2762
2781
3401
2763
2782
3402
2764
2783
3403
2765
2784
3404
2766
2785
3405
2767
2786
3406
2768
2787
3407
2769
2788
3408
2770
2789
3409
2771
2790
3410
2772
2791
3411
2773
2792
3412
2774
2793
3413
2775
2794
3414
2776
2795
3415
2777
2796
3416
2778
2797
3417
2779
2798
3418
2799
3419
2781
2800
3420
2782
2801
3421
2783
2802
3422
2784
2803
3423
2785
2804
3424
2786
2805
3425
2787
2806
3426
2788
2807
3427
2789
2808
3428
2790
2809
3429
2791
2810
3430
2792
2811
3431
2793
2812
3432
2794
2813
3433
2795
2814
3434
2796
2815
3435
2797
2816
3436
2798
2817
3437
2799
2818
3438
2819
3439
2801
2820
3440
2802
2821
3441
2803
2822
3442
2804
2823
3443
2805
2824
3444
2806
2825
3445
2807
2826
3446
2808
2827
3447
2809
2828
3448
2810
2829
3449
2811
2830
3450
2812
2831
3451
2813
2832
3452
2814
2833
3453
2815
2834
3454
2816
2835
3455
2817
2836
3456
2818
2837
3457
2819
2838
3458
2839
3459
2821
2840
3460
2822
2841
3461
2823
2842
3462
2824
2843
3463
2825
2844
3464
2826
2845
3465
2827
2846
3466
2828
2847
3467
2829
2848
3468
2830
2849
3469
2831
2850
3470
2832
2851
3471
2833
2852
3472
2834
2853
3473
2835
2854
3474
2836
2855
3475
2837
2856
3476
2838
2857
3477
2839
2858
3478
2859
3479
2841
2860
3480
2842
2861
3481
2843
2862
3482
2844
2863
3483
2845
2864
3484
2846
2865
3485
2847
2866
3486
2848
2867
3487
2849
2868
3488
2850
2869
3489
2851
2870
3490
2852
2871
3491
2853
2872
3492
2854
2873
3493
2855
2874
3494
2856
2875
3495
2857
2876
3496
2858
2877
3497
2859
2878
3498
2879
3499
2861
2880
3500
2862
2881
3501
2863
2882
3502
2864
2883
3503
2865
2884
3504
2866
2885
3505
2867
2886
3506
2868
2887
3507
2869
2888
3508
2870
2889
3509
2871
2890
3510
2872
2891
3511
2873
2892
3512
2874
2893
3513
2875
2894
3514
2876
2895
3515
2877
2896
3516
2878
2897
3517
2879
2898
3518
2899
3519
2881
2900
3520
2882
2901
3521
2883
2902
3522
2884
2903
3523
2885
2904
3524
2886
2905
3525
2887
2906
3526
2888
2907
3527
2889
2908
3528
2890
2909
3529
2891
2910
3530
2892
2911
3531
2893
2912
3532
2894
2913
3533
2895
2914
3534
2896
2915
3535
2897
2916
3536
2898
2917
3537
2899
2918
3538
2919
3539
2901
2920
3540
2902
2921
3541
2903
2922
3542
2904
2923
3543
2905
2924
3544
2906
2925
3545
2907
2926
3546
2908
2927
3547
2909
2928
3548
2910
2929
3549
2911
2930
3550
2912
2931
3551
2913
2932
3552
2914
2933
3553
2915
2934
3554
2916
2935
3555
2917
2936
3556
2918
2937
3557
2919
2938
3558
2939
3559
2921
2940
3560
2922
2941
3561
2923
2942
3562
2924
2943
3563
2925
2944
3564
2926
2945
3565
2927
2946
3566
2928
2947
3567
2929
2948
3568
2930
2949
3569
2931
2950
3570
2932
2951
3571
2933
2952
3572
2934
2953
3573
2935
2954
3574
2936
2955
3575
2937
2956
3576
2938
2957
3577
2939
2958
3578
2959
3579
2941
2960
3580
2942
2961
3581
2943
2962
3582
2944
2963
3583
2945
2964
3584
2946
2965
3585
2947
2966
3586
2948
2967
3587
2949
2968
3588
2950
2969
3589
2951
2970
3590
2952
2971
3591
2953
2972
3592
2954
2973
3593
2955
2974
3594
2956
2975
3595
2957
2976
3596
2958
2977
3597
2959
2978
3598
2979
3599
2961
2980
3600
2962
2981
3601
2963
2982
3602
2964
2983
3603
2965
2984
3604
2966
2985
3605
2967
2986
3606
2968
2987
3607
2969
2988
3608
2970
2989
3609
2971
2990
3610
2972
2991
3611
2973
2992
3612
2974
2993
3613
2975
2994
3614
2976
2995
3615
2977
2996
3616
2978
2997
3617
2979
2998
3618
2999
3619
2981
3000
3620
2982
3001
3621
2983
3002
3622
2984
3003
3623
2985
3004
3624
2986
3005
3625
2987
3006
3626
2988
3007
3627
2989
3008
3628
2990
3009
3629
2991
3010
3630
2992
3011
3631
2993
3012
3632
2994
3013
3633
2995
3014
3634
2996
3015
3635
2997
3016
3636
2998
3017
3637
2999
3018
3638
3019
3639
3001
3020
3640
3002
3021
3641
3003
3022
3642
3004
3023
3643
3005
3024
3644
3006
3025
3645
3007
3026
3646
3008
3027
3647
3009
3028
3648
3010
3029
3649
3011
3030
3650
3012
3031
3651
3013
3032
3652
3014
3033
3653
3015
3034
3654
3016
3035
3655
3017
3036
3656
3018
3037
3657
3019
3038
3658
3039
3659
3021
3040
3660
3022
3041
3661
3023
3042
3662
3024
3043
3663
3025
3044
3664
3026
3045
3665
3027
3046
3666
3028
3047
3667
3029
3048
3668
3030
3049
3669
3031
3050
3670
3032
3051
3671
3033
3052
3672
3034
3053
3673
3035
3054
3674
3036
3055
3675
3037
3056
3676
3038
3057
3677
3039
3058
3678
3059
3679
3041
3060
3680
3042
3061
3681
3043
3062
3682
3044
3063
3683
3045
3064
3684
3046
3065
3685
3047
3066
3686
3048
3067
3687
3049
3068
3688
3050
3069
3689
3051
3070
3690
3052
3071
3691
3053
3072
3692
3054
3073
3693
3055
3074
3694
3056
3075
3695
3057
3076
3696
3058
3077
3697
3059
3078
3698
3079
3699
3061
3080
3700
3062
3081
3701
3063
3082
3702
3064
3083
3703
3065
3084
3704
3066
3085
3705
3067
3086
3706
3068
3087
3707
3069
3088
3708
3070
3089
3709
3071
3090
3710
3072
3091
3711
3073
3092
3712
3074
3093
3713
3075
3094
3714
3076
3095
3715
3077
3096
3716
3078
3097
3717
3079
3098
3718
3099
3719
3081
3100
3720
3082
3101
3721
3083
3102
3722
3084
3103
3723
3085
3104
3724
3086
3105
3725
3087
3106
3726
3088
3107
3727
3089
3108
3728
3090
3109
3729
3091
3110
3730
3092
3111
3731
3093
3112
3732
3094
3113
3733
3095
3114
3734
3096
3115
3735
3097
3116
3736
3098
3117
3737
3099
3118
3738
3119
3739
3101
3120
3740
3102
3121
3741
3103
3122
3742
3104
3123
3743
3105
3124
3744
3106
3125
3745
3107
3126
3746
3108
3127
3747
3109
3128
3748
3110
3129
3749
3111
3130
3750
3112
3131
3751
3113
3132
3752
3114
3133
3753
3115
3134
3754
3116
3135
3755
3117
3136
3756
3118
3137
3757
3119
3138
3758
3139
3759
3121
3140
3760
3122
3141
3761
3123
3142
3762
3124
3143
3763
3125
3144
3764
3126
3145
3765
3127
3146
3766
3128
3147
3767
3129
3148
3768
3130
3149
3769
3131
3150
3770
3132
3151
3771
3133
3152
3772
3134
3153
3773
3135
3154
3774
3136
3155
3775
3137
3156
3776
3138
3157
3777
3139
3158
3778
3159
3779
3141
3160
3780
3142
3161
3781
3143
3162
3782
3144
3163
3783
3145
3164
3784
3146
3165
3785
3147
3166
3786
3148
3167
3787
3149
3168
3788
3150
3169
3789
3151
3170
3790
3152
3171
3791
3153
3172
3792
3154
3173
3793
3155
3174
3794
3156
3175
3795
3157
3176
3796
3158
3177
3797
3159
3178
3798
3179
3799
3161
3180
3800
3162
3181
3801
3163
3182
3802
3164
3183
3803
3165
3184
3804
3166
3185
3805
3167
3186
3806
3168
3187
3807
3169
3188
3808
3170
3189
3809
3171
3190
3810
3172
3191
3811
3173
3192
3812
3174
3193
3813
3175
3194
3814
3176
3195
3815
3177
3196
3816
3178
3197
3817
3179
3198
3818
3199
3819
3181
3820
3182
3821
3183
3822
3184
3823
3185
3824
3186
3825
3187
3826
3188
3827
3189
3828
3190
3829
3191
3830
3192
3831
3193
3832
3194
3833
3195
3834
3196
3835
3197
3836
3198
3837
3199
3838
3839
3201
3220
3840
3202
3221
3841
3203
3222
3842
3204
3223
3843
3205
3224
3844
3206
3225
3845
3207
3226
3846
3208
3227
3847
3209
3228
3848
3210
3229
3849
3211
3230
3850
3212
3231
3851
3213
3232
3852
3214
3233
3853
3215
3234
3854
3216
3235
3855
3217
3236
3856
3218
3237
3857
3219
3238
3858
3239
3859
3221
3240
3860
3222
3241
3861
3223
3242
3862
3224
3243
3863
3225
3244
3864
3226
3245
3865
3227
3246
3866
3228
3247
3867
3229
3248
3868
3230
3249
3869
3231
3250
3870
3232
3251
3871
3233
3252
3872
3234
3253
3873
3235
3254
3874
3236
3255
3875
3237
3256
3876
3238
3257
3877
3239
3258
3878
3259
3879
3241
3260
3880
3242
3261
3881
3243
3262
3882
3244
3263
3883
3245
3264
3884
3246
3265
3885
3247
3266
3886
3248
3267
3887
3249
3268
3888
3250
3269
3889
3251
3270
3890
3252
3271
3891
3253
3272
3892
3254
3273
3893
3255
3274
3894
3256
3275
3895
3257
3276
3896
3258
3277
3897
3259
3278
3898
3279
3899
3261
3280
3900
3262
3281
3901
3263
3282
3902
3264
3283
3903
3265
3284
3904
3266
3285
3905
3267
3286
3906
3268
3287
3907
3269
3288
3908
3270
3289
3909
3271
3290
3910
3272
3291
3911
3273
3292
3912
3274
3293
3913
3275
3294
3914
3276
3295
3915
3277
3296
3916
3278
3297
3917
3279
3298
3918
3299
3919
3281
3300
3920
3282
3301
3921
3283
3302
3922
3284
3303
3923
3285
3304
3924
3286
3305
3925
3287
3306
3926
3288
3307
3927
3289
3308
3928
3290
3309
3929
3291
3310
3930
3292
3311
3931
3293
3312
3932
3294
3313
3933
3295
3314
3934
3296
3315
3935
3297
3316
3936
3298
3317
3937
3299
3318
3938
3319
3939
3301
3320
3940
3302
3321
3941
3303
3322
3942
3304
3323
3943
3305
3324
3944
3306
3325
3945
3307
3326
3946
3308
3327
3947
3309
3328
3948
3310
3329
3949
3311
3330
3950
3312
3331
3951
3313
3332
3952
3314
3333
3953
3315
3334
3954
3316
3335
3955
3317
3336
3956
3318
3337
3957
3319
3338
3958
3339
3959
3321
3340
3960
3322
3341
3961
3323
3342
3962
3324
3343
3963
3325
3344
3964
3326
3345
3965
3327
3346
3966
3328
3347
3967
3329
3348
3968
3330
3349
3969
3331
3350
3970
3332
3351
3971
3333
3352
3972
3334
3353
3973
3335
3354
3974
3336
3355
3975
3337
3356
3976
3338
3357
3977
3339
3358
3978
3359
3979
3341
3360
3980
3342
3361
3981
3343
3362
3982
3344
3363
3983
3345
3364
3984
3346
3365
3985
3347
3366
3986
3348
3367
3987
3349
3368
3988
3350
3369
3989
3351
3370
3990
3352
3371
3991
3353
3372
3992
3354
3373
3993
3355
3374
3994
3356
3375
3995
3357
3376
3996
3358
3377
3997
3359
3378
3998
3379
3999
3361
3380
4000
3362
3381
4001
3363
3382
4002
3364
3383
4003
3365
3384
4004
3366
3385
4005
3367
3386
4006
3368
3387
4007
3369
3388
4008
3370
3389
4009
3371
3390
4010
3372
3391
4011
3373
3392
4012
3374
3393
4013
3375
3394
4014
3376
3395
4015
3377
3396
4016
3378
3397
4017
3379
3398
4018
3399
4019
3381
3400
4020
3382
3401
4021
3383
3402
4022
3384
3403
4023
3385
3404
4024
3386
3405
4025
3387
3406
4026
3388
3407
4027
3389
3408
4028
3390
3409
4029
3391
3410
4030
3392
3411
4031
3393
3412
4032
3394
3413
4033
3395
3414
4034
3396
3415
4035
3397
3416
4036
3398
3417
4037
3399
3418
4038
3419
4039
3401
3420
4040
3402
3421
4041
3403
3422
4042
3404
3423
4043
3405
3424
4044
3406
3425
4045
3407
3426
4046
3408
3427
4047
3409
3428
4048
3410
3429
4049
3411
3430
4050
3412
3431
4051
3413
3432
4052
3414
3433
4053
3415
3434
4054
3416
3435
4055
3417
3436
4056
3418
3437
4057
3419
3438
4058
3439
4059
3421
3440
4060
3422
3441
4061
3423
3442
4062
3424
3443
4063
3425
3444
4064
3426
3445
4065
3427
3446
4066
3428
3447
4067
3429
3448
4068
3430
3449
4069
3431
3450
4070
3432
3451
4071
3433
3452
4072
3434
3453
4073
3435
3454
4074
3436
3455
4075
3437
3456
4076
3438
3457
4077
3439
3458
4078
3459
4079
3441
3460
4080
3442
3461
4081
3443
3462
4082
3444
3463
4083
3445
3464
4084
3446
3465
4085
3447
3466
4086
3448
3467
4087
3449
3468
4088
3450
3469
4089
3451
3470
4090
3452
3471
4091
3453
3472
4092
3454
3473
4093
3455
3474
4094
3456
3475
4095
3457
3476
4096
3458
3477
4097
3459
3478
4098
3479
4099
3461
3480
4100
3462
3481
4101
3463
3482
4102
3464
3483
4103
3465
3484
4104
3466
3485
4105
3467
3486
4106
3468
3487
4107
3469
3488
4108
3470
3489
4109
3471
3490
4110
3472
3491
4111
3473
3492
4112
3474
3493
4113
3475
3494
4114
3476
3495
4115
3477
3496
4116
3478
3497
4117
3479
3498
4118
3499
4119
3481
3500
4120
3482
3501
4121
3483
3502
4122
3484
3503
4123
3485
3504
4124
3486
3505
4125
3487
3506
4126
3488
3507
4127
3489
3508
4128
3490
3509
4129
3491
3510
4130
3492
3511
4131
3493
3512
4132
3494
3513
4133
3495
3514
4134
3496
3515
4135
3497
3516
4136
3498
3517
4137
3499
3518
4138
3519
4139
3501
3520
4140
3502
3521
4141
3503
3522
4142
3504
3523
4143
3505
3524
4144
3506
3525
4145
3507
3526
4146
3508
3527
4147
3509
3528
4148
3510
3529
4149
3511
3530
4150
3512
3531
4151
3513
3532
4152
3514
3533
4153
3515
3534
4154
3516
3535
4155
3517
3536
4156
3518
3537
4157
3519
3538
4158
3539
4159
3521
3540
4160
3522
3541
4161
3523
3542
4162
3524
3543
4163
3525
3544
4164
3526
3545
4165
3527
3546
4166
3528
3547
4167
3529
3548
4168
3530
3549
4169
3531
3550
4170
3532
3551
4171
3533
3552
4172
3534
3553
4173
3535
3554
4174
3536
3555
4175
3537
3556
4176
3538
3557
4177
3539
3558
4178
3559
4179
3541
3560
4180
3542
3561
4181
3543
3562
4182
3544
3563
4183
3545
3564
4184
3546
3565
4185
3547
3566
4186
3548
3567
4187
3549
3568
4188
3550
3569
4189
3551
3570
4190
3552
3571
4191
3553
3572
4192
3554
3573
4193
3555
3574
4194
3556
3575
4195
3557
3576
4196
3558
3577
4197
3559
3578
4198
3579
4199
3561
3580
4200
3562
3581
4201
3563
3582
4202
3564
3583
4203
3565
3584
4204
3566
3585
4205
3567
3586
4206
3568
3587
4207
3569
3588
4208
3570
3589
4209
3571
3590
4210
3572
3591
4211
3573
3592
4212
3574
3593
4213
3575
3594
4214
3576
3595
4215
3577
3596
4216
3578
3597
4217
3579
3598
4218
3599
4219
3581
3600
4220
3582
3601
4221
3583
3602
4222
3584
3603
4223
3585
3604
4224
3586
3605
4225
3587
3606
4226
3588
3607
4227
3589
3608
4228
3590
3609
4229
3591
3610
4230
3592
3611
4231
3593
3612
4232
3594
3613
4233
3595
3614
4234
3596
3615
4235
3597
3616
4236
3598
3617
4237
3599
3618
4238
3619
4239
3601
3620
4240
3602
3621
4241
3603
3622
4242
3604
3623
4243
3605
3624
4244
3606
3625
4245
3607
3626
4246
3608
3627
4247
3609
3628
4248
3610
3629
4249
3611
3630
4250
3612
3631
4251
3613
3632
4252
3614
3633
4253
3615
3634
4254
3616
3635
4255
3617
3636
4256
3618
3637
4257
3619
3638
4258
3639
4259
3621
3640
4260
3622
3641
4261
3623
3642
4262
3624
3643
4263
3625
3644
4264
3626
3645
4265
3627
3646
4266
3628
3647
4267
3629
3648
4268
3630
3649
4269
3631
3650
4270
3632
3651
4271
3633
3652
4272
3634
3653
4273
3635
3654
4274
3636
3655
4275
3637
3656
4276
3638
3657
4277
3639
3658
4278
3659
4279
3641
3660
4280
3642
3661
4281
3643
3662
4282
3644
3663
4283
3645
3664
4284
3646
3665
4285
3647
3666
4286
3648
3667
4287
3649
3668
4288
3650
3669
4289
3651
3670
4290
3652
3671
4291
3653
3672
4292
3654
3673
4293
3655
3674
4294
3656
3675
4295
3657
3676
4296
3658
3677
4297
3659
3678
4298
3679
4299
3661
3680
4300
3662
3681
4301
3663
3682
4302
3664
3683
4303
3665
3684
4304
3666
3685
4305
3667
3686
4306
3668
3687
4307
3669
3688
4308
3670
3689
4309
3671
3690
4310
3672
3691
4311
3673
3692
4312
3674
3693
4313
3675
3694
4314
3676
3695
4315
3677
3696
4316
3678
3697
4317
3679
3698
4318
3699
4319
3681
3700
4320
3682
3701
4321
3683
3702
4322
3684
3703
4323
3685
3704
4324
3686
3705
4325
3687
3706
4326
3688
3707
4327
3689
3708
4328
3690
3709
4329
3691
3710
4330
3692
3711
4331
3693
3712
4332
3694
3713
4333
3695
3714
4334
3696
3715
4335
3697
3716
4336
3698
3717
4337
3699
3718
4338
3719
4339
3701
3720
4340
3702
3721
4341
3703
3722
4342
3704
3723
4343
3705
3724
4344
3706
3725
4345
3707
3726
4346
3708
3727
4347
3709
3728
4348
3710
3729
4349
3711
3730
4350
3712
3731
4351
3713
3732
4352
3714
3733
4353
3715
3734
4354
3716
3735
4355
3717
3736
4356
3718
3737
4357
3719
3738
4358
3739
4359
3721
3740
4360
3722
3741
4361
3723
3742
4362
3724
3743
4363
3725
3744
4364
3726
3745
4365
3727
3746
4366
3728
3747
4367
3729
3748
4368
3730
3749
4369
3731
3750
4370
3732
3751
4371
3733
3752
4372
3734
3753
4373
3735
3754
4374
3736
3755
4375
3737
3756
4376
3738
3757
4377
3739
3758
4378
3759
4379
3741
3760
4380
3742
3761
4381
3743
3762
4382
3744
3763
4383
3745
3764
4384
3746
3765
4385
3747
3766
4386
3748
3767
4387
3749
3768
4388
3750
3769
4389
3751
3770
4390
3752
3771
4391
3753
3772
4392
3754
3773
4393
3755
3774
4394
3756
3775
4395
3757
3776
4396
3758
3777
4397
3759
3778
4398
3779
4399
3761
3780
4400
3762
3781
4401
3763
3782
4402
3764
3783
4403
3765
3784
4404
3766
3785
4405
3767
3786
4406
3768
3787
4407
3769
3788
4408
3770
3789
4409
3771
3790
4410
3772
3791
4411
3773
3792
4412
3774
3793
4413
3775
3794
4414
3776
3795
4415
3777
3796
4416
3778
3797
4417
3779
3798
4418
3799
4419
3781
3800
4420
3782
3801
4421
3783
3802
4422
3784
3803
4423
3785
3804
4424
3786
3805
4425
3787
3806
4426
3788
3807
4427
3789
3808
4428
3790
3809
4429
3791
3810
4430
3792
3811
4431
3793
3812
4432
3794
3813
4433
3795
3814
4434
3796
3815
4435
3797
3816
4436
3798
3817
4437
3799
3818
4438
3819
4439
3801
3820
4440
3802
3821
4441
3803
3822
4442
3804
3823
4443
3805
3824
4444
3806
3825
4445
3807
3826
4446
3808
3827
4447
3809
3828
4448
3810
3829
4449
3811
3830
4450
3812
3831
4451
3813
3832
4452
3814
3833
4453
3815
3834
4454
3816
3835
4455
3817
3836
4456
3818
3837
4457
3819
3838
4458
3839
4459
3821
4460
3822
4461
3823
4462
3824
4463
3825
4464
3826
4465
3827
4466
3828
4467
3829
4468
3830
4469
3831
4470
3832
4471
3833
4472
3834
4473
3835
4474
3836
4475
3837
4476
3838
4477
3839
4478
4479
3841
3860
4480
3842
3861
4481
3843
3862
4482
3844
3863
4483
3845
3864
4484
3846
3865
4485
3847
3866
4486
3848
3867
4487
3849
3868
4488
3850
3869
4489
3851
3870
4490
3852
3871
4491
3853
3872
4492
3854
3873
4493
3855
3874
4494
3856
3875
4495
3857
3876
4496
3858
3877
4497
3859
3878
4498
3879
4499
3861
3880
4500
3862
3881
4501
3863
3882
4502
3864
3883
4503
3865
3884
4504
3866
3885
4505
3867
3886
4506
3868
3887
4507
3869
3888
4508
3870
3889
4509
3871
3890
4510
3872
3891
4511
3873
3892
4512
3874
3893
4513
3875
3894
4514
3876
3895
4515
3877
3896
4516
3878
3897
4517
3879
3898
4518
3899
4519
3881
3900
4520
3882
3901
4521
3883
3902
4522
3884
3903
4523
3885
3904
4524
3886
3905
4525
3887
3906
4526
3888
3907
4527
3889
3908
4528
3890
3909
4529
3891
3910
4530
3892
3911
4531
3893
3912
4532
3894
3913
4533
3895
3914
4534
3896
3915
4535
3897
3916
4536
3898
3917
4537
3899
3918
4538
3919
4539
3901
3920
4540
3902
3921
4541
3903
3922
4542
3904
3923
4543
3905
3924
4544
3906
3925
4545
3907
3926
4546
3908
3927
4547
3909
3928
4548
3910
3929
4549
3911
3930
4550
3912
3931
4551
3913
3932
4552
3914
3933
4553
3915
3934
4554
3916
3935
4555
3917
3936
4556
3918
3937
4557
3919
3938
4558
3939
4559
3921
3940
4560
3922
3941
4561
3923
3942
4562
3924
3943
4563
3925
3944
4564
3926
3945
4565
3927
3946
4566
3928
3947
4567
3929
3948
4568
3930
3949
4569
3931
3950
4570
3932
3951
4571
3933
3952
4572
3934
3953
4573
3935
3954
4574
3936
3955
4575
3937
3956
4576
3938
3957
4577
3939
3958
4578
3959
4579
3941
3960
4580
3942
3961
4581
3943
3962
4582
3944
3963
4583
3945
3964
4584
3946
3965
4585
3947
3966
4586
3948
3967
4587
3949
3968
4588
3950
3969
4589
3951
3970
4590
3952
3971
4591
3953
3972
4592
3954
3973
4593
3955
3974
4594
3956
3975
4595
3957
3976
4596
3958
3977
4597
3959
3978
4598
3979
4599
3961
3980
4600
3962
3981
4601
3963
3982
4602
3964
3983
4603
3965
3984
4604
3966
3985
4605
3967
3986
4606
3968
3987
4607
3969
3988
4608
3970
3989
4609
3971
3990
4610
3972
3991
4611
3973
3992
4612
3974
3993
4613
3975
3994
4614
3976
3995
4615
3977
3996
4616
3978
3997
4617
3979
3998
4618
3999
4619
3981
4000
4620
3982
4001
4621
3983
4002
4622
3984
4003
4623
3985
4004
4624
3986
4005
4625
3987
4006
4626
3988
4007
4627
3989
4008
4628
3990
4009
4629
3991
4010
4630
3992
4011
4631
3993
4012
4632
3994
4013
4633
3995
4014
4634
3996
4015
4635
3997
4016
4636
3998
4017
4637
3999
4018
4638
4019
4639
4001
4020
4640
4002
4021
4641
4003
4022
4642
4004
4023
4643
4005
4024
4644
4006
4025
4645
4007
4026
4646
4008
4027
4647
4009
4028
4648
4010
4029
4649
4011
4030
4650
4012
4031
4651
4013
4032
4652
4014
4033
4653
4015
4034
4654
4016
4035
4655
4017
4036
4656
4018
4037
4657
4019
4038
4658
4039
4659
4021
4040
4660
4022
4041
4661
4023
4042
4662
4024
4043
4663
4025
4044
4664
4026
4045
4665
4027
4046
4666
4028
4047
4667
4029
4048
4668
4030
4049
4669
4031
4050
4670
4032
4051
4671
4033
4052
4672
4034
4053
4673
4035
4054
4674
4036
4055
4675
4037
4056
4676
4038
4057
4677
4039
4058
4678
4059
4679
4041
4060
4680
4042
4061
4681
4043
4062
4682
4044
4063
4683
4045
4064
4684
4046
4065
4685
4047
4066
4686
4048
4067
4687
4049
4068
4688
4050
4069
4689
4051
4070
4690
4052
4071
4691
4053
4072
4692
4054
4073
4693
4055
4074
4694
4056
4075
4695
4057
4076
4696
4058
4077
4697
4059
4078
4698
4079
4699
4061
4080
4700
4062
4081
4701
4063
4082
4702
4064
4083
4703
4065
4084
4704
4066
4085
4705
4067
4086
4706
4068
4087
4707
4069
4088
4708
4070
4089
4709
4071
4090
4710
4072
4091
4711
4073
4092
4712
4074
4093
4713
4075
4094
4714
4076
4095
4715
4077
4096
4716
4078
4097
4717
4079
4098
4718
4099
4719
4081
4100
4720
4082
4101
4721
4083
4102
4722
4084
4103
4723
4085
4104
4724
4086
4105
4725
4087
4106
4726
4088
4107
4727
4089
4108
4728
4090
4109
4729
4091
4110
4730
4092
4111
4731
4093
4112
4732
4094
4113
4733
4095
4114
4734
4096
4115
4735
4097
4116
4736
4098
4117
4737
4099
4118
4738
4119
4739
4101
4120
4740
4102
4121
4741
4103
4122
4742
4104
4123
4743
4105
4124
4744
4106
4125
4745
4107
4126
4746
4108
4127
4747
4109
4128
4748
4110
4129
4749
4111
4130
4750
4112
4131
4751
4113
4132
4752
4114
4133
4753
4115
4134
4754
4116
4135
4755
4117
4136
4756
4118
4137
4757
4119
4138
4758
4139
4759
4121
4140
4760
4122
4141
4761
4123
4142
4762
4124
4143
4763
4125
4144
4764
4126
4145
4765
4127
4146
4766
4128
4147
4767
4129
4148
4768
4130
4149
4769
4131
4150
4770
4132
4151
4771
4133
4152
4772
4134
4153
4773
4135
4154
4774
4136
4155
4775
4137
4156
4776
4138
4157
4777
4139
4158
4778
4159
4779
4141
4160
4780
4142
4161
4781
4143
4162
4782
4144
4163
4783
4145
4164
4784
4146
4165
4785
4147
4166
4786
4148
4167
4787
4149
4168
4788
4150
4169
4789
4151
4170
4790
4152
4171
4791
4153
4172
4792
4154
4173
4793
4155
4174
4794
4156
4175
4795
4157
4176
4796
4158
4177
4797
4159
4178
4798
4179
4799
4161
4180
4800
4162
4181
4801
4163
4182
4802
4164
4183
4803
4165
4184
4804
4166
4185
4805
4167
4186
4806
4168
4187
4807
4169
4188
4808
4170
4189
4809
4171
4190
4810
4172
4191
4811
4173
4192
4812
4174
4193
4813
4175
4194
4814
4176
4195
4815
4177
4196
4816
4178
4197
4817
4179
4198
4818
4199
4819
4181
4200
4820
4182
4201
4821
4183
4202
4822
4184
4203
4823
4185
4204
4824
4186
4205
4825
4187
4206
4826
4188
4207
4827
4189
4208
4828
4190
4209
4829
4191
4210
4830
4192
4211
4831
4193
4212
4832
4194
4213
4833
4195
4214
4834
4196
4215
4835
4197
4216
4836
4198
4217
4837
4199
4218
4838
4219
4839
4201
4220
4840
4202
4221
4841
4203
4222
4842
4204
4223
4843
4205
4224
4844
4206
4225
4845
4207
4226
4846
4208
4227
4847
4209
4228
4848
4210
4229
4849
4211
4230
4850
4212
4231
4851
4213
4232
4852
4214
4233
4853
4215
4234
4854
4216
4235
4855
4217
4236
4856
4218
4237
4857
4219
4238
4858
4239
4859
4221
4240
4860
4222
4241
4861
4223
4242
4862
4224
4243
4863
4225
4244
4864
4226
4245
4865
4227
4246
4866
4228
4247
4867
4229
4248
4868
4230
4249
4869
4231
4250
4870
4232
4251
4871
4233
4252
4872
4234
4253
4873
4235
4254
4874
4236
4255
4875
4237
4256
4876
4238
4257
4877
4239
4258
4878
4259
4879
4241
4260
4880
4242
4261
4881
4243
4262
4882
4244
4263
4883
4245
4264
4884
4246
4265
4885
4247
4266
4886
4248
4267
4887
4249
4268
4888
4250
4269
4889
4251
4270
4890
4252
4271
4891
4253
4272
4892
4254
4273
4893
4255
4274
4894
4256
4275
4895
4257
4276
4896
4258
4277
4897
4259
4278
4898
4279
4899
4261
4280
4900
4262
4281
4901
4263
4282
4902
4264
4283
4903
4265
4284
4904
4266
4285
4905
4267
4286
4906
4268
4287
4907
4269
4288
4908
4270
4289
4909
4271
4290
4910
4272
4291
4911
4273
4292
4912
4274
4293
4913
4275
4294
4914
4276
4295
4915
4277
4296
4916
4278
4297
4917
4279
4298
4918
4299
4919
4281
4300
4920
4282
4301
4921
4283
4302
4922
4284
4303
4923
4285
4304
4924
4286
4305
4925
4287
4306
4926
4288
4307
4927
4289
4308
4928
4290
4309
4929
4291
4310
4930
4292
4311
4931
4293
4312
4932
4294
4313
4933
4295
4314
4934
4296
4315
4935
4297
4316
4936
4298
4317
4937
4299
4318
4938
4319
4939
4301
4320
4940
4302
4321
4941
4303
4322
4942
4304
4323
4943
4305
4324
4944
4306
4325
4945
4307
4326
4946
4308
4327
4947
4309
4328
4948
4310
4329
4949
4311
4330
4950
4312
4331
4951
4313
4332
4952
4314
4333
4953
4315
4334
4954
4316
4335
4955
4317
4336
4956
4318
4337
4957
4319
4338
4958
4339
4959
4321
4340
4960
4322
4341
4961
4323
4342
4962
4324
4343
4963
4325
4344
4964
4326
4345
4965
4327
4346
4966
4328
4347
4967
4329
4348
4968
4330
4349
4969
4331
4350
4970
4332
4351
4971
4333
4352
4972
4334
4353
4973
4335
4354
4974
4336
4355
4975
4337
4356
4976
4338
4357
4977
4339
4358
4978
4359
4979
4341
4360
4980
4342
4361
4981
4343
4362
4982
4344
4363
4983
4345
4364
4984
4346
4365
4985
4347
4366
4986
4348
4367
4987
4349
4368
4988
4350
4369
4989
4351
4370
4990
4352
4371
4991
4353
4372
4992
4354
4373
4993
4355
4374
4994
4356
4375
4995
4357
4376
4996
4358
4377
4997
4359
4378
4998
4379
4999
4361
4380
5000
4362
4381
5001
4363
4382
5002
4364
4383
5003
4365
4384
5004
4366
4385
5005
4367
4386
5006
4368
4387
5007
4369
4388
5008
4370
4389
5009
4371
4390
5010
4372
4391
5011
4373
4392
5012
4374
4393
5013
4375
4394
5014
4376
4395
5015
4377
4396
5016
4378
4397
5017
4379
4398
5018
4399
5019
4381
4400
5020
4382
4401
5021
4383
4402
5022
4384
4403
5023
4385
4404
5024
4386
4405
5025
4387
4406
5026
4388
4407
5027
4389
4408
5028
4390
4409
5029
4391
4410
5030
4392
4411
5031
4393
4412
5032
4394
4413
5033
4395
4414
5034
4396
4415
5035
4397
4416
5036
4398
4417
5037
4399
4418
5038
4419
5039
4401
4420
5040
4402
4421
5041
4403
4422
5042
4404
4423
5043
4405
4424
5044
4406
4425
5045
4407
4426
5046
4408
4427
5047
4409
4428
5048
4410
4429
5049
4411
4430
5050
4412
4431
5051
4413
4432
5052
4414
4433
5053
4415
4434
5054
4416
4435
5055
4417
4436
5056
4418
4437
5057
4419
4438
5058
4439
5059
4421
4440
5060
4422
4441
5061
4423
4442
5062
4424
4443
5063
4425
4444
5064
4426
4445
5065
4427
4446
5066
4428
4447
5067
4429
4448
5068
4430
4449
5069
4431
4450
5070
4432
4451
5071
4433
4452
5072
4434
4453
5073
4435
4454
5074
4436
4455
5075
4437
4456
5076
4438
4457
5077
4439
4458
5078
4459
5079
4441
4460
5080
4442
4461
5081
4443
4462
5082
4444
4463
5083
4445
4464
5084
4446
4465
5085
4447
4466
5086
4448
4467
5087
4449
4468
5088
4450
4469
5089
4451
4470
5090
4452
4471
5091
4453
4472
5092
4454
4473
5093
4455
4474
5094
4456
4475
5095
4457
4476
5096
4458
4477
5097
4459
4478
5098
4479
5099
4461
5100
4462
5101
4463
5102
4464
5103
4465
5104
4466
5105
4467
5106
4468
5107
4469
5108
4470
5109
4471
5110
4472
5111
4473
5112
4474
5113
4475
5114
4476
5115
4477
5116
4478
5117
4479
5118
5119
4481
4500
5120
4482
4501
5121
4483
4502
5122
4484
4503
5123
4485
4504
5124
4486
4505
5125
4487
4506
5126
4488
4507
5127
4489
4508
5128
4490
4509
5129
4491
4510
5130
4492
4511
5131
4493
4512
5132
4494
4513
5133
4495
4514
5134
4496
4515
5135
4497
4516
5136
4498
4517
5137
4499
4518
5138
4519
5139
4501
4520
5140
4502
4521
5141
4503
4522
5142
4504
4523
5143
4505
4524
5144
4506
4525
5145
4507
4526
5146
4508
4527
5147
4509
4528
5148
4510
4529
5149
4511
4530
5150
4512
4531
5151
4513
4532
5152
4514
4533
5153
4515
4534
5154
4516
4535
5155
4517
4536
5156
4518
4537
5157
4519
4538
5158
4539
5159
4521
4540
5160
4522
4541
5161
4523
4542
5162
4524
4543
5163
4525
4544
5164
4526
4545
5165
4527
4546
5166
4528
4547
5167
4529
4548
5168
4530
4549
5169
4531
4550
5170
4532
4551
5171
4533
4552
5172
4534
4553
5173
4535
4554
5174
4536
4555
5175
4537
4556
5176
4538
4557
5177
4539
4558
5178
4559
5179
4541
4560
5180
4542
4561
5181
4543
4562
5182
4544
4563
5183
4545
4564
5184
4546
4565
5185
4547
4566
5186
4548
4567
5187
4549
4568
5188
4550
4569
5189
4551
4570
5190
4552
4571
5191
4553
4572
5192
4554
4573
5193
4555
4574
5194
4556
4575
5195
4557
4576
5196
4558
4577
5197
4559
4578
5198
4579
5199
4561
4580
5200
4562
4581
5201
4563
4582
5202
4564
4583
5203
4565
4584
5204
4566
4585
5205
4567
4586
5206
4568
4587
5207
4569
4588
5208
4570
4589
5209
4571
4590
5210
4572
4591
5211
4573
4592
5212
4574
4593
5213
4575
4594
5214
4576
4595
5215
4577
4596
5216
4578
4597
5217
4579
4598
5218
4599
5219
4581
4600
5220
4582
4601
5221
4583
4602
5222
4584
4603
5223
4585
4604
5224
4586
4605
5225
4587
4606
5226
4588
4607
5227
4589
4608
5228
4590
4609
5229
4591
4610
5230
4592
4611
5231
4593
4612
5232
4594
4613
5233
4595
4614
5234
4596
4615
5235
4597
4616
5236
4598
4617
5237
4599
4618
5238
4619
5239
4601
4620
5240
4602
4621
5241
4603
4622
5242
4604
4623
5243
4605
4624
5244
4606
4625
5245
4607
4626
5246
4608
4627
5247
4609
4628
5248
4610
4629
5249
4611
4630
5250
4612
4631
5251
4613
4632
5252
4614
4633
5253
4615
4634
5254
4616
4635
5255
4617
4636
5256
4618
4637
5257
4619
4638
5258
4639
5259
4621
4640
5260
4622
4641
5261
4623
4642
5262
4624
4643
5263
4625
4644
5264
4626
4645
5265
4627
4646
5266
4628
4647
5267
4629
4648
5268
4630
4649
5269
4631
4650
5270
4632
4651
5271
4633
4652
5272
4634
4653
5273
4635
4654
5274
4636
4655
5275
4637
4656
5276
4638
4657
5277
4639
4658
5278
4659
5279
4641
4660
5280
4642
4661
5281
4643
4662
5282
4644
4663
5283
4645
4664
5284
4646
4665
5285
4647
4666
5286
4648
4667
5287
4649
4668
5288
4650
4669
5289
4651
4670
5290
4652
4671
5291
4653
4672
5292
4654
4673
5293
4655
4674
5294
4656
4675
5295
4657
4676
5296
4658
4677
5297
4659
4678
5298
4679
5299
4661
4680
5300
4662
4681
5301
4663
4682
5302
4664
4683
5303
4665
4684
5304
4666
4685
5305
4667
4686
5306
4668
4687
5307
4669
4688
5308
4670
4689
5309
4671
4690
5310
4672
4691
5311
4673
4692
5312
4674
4693
5313
4675
4694
5314
4676
4695
5315
4677
4696
5316
4678
4697
5317
4679
4698
5318
4699
5319
4681
4700
5320
4682
4701
5321
4683
4702
5322
4684
4703
5323
4685
4704
5324
4686
4705
5325
4687
4706
5326
4688
4707
5327
4689
4708
5328
4690
4709
5329
4691
4710
5330
4692
4711
5331
4693
4712
5332
4694
4713
5333
4695
4714
5334
4696
4715
5335
4697
4716
5336
4698
4717
5337
4699
4718
5338
4719
5339
4701
4720
5340
4702
4721
5341
4703
4722
5342
4704
4723
5343
4705
4724
5344
4706
4725
5345
4707
4726
5346
4708
4727
5347
4709
4728
5348
4710
4729
5349
4711
4730
5350
4712
4731
5351
4713
4732
5352
4714
4733
5353
4715
4734
5354
4716
4735
5355
4717
4736
5356
4718
4737
5357
4719
4738
5358
4739
5359
4721
4740
5360
4722
4741
5361
4723
4742
5362
4724
4743
5363
4725
4744
5364
4726
4745
5365
4727
4746
5366
4728
4747
5367
4729
4748
5368
4730
4749
5369
4731
4750
5370
4732
4751
5371
4733
4752
5372
4734
4753
5373
4735
4754
5374
4736
4755
5375
4737
4756
5376
4738
4757
5377
4739
4758
5378
4759
5379
4741
4760
5380
4742
4761
5381
4743
4762
5382
4744
4763
5383
4745
4764
5384
4746
4765
5385
4747
4766
5386
4748
4767
5387
4749
4768
5388
4750
4769
5389
4751
4770
5390
4752
4771
5391
4753
4772
5392
4754
4773
5393
4755
4774
5394
4756
4775
5395
4757
4776
5396
4758
4777
5397
4759
4778
5398
4779
5399
4761
4780
5400
4762
4781
5401
4763
4782
5402
4764
4783
5403
4765
4784
5404
4766
4785
5405
4767
4786
5406
4768
4787
5407
4769
4788
5408
4770
4789
5409
4771
4790
5410
4772
4791
5411
4773
4792
5412
4774
4793
5413
4775
4794
5414
4776
4795
5415
4777
4796
5416
4778
4797
5417
4779
4798
5418
4799
5419
4781
4800
5420
4782
4801
5421
4783
4802
5422
4784
4803
5423
4785
4804
5424
4786
4805
5425
4787
4806
5426
4788
4807
5427
4789
4808
5428
4790
4809
5429
4791
4810
5430
4792
4811
5431
4793
4812
5432
4794
4813
5433
4795
4814
5434
4796
4815
5435
4797
4816
5436
4798
4817
5437
4799
4818
5438
4819
5439
4801
4820
5440
4802
4821
5441
4803
4822
5442
4804
4823
5443
4805
4824
5444
4806
4825
5445
4807
4826
5446
4808
4827
5447
4809
4828
5448
4810
4829
5449
4811
4830
5450
4812
4831
5451
4813
4832
5452
4814
4833
5453
4815
4834
5454
4816
4835
5455
4817
4836
5456
4818
4837
5457
4819
4838
5458
4839
5459
4821
4840
5460
4822
4841
5461
4823
4842
5462
4824
4843
5463
4825
4844
5464
4826
4845
5465
4827
4846
5466
4828
4847
5467
4829
4848
5468
4830
4849
5469
4831
4850
5470
4832
4851
5471
4833
4852
5472
4834
4853
5473
4835
4854
5474
4836
4855
5475
4837
4856
5476
4838
4857
5477
4839
4858
5478
4859
5479
4841
4860
5480
4842
4861
5481
4843
4862
5482
4844
4863
5483
4845
4864
5484
4846
4865
5485
4847
4866
5486
4848
4867
5487
4849
4868
5488
4850
4869
5489
4851
4870
5490
4852
4871
5491
4853
4872
5492
4854
4873
5493
4855
4874
5494
4856
4875
5495
4857
4876
5496
4858
4877
5497
4859
4878
5498
4879
5499
4861
4880
5500
4862
4881
5501
4863
4882
5502
4864
4883
5503
4865
4884
5504
4866
4885
5505
4867
4886
5506
4868
4887
5507
4869
4888
5508
4870
4889
5509
4871
4890
5510
4872
4891
5511
4873
4892
5512
4874
4893
5513
4875
4894
5514
4876
4895
5515
4877
4896
5516
4878
4897
5517
4879
4898
5518
4899
5519
4881
4900
5520
4882
4901
5521
4883
4902
5522
4884
4903
5523
4885
4904
5524
4886
4905
5525
4887
4906
5526
4888
4907
5527
4889
4908
5528
4890
4909
5529
4891
4910
5530
4892
4911
5531
4893
4912
5532
4894
4913
5533
4895
4914
5534
4896
4915
5535
4897
4916
5536
4898
4917
5537
4899
4918
5538
4919
5539
4901
4920
5540
4902
4921
5541
4903
4922
5542
4904
4923
5543
4905
4924
5544
4906
4925
5545
4907
4926
5546
4908
4927
5547
4909
4928
5548
4910
4929
5549
4911
4930
5550
4912
4931
5551
4913
4932
5552
4914
4933
5553
4915
4934
5554
4916
4935
5555
4917
4936
5556
4918
4937
5557
4919
4938
5558
4939
5559
4921
4940
5560
4922
4941
5561
4923
4942
5562
4924
4943
5563
4925
4944
5564
4926
4945
5565
4927
4946
5566
4928
4947
5567
4929
4948
5568
4930
4949
5569
4931
4950
5570
4932
4951
5571
4933
4952
5572
4934
4953
5573
4935
4954
5574
4936
4955
5575
4937
4956
5576
4938
4957
5577
4939
4958
5578
4959
5579
4941
4960
5580
4942
4961
5581
4943
4962
5582
4944
4963
5583
4945
4964
5584
4946
4965
5585
4947
4966
5586
4948
4967
5587
4949
4968
5588
4950
4969
5589
4951
4970
5590
4952
4971
5591
4953
4972
5592
4954
4973
5593
4955
4974
5594
4956
4975
5595
4957
4976
5596
4958
4977
5597
4959
4978
5598
4979
5599
4961
4980
5600
4962
4981
5601
4963
4982
5602
4964
4983
5603
4965
4984
5604
4966
4985
5605
4967
4986
5606
4968
4987
5607
4969
4988
5608
4970
4989
5609
4971
4990
5610
4972
4991
5611
4973
4992
5612
4974
4993
5613
4975
4994
5614
4976
4995
5615
4977
4996
5616
4978
4997
5617
4979
4998
5618
4999
5619
4981
5000
5620
4982
5001
5621
4983
5002
5622
4984
5003
5623
4985
5004
5624
4986
5005
5625
4987
5006
5626
4988
5007
5627
4989
5008
5628
4990
5009
5629
4991
5010
5630
4992
5011
5631
4993
5012
5632
4994
5013
5633
4995
5014
5634
4996
5015
5635
4997
5016
5636
4998
5017
5637
4999
5018
5638
5019
5639
5001
5020
5640
5002
5021
5641
5003
5022
5642
5004
5023
5643
5005
5024
5644
5006
5025
5645
5007
5026
5646
5008
5027
5647
5009
5028
5648
5010
5029
5649
5011
5030
5650
5012
5031
5651
5013
5032
5652
5014
5033
5653
5015
5034
5654
5016
5035
5655
5017
5036
5656
5018
5037
5657
5019
5038
5658
5039
5659
5021
5040
5660
5022
5041
5661
5023
5042
5662
5024
5043
5663
5025
5044
5664
5026
5045
5665
5027
5046
5666
5028
5047
5667
5029
5048
5668
5030
5049
5669
5031
5050
5670
5032
5051
5671
5033
5052
5672
5034
5053
5673
5035
5054
5674
5036
5055
5675
5037
5056
5676
5038
5057
5677
5039
5058
5678
5059
5679
5041
5060
5680
5042
5061
5681
5043
5062
5682
5044
5063
5683
5045
5064
5684
5046
5065
5685
5047
5066
5686
5048
5067
5687
5049
5068
5688
5050
5069
5689
5051
5070
5690
5052
5071
5691
5053
5072
5692
5054
5073
5693
5055
5074
5694
5056
5075
5695
5057
5076
5696
5058
5077
5697
5059
5078
5698
5079
5699
5061
5080
5700
5062
5081
5701
5063
5082
5702
5064
5083
5703
5065
5084
5704
5066
5085
5705
5067
5086
5706
5068
5087
5707
5069
5088
5708
5070
5089
5709
5071
5090
5710
5072
5091
5711
5073
5092
5712
5074
5093
5713
5075
5094
5714
5076
5095
5715
5077
5096
5716
5078
5097
5717
5079
5098
5718
5099
5719
5081
5100
5720
5082
5101
5721
5083
5102
5722
5084
5103
5723
5085
5104
5724
5086
5105
5725
5087
5106
5726
5088
5107
5727
5089
5108
5728
5090
5109
5729
5091
5110
5730
5092
5111
5731
5093
5112
5732
5094
5113
5733
5095
5114
5734
5096
5115
5735
5097
5116
5736
5098
5117
5737
5099
5118
5738
5119
5739
5101
5740
5102
5741
5103
5742
5104
5743
5105
5744
5106
5745
5107
5746
5108
5747
5109
5748
5110
5749
5111
5750
5112
5751
5113
5752
5114
5753
5115
5754
5116
5755
5117
5756
5118
5757
5119
5758
5759
5121
5140
5760
5122
5141
5761
5123
5142
5762
5124
5143
5763
5125
5144
5764
5126
5145
5765
5127
5146
5766
5128
5147
5767
5129
5148
5768
5130
5149
5769
5131
5150
5770
5132
5151
5771
5133
5152
5772
5134
5153
5773
5135
5154
5774
5136
5155
5775
5137
5156
5776
5138
5157
5777
5139
5158
5778
5159
5779
5141
5160
5780
5142
5161
5781
5143
5162
5782
5144
5163
5783
5145
5164
5784
5146
5165
5785
5147
5166
5786
5148
5167
5787
5149
5168
5788
5150
5169
5789
5151
5170
5790
5152
5171
5791
5153
5172
5792
5154
5173
5793
5155
5174
5794
5156
5175
5795
5157
5176
5796
5158
5177
5797
5159
5178
5798
5179
5799
5161
5180
5800
5162
5181
5801
5163
5182
5802
5164
5183
5803
5165
5184
5804
5166
5185
5805
5167
5186
5806
5168
5187
5807
5169
5188
5808
5170
5189
5809
5171
5190
5810
5172
5191
5811
5173
5192
5812
5174
5193
5813
5175
5194
5814
5176
5195
5815
5177
5196
5816
5178
5197
5817
5179
5198
5818
5199
5819
5181
5200
5820
5182
5201
5821
5183
5202
5822
5184
5203
5823
5185
5204
5824
5186
5205
5825
5187
5206
5826
5188
5207
5827
5189
5208
5828
5190
5209
5829
5191
5210
5830
5192
5211
5831
5193
5212
5832
5194
5213
5833
5195
5214
5834
5196
5215
5835
5197
5216
5836
5198
5217
5837
5199
5218
5838
5219
5839
5201
5220
5840
5202
5221
5841
5203
5222
5842
5204
5223
5843
5205
5224
5844
5206
5225
5845
5207
5226
5846
5208
5227
5847
5209
5228
5848
5210
5229
5849
5211
5230
5850
5212
5231
5851
5213
5232
5852
5214
5233
5853
5215
5234
5854
5216
5235
5855
5217
5236
5856
5218
5237
5857
5219
5238
5858
5239
5859
5221
5240
5860
5222
5241
5861
5223
5242
5862
5224
5243
5863
5225
5244
5864
5226
5245
5865
5227
5246
5866
5228
5247
5867
5229
5248
5868
5230
5249
5869
5231
5250
5870
5232
5251
5871
5233
5252
5872
5234
5253
5873
5235
5254
5874
5236
5255
5875
5237
5256
5876
5238
5257
5877
5239
5258
5878
5259
5879
5241
5260
5880
5242
5261
5881
5243
5262
5882
5244
5263
5883
5245
5264
5884
5246
5265
5885
5247
5266
5886
5248
5267
5887
5249
5268
5888
5250
5269
5889
5251
5270
5890
5252
5271
5891
5253
5272
5892
5254
5273
5893
5255
5274
5894
5256
5275
5895
5257
5276
5896
5258
5277
5897
5259
5278
5898
5279
5899
5261
5280
5900
5262
5281
5901
5263
5282
5902
5264
5283
5903
5265
5284
5904
5266
5285
5905
5267
5286
5906
5268
5287
5907
5269
5288
5908
5270
5289
5909
5271
5290
5910
5272
5291
5911
5273
5292
5912
5274
5293
5913
5275
5294
5914
5276
5295
5915
5277
5296
5916
5278
5297
5917
5279
5298
5918
5299
5919
5281
5300
5920
5282
5301
5921
5283
5302
5922
5284
5303
5923
5285
5304
5924
5286
5305
5925
5287
5306
5926
5288
5307
5927
5289
5308
5928
5290
5309
5929
5291
5310
5930
5292
5311
5931
5293
5312
5932
5294
5313
5933
5295
5314
5934
5296
5315
5935
5297
5316
5936
5298
5317
5937
5299
5318
5938
5319
5939
5301
5320
5940
5302
5321
5941
5303
5322
5942
5304
5323
5943
5305
5324
5944
5306
5325
5945
5307
5326
5946
5308
5327
5947
5309
5328
5948
5310
5329
5949
5311
5330
5950
5312
5331
5951
5313
5332
5952
5314
5333
5953
5315
5334
5954
5316
5335
5955
5317
5336
5956
5318
5337
5957
5319
5338
5958
5339
5959
5321
5340
5960
5322
5341
5961
5323
5342
5962
5324
5343
5963
5325
5344
5964
5326
5345
5965
5327
5346
5966
5328
5347
5967
5329
5348
5968
5330
5349
5969
5331
5350
5970
5332
5351
5971
5333
5352
5972
5334
5353
5973
5335
5354
5974
5336
5355
5975
5337
5356
5976
5338
5357
5977
5339
5358
5978
5359
5979
5341
5360
5980
5342
5361
5981
5343
5362
5982
5344
5363
5983
5345
5364
5984
5346
5365
5985
5347
5366
5986
5348
5367
5987
5349
5368
5988
5350
5369
5989
5351
5370
5990
5352
5371
5991
5353
5372
5992
5354
5373
5993
5355
5374
5994
5356
5375
5995
5357
5376
5996
5358
5377
5997
5359
5378
5998
5379
5999
5361
5380
6000
5362
5381
6001
5363
5382
6002
5364
5383
6003
5365
5384
6004
5366
5385
6005
5367
5386
6006
5368
5387
6007
5369
5388
6008
5370
5389
6009
5371
5390
6010
5372
5391
6011
5373
5392
6012
5374
5393
6013
5375
5394
6014
5376
5395
6015
5377
5396
6016
5378
5397
6017
5379
5398
6018
5399
6019
5381
5400
6020
5382
5401
6021
5383
5402
6022
5384
5403
6023
5385
5404
6024
5386
5405
6025
5387
5406
6026
5388
5407
6027
5389
5408
6028
5390
5409
6029
5391
5410
6030
5392
5411
6031
5393
5412
6032
5394
5413
6033
5395
5414
6034
5396
5415
6035
5397
5416
6036
5398
5417
6037
5399
5418
6038
5419
6039
5401
5420
6040
5402
5421
6041
5403
5422
6042
5404
5423
6043
5405
5424
6044
5406
5425
6045
5407
5426
6046
5408
5427
6047
5409
5428
6048
5410
5429
6049
5411
5430
6050
5412
5431
6051
5413
5432
6052
5414
5433
6053
5415
5434
6054
5416
5435
6055
5417
5436
6056
5418
5437
6057
5419
5438
6058
5439
6059
5421
5440
6060
5422
5441
6061
5423
5442
6062
5424
5443
6063
5425
5444
6064
5426
5445
6065
5427
5446
6066
5428
5447
6067
5429
5448
6068
5430
5449
6069
5431
5450
6070
5432
5451
6071
5433
5452
6072
5434
5453
6073
5435
5454
6074
5436
5455
6075
5437
5456
6076
5438
5457
6077
5439
5458
6078
5459
6079
5441
5460
6080
5442
5461
6081
5443
5462
6082
5444
5463
6083
5445
5464
6084
5446
5465
6085
5447
5466
6086
5448
5467
6087
5449
5468
6088
5450
5469
6089
5451
5470
6090
5452
5471
6091
5453
5472
6092
5454
5473
6093
5455
5474
6094
5456
5475
6095
5457
5476
6096
5458
5477
6097
5459
5478
6098
5479
6099
5461
5480
6100
5462
5481
6101
5463
5482
6102
5464
5483
6103
5465
5484
6104
5466
5485
6105
5467
5486
6106
5468
5487
6107
5469
5488
6108
5470
5489
6109
5471
5490
6110
5472
5491
6111
5473
5492
6112
5474
5493
6113
5475
5494
6114
5476
5495
6115
5477
5496
6116
5478
5497
6117
5479
5498
6118
5499
6119
5481
5500
6120
5482
5501
6121
5483
5502
6122
5484
5503
6123
5485
5504
6124
5486
5505
6125
5487
5506
6126
5488
5507
6127
5489
5508
6128
5490
5509
6129
5491
5510
6130
5492
5511
6131
5493
5512
6132
5494
5513
6133
5495
5514
6134
5496
5515
6135
5497
5516
6136
5498
5517
6137
5499
5518
6138
5519
6139
5501
5520
6140
5502
5521
6141
5503
5522
6142
5504
5523
6143
5505
5524
6144
5506
5525
6145
5507
5526
6146
5508
5527
6147
5509
5528
6148
5510
5529
6149
5511
5530
6150
5512
5531
6151
5513
5532
6152
5514
5533
6153
5515
5534
6154
5516
5535
6155
5517
5536
6156
5518
5537
6157
5519
5538
6158
5539
6159
5521
5540
6160
5522
5541
6161
5523
5542
6162
5524
5543
6163
5525
5544
6164
5526
5545
6165
5527
5546
6166
5528
5547
6167
5529
5548
6168
5530
5549
6169
5531
5550
6170
5532
5551
6171
5533
5552
6172
5534
5553
6173
5535
5554
6174
5536
5555
6175
5537
5556
6176
5538
5557
6177
5539
5558
6178
5559
6179
5541
5560
6180
5542
5561
6181
5543
5562
6182
5544
5563
6183
5545
5564
6184
5546
5565
6185
5547
5566
6186
5548
5567
6187
5549
5568
6188
5550
5569
6189
5551
5570
6190
5552
5571
6191
5553
5572
6192
5554
5573
6193
5555
5574
6194
5556
5575
6195
5557
5576
6196
5558
5577
6197
5559
5578
6198
5579
6199
5561
5580
6200
5562
5581
6201
5563
5582
6202
5564
5583
6203
5565
5584
6204
5566
5585
6205
5567
5586
6206
5568
5587
6207
5569
5588
6208
5570
5589
6209
5571
5590
6210
5572
5591
6211
5573
5592
6212
5574
5593
6213
5575
5594
6214
5576
5595
6215
5577
5596
6216
5578
5597
6217
5579
5598
6218
5599
6219
5581
5600
6220
5582
5601
6221
5583
5602
6222
5584
5603
6223
5585
5604
6224
5586
5605
6225
5587
5606
6226
5588
5607
6227
5589
5608
6228
5590
5609
6229
5591
5610
6230
5592
5611
6231
5593
5612
6232
5594
5613
6233
5595
5614
6234
5596
5615
6235
5597
5616
6236
5598
5617
6237
5599
5618
6238
5619
6239
5601
5620
6240
5602
5621
6241
5603
5622
6242
5604
5623
6243
5605
5624
6244
5606
5625
6245
5607
5626
6246
5608
5627
6247
5609
5628
6248
5610
5629
6249
5611
5630
6250
5612
5631
6251
5613
5632
6252
5614
5633
6253
5615
5634
6254
5616
5635
6255
5617
5636
6256
5618
5637
6257
5619
5638
6258
5639
6259
5621
5640
6260
5622
5641
6261
5623
5642
6262
5624
5643
6263
5625
5644
6264
5626
5645
6265
5627
5646
6266
5628
5647
6267
5629
5648
6268
5630
5649
6269
5631
5650
6270
5632
5651
6271
5633
5652
6272
5634
5653
6273
5635
5654
6274
5636
5655
6275
5637
5656
6276
5638
5657
6277
5639
5658
6278
5659
6279
5641
5660
6280
5642
5661
6281
5643
5662
6282
5644
5663
6283
5645
5664
6284
5646
5665
6285
5647
5666
6286
5648
5667
6287
5649
5668
6288
5650
5669
6289
5651
5670
6290
5652
5671
6291
5653
5672
6292
5654
5673
6293
5655
5674
6294
5656
5675
6295
5657
5676
6296
5658
5677
6297
5659
5678
6298
5679
6299
5661
5680
6300
5662
5681
6301
5663
5682
6302
5664
5683
6303
5665
5684
6304
5666
5685
6305
5667
5686
6306
5668
5687
6307
5669
5688
6308
5670
5689
6309
5671
5690
6310
5672
5691
6311
5673
5692
6312
5674
5693
6313
5675
5694
6314
5676
5695
6315
5677
5696
6316
5678
5697
6317
5679
5698
6318
5699
6319
5681
5700
6320
5682
5701
6321
5683
5702
6322
5684
5703
6323
5685
5704
6324
5686
5705
6325
5687
5706
6326
5688
5707
6327
5689
5708
6328
5690
5709
6329
5691
5710
6330
5692
5711
6331
5693
5712
6332
5694
5713
6333
5695
5714
6334
5696
5715
6335
5697
5716
6336
5698
5717
6337
5699
5718
6338
5719
6339
5701
5720
6340
5702
5721
6341
5703
5722
6342
5704
5723
6343
5705
5724
6344
5706
5725
6345
5707
5726
6346
5708
5727
6347
5709
5728
6348
5710
5729
6349
5711
5730
6350
5712
5731
6351
5713
5732
6352
5714
5733
6353
5715
5734
6354
5716
5735
6355
5717
5736
6356
5718
5737
6357
5719
5738
6358
5739
6359
5721
5740
6360
5722
5741
6361
5723
5742
6362
5724
5743
6363
5725
5744
6364
5726
5745
6365
5727
5746
6366
5728
5747
6367
5729
5748
6368
5730
5749
6369
5731
5750
6370
5732
5751
6371
5733
5752
6372
5734
5753
6373
5735
5754
6374
5736
5755
6375
5737
5756
6376
5738
5757
6377
5739
5758
6378
5759
6379
5741
6380
5742
6381
5743
6382
5744
6383
5745
6384
5746
6385
5747
6386
5748
6387
5749
6388
5750
6389
5751
6390
5752
6391
5753
6392
5754
6393
5755
6394
5756
6395
5757
6396
5758
6397
5759
6398
6399
5761
5780
6400
5762
5781
6401
5763
5782
6402
5764
5783
6403
5765
5784
6404
5766
5785
6405
5767
5786
6406
5768
5787
6407
5769
5788
6408
5770
5789
6409
5771
5790
6410
5772
5791
6411
5773
5792
6412
5774
5793
6413
5775
5794
6414
5776
5795
6415
5777
5796
6416
5778
5797
6417
5779
5798
6418
5799
6419
5781
5800
6420
5782
5801
6421
5783
5802
6422
5784
5803
6423
5785
5804
6424
5786
5805
6425
5787
5806
6426
5788
5807
6427
5789
5808
6428
5790
5809
6429
5791
5810
6430
5792
5811
6431
5793
5812
6432
5794
5813
6433
5795
5814
6434
5796
5815
6435
5797
5816
6436
5798
5817
6437
5799
5818
6438
5819
6439
5801
5820
6440
5802
5821
6441
5803
5822
6442
5804
5823
6443
5805
5824
6444
5806
5825
6445
5807
5826
6446
5808
5827
6447
5809
5828
6448
5810
5829
6449
5811
5830
6450
5812
5831
6451
5813
5832
6452
5814
5833
6453
5815
5834
6454
5816
5835
6455
5817
5836
6456
5818
5837
6457
5819
5838
6458
5839
6459
5821
5840
6460
5822
5841
6461
5823
5842
6462
5824
5843
6463
5825
5844
6464
5826
5845
6465
5827
5846
6466
5828
5847
6467
5829
5848
6468
5830
5849
6469
5831
5850
6470
5832
5851
6471
5833
5852
6472
5834
5853
6473
5835
5854
6474
5836
5855
6475
5837
5856
6476
5838
5857
6477
5839
5858
6478
5859
6479
5841
5860
6480
5842
5861
6481
5843
5862
6482
5844
5863
6483
5845
5864
6484
5846
5865
6485
5847
5866
6486
5848
5867
6487
5849
5868
6488
5850
5869
6489
5851
5870
6490
5852
5871
6491
5853
5872
6492
5854
5873
6493
5855
5874
6494
5856
5875
6495
5857
5876
6496
5858
5877
6497
5859
5878
6498
5879
6499
5861
5880
6500
5862
5881
6501
5863
5882
6502
5864
5883
6503
5865
5884
6504
5866
5885
6505
5867
5886
6506
5868
5887
6507
5869
5888
6508
5870
5889
6509
5871
5890
6510
5872
5891
6511
5873
5892
6512
5874
5893
6513
5875
5894
6514
5876
5895
6515
5877
5896
6516
5878
5897
6517
5879
5898
6518
5899
6519
5881
5900
6520
5882
5901
6521
5883
5902
6522
5884
5903
6523
5885
5904
6524
5886
5905
6525
5887
5906
6526
5888
5907
6527
5889
5908
6528
5890
5909
6529
5891
5910
6530
5892
5911
6531
5893
5912
6532
5894
5913
6533
5895
5914
6534
5896
5915
6535
5897
5916
6536
5898
5917
6537
5899
5918
6538
5919
6539
5901
5920
6540
5902
5921
6541
5903
5922
6542
5904
5923
6543
5905
5924
6544
5906
5925
6545
5907
5926
6546
5908
5927
6547
5909
5928
6548
5910
5929
6549
5911
5930
6550
5912
5931
6551
5913
5932
6552
5914
5933
6553
5915
5934
6554
5916
5935
6555
5917
5936
6556
5918
5937
6557
5919
5938
6558
5939
6559
5921
5940
6560
5922
5941
6561
5923
5942
6562
5924
5943
6563
5925
5944
6564
5926
5945
6565
5927
5946
6566
5928
5947
6567
5929
5948
6568
5930
5949
6569
5931
5950
6570
5932
5951
6571
5933
5952
6572
5934
5953
6573
5935
5954
6574
5936
5955
6575
5937
5956
6576
5938
5957
6577
5939
5958
6578
5959
6579
5941
5960
6580
5942
5961
6581
5943
5962
6582
5944
5963
6583
5945
5964
6584
5946
5965
6585
5947
5966
6586
5948
5967
6587
5949
5968
6588
5950
5969
6589
5951
5970
6590
5952
5971
6591
5953
5972
6592
5954
5973
6593
5955
5974
6594
5956
5975
6595
5957
5976
6596
5958
5977
6597
5959
5978
6598
5979
6599
5961
5980
6600
5962
5981
6601
5963
5982
6602
5964
5983
6603
5965
5984
6604
5966
5985
6605
5967
5986
6606
5968
5987
6607
5969
5988
6608
5970
5989
6609
5971
5990
6610
5972
5991
6611
5973
5992
6612
5974
5993
6613
5975
5994
6614
5976
5995
6615
5977
5996
6616
5978
5997
6617
5979
5998
6618
5999
6619
5981
6000
6620
5982
6001
6621
5983
6002
6622
5984
6003
6623
5985
6004
6624
5986
6005
6625
5987
6006
6626
5988
6007
6627
5989
6008
6628
5990
6009
6629
5991
6010
6630
5992
6011
6631
5993
6012
6632
5994
6013
6633
5995
6014
6634
5996
6015
6635
5997
6016
6636
5998
6017
6637
5999
6018
6638
6019
6639
6001
6020
6640
6002
6021
6641
6003
6022
6642
6004
6023
6643
6005
6024
6644
6006
6025
6645
6007
6026
6646
6008
6027
6647
6009
6028
6648
6010
6029
6649
6011
6030
6650
6012
6031
6651
6013
6032
6652
6014
6033
6653
6015
6034
6654
6016
6035
6655
6017
6036
6656
6018
6037
6657
6019
6038
6658
6039
6659
6021
6040
6660
6022
6041
6661
6023
6042
6662
6024
6043
6663
6025
6044
6664
6026
6045
6665
6027
6046
6666
6028
6047
6667
6029
6048
6668
6030
6049
6669
6031
6050
6670
6032
6051
6671
6033
6052
6672
6034
6053
6673
6035
6054
6674
6036
6055
6675
6037
6056
6676
6038
6057
6677
6039
6058
6678
6059
6679
6041
6060
6680
6042
6061
6681
6043
6062
6682
6044
6063
6683
6045
6064
6684
6046
6065
6685
6047
6066
6686
6048
6067
6687
6049
6068
6688
6050
6069
6689
6051
6070
6690
6052
6071
6691
6053
6072
6692
6054
6073
6693
6055
6074
6694
6056
6075
6695
6057
6076
6696
6058
6077
6697
6059
6078
6698
6079
6699
6061
6080
6700
6062
6081
6701
6063
6082
6702
6064
6083
6703
6065
6084
6704
6066
6085
6705
6067
6086
6706
6068
6087
6707
6069
6088
6708
6070
6089
6709
6071
6090
6710
6072
6091
6711
6073
6092
6712
6074
6093
6713
6075
6094
6714
6076
6095
6715
6077
6096
6716
6078
6097
6717
6079
6098
6718
6099
6719
6081
6100
6720
6082
6101
6721
6083
6102
6722
6084
6103
6723
6085
6104
6724
6086
6105
6725
6087
6106
6726
6088
6107
6727
6089
6108
6728
6090
6109
6729
6091
6110
6730
6092
6111
6731
6093
6112
6732
6094
6113
6733
6095
6114
6734
6096
6115
6735
6097
6116
6736
6098
6117
6737
6099
6118
6738
6119
6739
6101
6120
6740
6102
6121
6741
6103
6122
6742
6104
6123
6743
6105
6124
6744
6106
6125
6745
6107
6126
6746
6108
6127
6747
6109
6128
6748
6110
6129
6749
6111
6130
6750
6112
6131
6751
6113
6132
6752
6114
6133
6753
6115
6134
6754
6116
6135
6755
6117
6136
6756
6118
6137
6757
6119
6138
6758
6139
6759
6121
6140
6760
6122
6141
6761
6123
6142
6762
6124
6143
6763
6125
6144
6764
6126
6145
6765
6127
6146
6766
6128
6147
6767
6129
6148
6768
6130
6149
6769
6131
6150
6770
6132
6151
6771
6133
6152
6772
6134
6153
6773
6135
6154
6774
6136
6155
6775
6137
6156
6776
6138
6157
6777
6139
6158
6778
6159
6779
6141
6160
6780
6142
6161
6781
6143
6162
6782
6144
6163
6783
6145
6164
6784
6146
6165
6785
6147
6166
6786
6148
6167
6787
6149
6168
6788
6150
6169
6789
6151
6170
6790
6152
6171
6791
6153
6172
6792
6154
6173
6793
6155
6174
6794
6156
6175
6795
6157
6176
6796
6158
6177
6797
6159
6178
6798
6179
6799
6161
6180
6800
6162
6181
6801
6163
6182
6802
6164
6183
6803
6165
6184
6804
6166
6185
6805
6167
6186
6806
6168
6187
6807
6169
6188
6808
6170
6189
6809
6171
6190
6810
6172
6191
6811
6173
6192
6812
6174
6193
6813
6175
6194
6814
6176
6195
6815
6177
6196
6816
6178
6197
6817
6179
6198
6818
6199
6819
6181
6200
6820
6182
6201
6821
6183
6202
6822
6184
6203
6823
6185
6204
6824
6186
6205
6825
6187
6206
6826
6188
6207
6827
6189
6208
6828
6190
6209
6829
6191
6210
6830
6192
6211
6831
6193
6212
6832
6194
6213
6833
6195
6214
6834
6196
6215
6835
6197
6216
6836
6198
6217
6837
6199
6218
6838
6219
6839
6201
6220
6840
6202
6221
6841
6203
6222
6842
6204
6223
6843
6205
6224
6844
6206
6225
6845
6207
6226
6846
6208
6227
6847
6209
6228
6848
6210
6229
6849
6211
6230
6850
6212
6231
6851
6213
6232
6852
6214
6233
6853
6215
6234
6854
6216
6235
6855
6217
6236
6856
6218
6237
6857
6219
6238
6858
6239
6859
6221
6240
6860
6222
6241
6861
6223
6242
6862
6224
6243
6863
6225
6244
6864
6226
6245
6865
6227
6246
6866
6228
6247
6867
6229
6248
6868
6230
6249
6869
6231
6250
6870
6232
6251
6871
6233
6252
6872
6234
6253
6873
6235
6254
6874
6236
6255
6875
6237
6256
6876
6238
6257
6877
6239
6258
6878
6259
6879
6241
6260
6880
6242
6261
6881
6243
6262
6882
6244
6263
6883
6245
6264
6884
6246
6265
6885
6247
6266
6886
6248
6267
6887
6249
6268
6888
6250
6269
6889
6251
6270
6890
6252
6271
6891
6253
6272
6892
6254
6273
6893
6255
6274
6894
6256
6275
6895
6257
6276
6896
6258
6277
6897
6259
6278
6898
6279
6899
6261
6280
6900
6262
6281
6901
6263
6282
6902
6264
6283
6903
6265
6284
6904
6266
6285
6905
6267
6286
6906
6268
6287
6907
6269
6288
6908
6270
6289
6909
6271
6290
6910
6272
6291
6911
6273
6292
6912
6274
6293
6913
6275
6294
6914
6276
6295
6915
6277
6296
6916
6278
6297
6917
6279
6298
6918
6299
6919
6281
6300
6920
6282
6301
6921
6283
6302
6922
6284
6303
6923
6285
6304
6924
6286
6305
6925
6287
6306
6926
6288
6307
6927
6289
6308
6928
6290
6309
6929
6291
6310
6930
6292
6311
6931
6293
6312
6932
6294
6313
6933
6295
6314
6934
6296
6315
6935
6297
6316
6936
6298
6317
6937
6299
6318
6938
6319
6939
6301
6320
6940
6302
6321
6941
6303
6322
6942
6304
6323
6943
6305
6324
6944
6306
6325
6945
6307
6326
6946
6308
6327
6947
6309
6328
6948
6310
6329
6949
6311
6330
6950
6312
6331
6951
6313
6332
6952
6314
6333
6953
6315
6334
6954
6316
6335
6955
6317
6336
6956
6318
6337
6957
6319
6338
6958
6339
6959
6321
6340
6960
6322
6341
6961
6323
6342
6962
6324
6343
6963
6325
6344
6964
6326
6345
6965
6327
6346
6966
6328
6347
6967
6329
6348
6968
6330
6349
6969
6331
6350
6970
6332
6351
6971
6333
6352
6972
6334
6353
6973
6335
6354
6974
6336
6355
6975
6337
6356
6976
6338
6357
6977
6339
6358
6978
6359
6979
6341
6360
6980
6342
6361
6981
6343
6362
6982
6344
6363
6983
6345
6364
6984
6346
6365
6985
6347
6366
6986
6348
6367
6987
6349
6368
6988
6350
6369
6989
6351
6370
6990
6352
6371
6991
6353
6372
6992
6354
6373
6993
6355
6374
6994
6356
6375
6995
6357
6376
6996
6358
6377
6997
6359
6378
6998
6379
6999
6361
6380
7000
6362
6381
7001
6363
6382
7002
6364
6383
7003
6365
6384
7004
6366
6385
7005
6367
6386
7006
6368
6387
7007
6369
6388
7008
6370
6389
7009
6371
6390
7010
6372
6391
7011
6373
6392
7012
6374
6393
7013
6375
6394
7014
6376
6395
7015
6377
6396
7016
6378
6397
7017
6379
6398
7018
6399
7019
6381
7020
6382
7021
6383
7022
6384
7023
6385
7024
6386
7025
6387
7026
6388
7027
6389
7028
6390
7029
6391
7030
6392
7031
6393
7032
6394
7033
6395
7034
6396
7035
6397
7036
6398
7037
6399
7038
7039
6401
6420
7040
6402
6421
7041
6403
6422
7042
6404
6423
7043
6405
6424
7044
6406
6425
7045
6407
6426
7046
6408
6427
7047
6409
6428
7048
6410
6429
7049
6411
6430
7050
6412
6431
7051
6413
6432
7052
6414
6433
7053
6415
6434
7054
6416
6435
7055
6417
6436
7056
6418
6437
7057
6419
6438
7058
6439
7059
6421
6440
7060
6422
6441
7061
6423
6442
7062
6424
6443
7063
6425
6444
7064
6426
6445
7065
6427
6446
7066
6428
6447
7067
6429
6448
7068
6430
6449
7069
6431
6450
7070
6432
6451
7071
6433
6452
7072
6434
6453
7073
6435
6454
7074
6436
6455
7075
6437
6456
7076
6438
6457
7077
6439
6458
7078
6459
7079
6441
6460
7080
6442
6461
7081
6443
6462
7082
6444
6463
7083
6445
6464
7084
6446
6465
7085
6447
6466
7086
6448
6467
7087
6449
6468
7088
6450
6469
7089
6451
6470
7090
6452
6471
7091
6453
6472
7092
6454
6473
7093
6455
6474
7094
6456
6475
7095
6457
6476
7096
6458
6477
7097
6459
6478
7098
6479
7099
6461
6480
7100
6462
6481
7101
6463
6482
7102
6464
6483
7103
6465
6484
7104
6466
6485
7105
6467
6486
7106
6468
6487
7107
6469
6488
7108
6470
6489
7109
6471
6490
7110
6472
6491
7111
6473
6492
7112
6474
6493
7113
6475
6494
7114
6476
6495
7115
6477
6496
7116
6478
6497
7117
6479
6498
7118
6499
7119
6481
6500
7120
6482
6501
7121
6483
6502
7122
6484
6503
7123
6485
6504
7124
6486
6505
7125
6487
6506
7126
6488
6507
7127
6489
6508
7128
6490
6509
7129
6491
6510
7130
6492
6511
7131
6493
6512
7132
6494
6513
7133
6495
6514
7134
6496
6515
7135
6497
6516
7136
6498
6517
7137
6499
6518
7138
6519
7139
6501
6520
7140
6502
6521
7141
6503
6522
7142
6504
6523
7143
6505
6524
7144
6506
6525
7145
6507
6526
7146
6508
6527
7147
6509
6528
7148
6510
6529
7149
6511
6530
7150
6512
6531
7151
6513
6532
7152
6514
6533
7153
6515
6534
7154
6516
6535
7155
6517
6536
7156
6518
6537
7157
6519
6538
7158
6539
7159
6521
6540
7160
6522
6541
7161
6523
6542
7162
6524
6543
7163
6525
6544
7164
6526
6545
7165
6527
6546
7166
6528
6547
7167
6529
6548
7168
6530
6549
7169
6531
6550
7170
6532
6551
7171
6533
6552
7172
6534
6553
7173
6535
6554
7174
6536
6555
7175
6537
6556
7176
6538
6557
7177
6539
6558
7178
6559
7179
6541
6560
7180
6542
6561
7181
6543
6562
7182
6544
6563
7183
6545
6564
7184
6546
6565
7185
6547
6566
7186
6548
6567
7187
6549
6568
7188
6550
6569
7189
6551
6570
7190
6552
6571
7191
6553
6572
7192
6554
6573
7193
6555
6574
7194
6556
6575
7195
6557
6576
7196
6558
6577
7197
6559
6578
7198
6579
7199
6561
6580
7200
6562
6581
7201
6563
6582
7202
6564
6583
7203
6565
6584
7204
6566
6585
7205
6567
6586
7206
6568
6587
7207
6569
6588
7208
6570
6589
7209
6571
6590
7210
6572
6591
7211
6573
6592
7212
6574
6593
7213
6575
6594
7214
6576
6595
7215
6577
6596
7216
6578
6597
7217
6579
6598
7218
6599
7219
6581
6600
7220
6582
6601
7221
6583
6602
7222
6584
6603
7223
6585
6604
7224
6586
6605
7225
6587
6606
7226
6588
6607
7227
6589
6608
7228
6590
6609
7229
6591
6610
7230
6592
6611
7231
6593
6612
7232
6594
6613
7233
6595
6614
7234
6596
6615
7235
6597
6616
7236
6598
6617
7237
6599
6618
7238
6619
7239
6601
6620
7240
6602
6621
7241
6603
6622
7242
6604
6623
7243
6605
6624
7244
6606
6625
7245
6607
6626
7246
6608
6627
7247
6609
6628
7248
6610
6629
7249
6611
6630
7250
6612
6631
7251
6613
6632
7252
6614
6633
7253
6615
6634
7254
6616
6635
7255
6617
6636
7256
6618
6637
7257
6619
6638
7258
6639
7259
6621
6640
7260
6622
6641
7261
6623
6642
7262
6624
6643
7263
6625
6644
7264
6626
6645
7265
6627
6646
7266
6628
6647
7267
6629
6648
7268
6630
6649
7269
6631
6650
7270
6632
6651
7271
6633
6652
7272
6634
6653
7273
6635
6654
7274
6636
6655
7275
6637
6656
7276
6638
6657
7277
6639
6658
7278
6659
7279
6641
6660
7280
6642
6661
7281
6643
6662
7282
6644
6663
7283
6645
6664
7284
6646
6665
7285
6647
6666
7286
6648
6667
7287
6649
6668
7288
6650
6669
7289
6651
6670
7290
6652
6671
7291
6653
6672
7292
6654
6673
7293
6655
6674
7294
6656
6675
7295
6657
6676
7296
6658
6677
7297
6659
6678
7298
6679
7299
6661
6680
7300
6662
6681
7301
6663
6682
7302
6664
6683
7303
6665
6684
7304
6666
6685
7305
6667
6686
7306
6668
6687
7307
6669
6688
7308
6670
6689
7309
6671
6690
7310
6672
6691
7311
6673
6692
7312
6674
6693
7313
6675
6694
7314
6676
6695
7315
6677
6696
7316
6678
6697
7317
6679
6698
7318
6699
7319
6681
6700
7320
6682
6701
7321
6683
6702
7322
6684
6703
7323
6685
6704
7324
6686
6705
7325
6687
6706
7326
6688
6707
7327
6689
6708
7328
6690
6709
7329
6691
6710
7330
6692
6711
7331
6693
6712
7332
6694
6713
7333
6695
6714
7334
6696
6715
7335
6697
6716
7336
6698
6717
7337
6699
6718
7338
6719
7339
6701
6720
7340
6702
6721
7341
6703
6722
7342
6704
6723
7343
6705
6724
7344
6706
6725
7345
6707
6726
7346
6708
6727
7347
6709
6728
7348
6710
6729
7349
6711
6730
7350
6712
6731
7351
6713
6732
7352
6714
6733
7353
6715
6734
7354
6716
6735
7355
6717
6736
7356
6718
6737
7357
6719
6738
7358
6739
7359
6721
6740
7360
6722
6741
7361
6723
6742
7362
6724
6743
7363
6725
6744
7364
6726
6745
7365
6727
6746
7366
6728
6747
7367
6729
6748
7368
6730
6749
7369
6731
6750
7370
6732
6751
7371
6733
6752
7372
6734
6753
7373
6735
6754
7374
6736
6755
7375
6737
6756
7376
6738
6757
7377
6739
6758
7378
6759
7379
6741
6760
7380
6742
6761
7381
6743
6762
7382
6744
6763
7383
6745
6764
7384
6746
6765
7385
6747
6766
7386
6748
6767
7387
6749
6768
7388
6750
6769
7389
6751
6770
7390
6752
6771
7391
6753
6772
7392
6754
6773
7393
6755
6774
7394
6756
6775
7395
6757
6776
7396
6758
6777
7397
6759
6778
7398
6779
7399
6761
6780
7400
6762
6781
7401
6763
6782
7402
6764
6783
7403
6765
6784
7404
6766
6785
7405
6767
6786
7406
6768
6787
7407
6769
6788
7408
6770
6789
7409
6771
6790
7410
6772
6791
7411
6773
6792
7412
6774
6793
7413
6775
6794
7414
6776
6795
7415
6777
6796
7416
6778
6797
7417
6779
6798
7418
6799
7419
6781
6800
7420
6782
6801
7421
6783
6802
7422
6784
6803
7423
6785
6804
7424
6786
6805
7425
6787
6806
7426
6788
6807
7427
6789
6808
7428
6790
6809
7429
6791
6810
7430
6792
6811
7431
6793
6812
7432
6794
6813
7433
6795
6814
7434
6796
6815
7435
6797
6816
7436
6798
6817
7437
6799
6818
7438
6819
7439
6801
6820
7440
6802
6821
7441
6803
6822
7442
6804
6823
7443
6805
6824
7444
6806
6825
7445
6807
6826
7446
6808
6827
7447
6809
6828
7448
6810
6829
7449
6811
6830
7450
6812
6831
7451
6813
6832
7452
6814
6833
7453
6815
6834
7454
6816
6835
7455
6817
6836
7456
6818
6837
7457
6819
6838
7458
6839
7459
6821
6840
7460
6822
6841
7461
6823
6842
7462
6824
6843
7463
6825
6844
7464
6826
6845
7465
6827
6846
7466
6828
6847
7467
6829
6848
7468
6830
6849
7469
6831
6850
7470
6832
6851
7471
6833
6852
7472
6834
6853
7473
6835
6854
7474
6836
6855
7475
6837
6856
7476
6838
6857
7477
6839
6858
7478
6859
7479
6841
6860
7480
6842
6861
7481
6843
6862
7482
6844
6863
7483
6845
6864
7484
6846
6865
7485
6847
6866
7486
6848
6867
7487
6849
6868
7488
6850
6869
7489
6851
6870
7490
6852
6871
7491
6853
6872
7492
6854
6873
7493
6855
6874
7494
6856
6875
7495
6857
6876
7496
6858
6877
7497
6859
6878
7498
6879
7499
6861
6880
7500
6862
6881
7501
6863
6882
7502
6864
6883
7503
6865
6884
7504
6866
6885
7505
6867
6886
7506
6868
6887
7507
6869
6888
7508
6870
6889
7509
6871
6890
7510
6872
6891
7511
6873
6892
7512
6874
6893
7513
6875
6894
7514
6876
6895
7515
6877
6896
7516
6878
6897
7517
6879
6898
7518
6899
7519
6881
6900
7520
6882
6901
7521
6883
6902
7522
6884
6903
7523
6885
6904
7524
6886
6905
7525
6887
6906
7526
6888
6907
7527
6889
6908
7528
6890
6909
7529
6891
6910
7530
6892
6911
7531
6893
6912
7532
6894
6913
7533
6895
6914
7534
6896
6915
7535
6897
6916
7536
6898
6917
7537
6899
6918
7538
6919
7539
6901
6920
7540
6902
6921
7541
6903
6922
7542
6904
6923
7543
6905
6924
7544
6906
6925
7545
6907
6926
7546
6908
6927
7547
6909
6928
7548
6910
6929
7549
6911
6930
7550
6912
6931
7551
6913
6932
7552
6914
6933
7553
6915
6934
7554
6916
6935
7555
6917
6936
7556
6918
6937
7557
6919
6938
7558
6939
7559
6921
6940
7560
6922
6941
7561
6923
6942
7562
6924
6943
7563
6925
6944
7564
6926
6945
7565
6927
6946
7566
6928
6947
7567
6929
6948
7568
6930
6949
7569
6931
6950
7570
6932
6951
7571
6933
6952
7572
6934
6953
7573
6935
6954
7574
6936
6955
7575
6937
6956
7576
6938
6957
7577
6939
6958
7578
6959
7579
6941
6960
7580
6942
6961
7581
6943
6962
7582
6944
6963
7583
6945
6964
7584
6946
6965
7585
6947
6966
7586
6948
6967
7587
6949
6968
7588
6950
6969
7589
6951
6970
7590
6952
6971
7591
6953
6972
7592
6954
6973
7593
6955
6974
7594
6956
6975
7595
6957
6976
7596
6958
6977
7597
6959
6978
7598
6979
7599
6961
6980
7600
6962
6981
7601
6963
6982
7602
6964
6983
7603
6965
6984
7604
6966
6985
7605
6967
6986
7606
6968
6987
7607
6969
6988
7608
6970
6989
7609
6971
6990
7610
6972
6991
7611
6973
6992
7612
6974
6993
7613
6975
6994
7614
6976
6995
7615
6977
6996
7616
6978
6997
7617
6979
6998
7618
6999
7619
6981
7000
7620
6982
7001
7621
6983
7002
7622
6984
7003
7623
6985
7004
7624
6986
7005
7625
6987
7006
7626
6988
7007
7627
6989
7008
7628
6990
7009
7629
6991
7010
7630
6992
7011
7631
6993
7012
7632
6994
7013
7633
6995
7014
7634
6996
7015
7635
6997
7016
7636
6998
7017
7637
6999
7018
7638
7019
7639
7001
7020
7640
7002
7021
7641
7003
7022
7642
7004
7023
7643
7005
7024
7644
7006
7025
7645
7007
7026
7646
7008
7027
7647
7009
7028
7648
7010
7029
7649
7011
7030
7650
7012
7031
7651
7013
7032
7652
7014
7033
7653
7015
7034
7654
7016
7035
7655
7017
7036
7656
7018
7037
7657
7019
7038
7658
7039
7659
7021
7660
7022
7661
7023
7662
7024
7663
7025
7664
7026
7665
7027
7666
7028
7667
7029
7668
7030
7669
7031
7670
7032
7671
7033
7672
7034
7673
7035
7674
7036
7675
7037
7676
7038
7677
7039
7678
7679
7041
7060
7680
7042
7061
7681
7043
7062
7682
7044
7063
7683
7045
7064
7684
7046
7065
7685
7047
7066
7686
7048
7067
7687
7049
7068
7688
7050
7069
7689
7051
7070
7690
7052
7071
7691
7053
7072
7692
7054
7073
7693
7055
7074
7694
7056
7075
7695
7057
7076
7696
7058
7077
7697
7059
7078
7698
7079
7699
7061
7080
7700
7062
7081
7701
7063
7082
7702
7064
7083
7703
7065
7084
7704
7066
7085
7705
7067
7086
7706
7068
7087
7707
7069
7088
7708
7070
7089
7709
7071
7090
7710
7072
7091
7711
7073
7092
7712
7074
7093
7713
7075
7094
7714
7076
7095
7715
7077
7096
7716
7078
7097
7717
7079
7098
7718
7099
7719
7081
7100
7720
7082
7101
7721
7083
7102
7722
7084
7103
7723
7085
7104
7724
7086
7105
7725
7087
7106
7726
7088
7107
7727
7089
7108
7728
7090
7109
7729
7091
7110
7730
7092
7111
7731
7093
7112
7732
7094
7113
7733
7095
7114
7734
7096
7115
7735
7097
7116
7736
7098
7117
7737
7099
7118
7738
7119
7739
7101
7120
7740
7102
7121
7741
7103
7122
7742
7104
7123
7743
7105
7124
7744
7106
7125
7745
7107
7126
7746
7108
7127
7747
7109
7128
7748
7110
7129
7749
7111
7130
7750
7112
7131
7751
7113
7132
7752
7114
7133
7753
7115
7134
7754
7116
7135
7755
7117
7136
7756
7118
7137
7757
7119
7138
7758
7139
7759
7121
7140
7760
7122
7141
7761
7123
7142
7762
7124
7143
7763
7125
7144
7764
7126
7145
7765
7127
7146
7766
7128
7147
7767
7129
7148
7768
7130
7149
7769
7131
7150
7770
7132
7151
7771
7133
7152
7772
7134
7153
7773
7135
7154
7774
7136
7155
7775
7137
7156
7776
7138
7157
7777
7139
7158
7778
7159
7779
7141
7160
7780
7142
7161
7781
7143
7162
7782
7144
7163
7783
7145
7164
7784
7146
7165
7785
7147
7166
7786
7148
7167
7787
7149
7168
7788
7150
7169
7789
7151
7170
7790
7152
7171
7791
7153
7172
7792
7154
7173
7793
7155
7174
7794
7156
7175
7795
7157
7176
7796
7158
7177
7797
7159
7178
7798
7179
7799
7161
7180
7800
7162
7181
7801
7163
7182
7802
7164
7183
7803
7165
7184
7804
7166
7185
7805
7167
7186
7806
7168
7187
7807
7169
7188
7808
7170
7189
7809
7171
7190
7810
7172
7191
7811
7173
7192
7812
7174
7193
7813
7175
7194
7814
7176
7195
7815
7177
7196
7816
7178
7197
7817
7179
7198
7818
7199
7819
7181
7200
7820
7182
7201
7821
7183
7202
7822
7184
7203
7823
7185
7204
7824
7186
7205
7825
7187
7206
7826
7188
7207
7827
7189
7208
7828
7190
7209
7829
7191
7210
7830
7192
7211
7831
7193
7212
7832
7194
7213
7833
7195
7214
7834
7196
7215
7835
7197
7216
7836
7198
7217
7837
7199
7218
7838
7219
7839
7201
7220
7840
7202
7221
7841
7203
7222
7842
7204
7223
7843
7205
7224
7844
7206
7225
7845
7207
7226
7846
7208
7227
7847
7209
7228
7848
7210
7229
7849
7211
7230
7850
7212
7231
7851
7213
7232
7852
7214
7233
7853
7215
7234
7854
7216
7235
7855
7217
7236
7856
7218
7237
7857
7219
7238
7858
7239
7859
7221
7240
7860
7222
7241
7861
7223
7242
7862
7224
7243
7863
7225
7244
7864
7226
7245
7865
7227
7246
7866
7228
7247
7867
7229
7248
7868
7230
7249
7869
7231
7250
7870
7232
7251
7871
7233
7252
7872
7234
7253
7873
7235
7254
7874
7236
7255
7875
7237
7256
7876
7238
7257
7877
7239
7258
7878
7259
7879
7241
7260
7880
7242
7261
7881
7243
7262
7882
7244
7263
7883
7245
7264
7884
7246
7265
7885
7247
7266
7886
7248
7267
7887
7249
7268
7888
7250
7269
7889
7251
7270
7890
7252
7271
7891
7253
7272
7892
7254
7273
7893
7255
7274
7894
7256
7275
7895
7257
7276
7896
7258
7277
7897
7259
7278
7898
7279
7899
7261
7280
7900
7262
7281
7901
7263
7282
7902
7264
7283
7903
7265
7284
7904
7266
7285
7905
7267
7286
7906
7268
7287
7907
7269
7288
7908
7270
7289
7909
7271
7290
7910
7272
7291
7911
7273
7292
7912
7274
7293
7913
7275
7294
7914
7276
7295
7915
7277
7296
7916
7278
7297
7917
7279
7298
7918
7299
7919
7281
7300
7920
7282
7301
7921
7283
7302
7922
7284
7303
7923
7285
7304
7924
7286
7305
7925
7287
7306
7926
7288
7307
7927
7289
7308
7928
7290
7309
7929
7291
7310
7930
7292
7311
7931
7293
7312
7932
7294
7313
7933
7295
7314
7934
7296
7315
7935
7297
7316
7936
7298
7317
7937
7299
7318
7938
7319
7939
7301
7320
7940
7302
7321
7941
7303
7322
7942
7304
7323
7943
7305
7324
7944
7306
7325
7945
7307
7326
7946
7308
7327
7947
7309
7328
7948
7310
7329
7949
7311
7330
7950
7312
7331
7951
7313
7332
7952
7314
7333
7953
7315
7334
7954
7316
7335
7955
7317
7336
7956
7318
7337
7957
7319
7338
7958
7339
7959
7321
7340
7960
7322
7341
7961
7323
7342
7962
7324
7343
7963
7325
7344
7964
7326
7345
7965
7327
7346
7966
7328
7347
7967
7329
7348
7968
7330
7349
7969
7331
7350
7970
7332
7351
7971
7333
7352
7972
7334
7353
7973
7335
7354
7974
7336
7355
7975
7337
7356
7976
7338
7357
7977
7339
7358
7978
7359
7979
7341
7360
7980
7342
7361
7981
7343
7362
7982
7344
7363
7983
7345
7364
7984
7346
7365
7985
7347
7366
7986
7348
7367
7987
7349
7368
7988
7350
7369
7989
7351
7370
7990
7352
7371
7991
7353
7372
7992
7354
7373
7993
7355
7374
7994
7356
7375
7995
7357
7376
7996
7358
7377
7997
7359
7378
7998
7379
7999
7361
7380
8000
7362
7381
8001
7363
7382
8002
7364
7383
8003
7365
7384
8004
7366
7385
8005
7367
7386
8006
7368
7387
8007
7369
7388
8008
7370
7389
8009
7371
7390
8010
7372
7391
8011
7373
7392
8012
7374
7393
8013
7375
7394
8014
7376
7395
8015
7377
7396
8016
7378
7397
8017
7379
7398
8018
7399
8019
7381
7400
8020
7382
7401
8021
7383
7402
8022
7384
7403
8023
7385
7404
8024
7386
7405
8025
7387
7406
8026
7388
7407
8027
7389
7408
8028
7390
7409
8029
7391
7410
8030
7392
7411
8031
7393
7412
8032
7394
7413
8033
7395
7414
8034
7396
7415
8035
7397
7416
8036
7398
7417
8037
7399
7418
8038
7419
8039
7401
7420
8040
7402
7421
8041
7403
7422
8042
7404
7423
8043
7405
7424
8044
7406
7425
8045
7407
7426
8046
7408
7427
8047
7409
7428
8048
7410
7429
8049
7411
7430
8050
7412
7431
8051
7413
7432
8052
7414
7433
8053
7415
7434
8054
7416
7435
8055
7417
7436
8056
7418
7437
8057
7419
7438
8058
7439
8059
7421
7440
8060
7422
7441
8061
7423
7442
8062
7424
7443
8063
7425
7444
8064
7426
7445
8065
7427
7446
8066
7428
7447
8067
7429
7448
8068
7430
7449
8069
7431
7450
8070
7432
7451
8071
7433
7452
8072
7434
7453
8073
7435
7454
8074
7436
7455
8075
7437
7456
8076
7438
7457
8077
7439
7458
8078
7459
8079
7441
7460
8080
7442
7461
8081
7443
7462
8082
7444
7463
8083
7445
7464
8084
7446
7465
8085
7447
7466
8086
7448
7467
8087
7449
7468
8088
7450
7469
8089
7451
7470
8090
7452
7471
8091
7453
7472
8092
7454
7473
8093
7455
7474
8094
7456
7475
8095
7457
7476
8096
7458
7477
8097
7459
7478
8098
7479
8099
7461
7480
8100
7462
7481
8101
7463
7482
8102
7464
7483
8103
7465
7484
8104
7466
7485
8105
7467
7486
8106
7468
7487
8107
7469
7488
8108
7470
7489
8109
7471
7490
8110
7472
7491
8111
7473
7492
8112
7474
7493
8113
7475
7494
8114
7476
7495
8115
7477
7496
8116
7478
7497
8117
7479
7498
8118
7499
8119
7481
7500
8120
7482
7501
8121
7483
7502
8122
7484
7503
8123
7485
7504
8124
7486
7505
8125
7487
7506
8126
7488
7507
8127
7489
7508
8128
7490
7509
8129
7491
7510
8130
7492
7511
8131
7493
7512
8132
7494
7513
8133
7495
7514
8134
7496
7515
8135
7497
7516
8136
7498
7517
8137
7499
7518
8138
7519
8139
7501
7520
8140
7502
7521
8141
7503
7522
8142
7504
7523
8143
7505
7524
8144
7506
7525
8145
7507
7526
8146
7508
7527
8147
7509
7528
8148
7510
7529
8149
7511
7530
8150
7512
7531
8151
7513
7532
8152
7514
7533
8153
7515
7534
8154
7516
7535
8155
7517
7536
8156
7518
7537
8157
7519
7538
8158
7539
8159
7521
7540
8160
7522
7541
8161
7523
7542
8162
7524
7543
8163
7525
7544
8164
7526
7545
8165
7527
7546
8166
7528
7547
8167
7529
7548
8168
7530
7549
8169
7531
7550
8170
7532
7551
8171
7533
7552
8172
7534
7553
8173
7535
7554
8174
7536
7555
8175
7537
7556
8176
7538
7557
8177
7539
7558
8178
7559
8179
7541
7560
8180
7542
7561
8181
7543
7562
8182
7544
7563
8183
7545
7564
8184
7546
7565
8185
7547
7566
8186
7548
7567
8187
7549
7568
8188
7550
7569
8189
7551
7570
8190
7552
7571
8191
7553
7572
8192
7554
7573
8193
7555
7574
8194
7556
7575
8195
7557
7576
8196
7558
7577
8197
7559
7578
8198
7579
8199
7561
7580
8200
7562
7581
8201
7563
7582
8202
7564
7583
8203
7565
7584
8204
7566
7585
8205
7567
7586
8206
7568
7587
8207
7569
7588
8208
7570
7589
8209
7571
7590
8210
7572
7591
8211
7573
7592
8212
7574
7593
8213
7575
7594
8214
7576
7595
8215
7577
7596
8216
7578
7597
8217
7579
7598
8218
7599
8219
7581
7600
8220
7582
7601
8221
7583
7602
8222
7584
7603
8223
7585
7604
8224
7586
7605
8225
7587
7606
8226
7588
7607
8227
7589
7608
8228
7590
7609
8229
7591
7610
8230
7592
7611
8231
7593
7612
8232
7594
7613
8233
7595
7614
8234
7596
7615
8235
7597
7616
8236
7598
7617
8237
7599
7618
8238
7619
8239
7601
7620
8240
7602
7621
8241
7603
7622
8242
7604
7623
8243
7605
7624
8244
7606
7625
8245
7607
7626
8246
7608
7627
8247
7609
7628
8248
7610
7629
8249
7611
7630
8250
7612
7631
8251
7613
7632
8252
7614
7633
8253
7615
7634
8254
7616
7635
8255
7617
7636
8256
7618
7637
8257
7619
7638
8258
7639
8259
7621
7640
8260
7622
7641
8261
7623
7642
8262
7624
7643
8263
7625
7644
8264
7626
7645
8265
7627
7646
8266
7628
7647
8267
7629
7648
8268
7630
7649
8269
7631
7650
8270
7632
7651
8271
7633
7652
8272
7634
7653
8273
7635
7654
8274
7636
7655
8275
7637
7656
8276
7638
7657
8277
7639
7658
8278
7659
8279
7641
7660
8280
7642
7661
8281
7643
7662
8282
7644
7663
8283
7645
7664
8284
7646
7665
8285
7647
7666
8286
7648
7667
8287
7649
7668
8288
7650
7669
8289
7651
7670
8290
7652
7671
8291
7653
7672
8292
7654
7673
8293
7655
7674
8294
7656
7675
8295
7657
7676
8296
7658
7677
8297
7659
7678
8298
7679
8299
7661
8300
7662
8301
7663
8302
7664
8303
7665
8304
7666
8305
7667
8306
7668
8307
7669
8308
7670
8309
7671
8310
7672
8311
7673
8312
7674
8313
7675
8314
7676
8315
7677
8316
7678
8317
7679
8318
8319
7681
7700
8320
7682
7701
8321
7683
7702
8322
7684
7703
8323
7685
7704
8324
7686
7705
8325
7687
7706
8326
7688
7707
8327
7689
7708
8328
7690
7709
8329
7691
7710
8330
7692
7711
8331
7693
7712
8332
7694
7713
8333
7695
7714
8334
7696
7715
8335
7697
7716
8336
7698
7717
8337
7699
7718
8338
7719
8339
7701
7720
8340
7702
7721
8341
7703
7722
8342
7704
7723
8343
7705
7724
8344
7706
7725
8345
7707
7726
8346
7708
7727
8347
7709
7728
8348
7710
7729
8349
7711
7730
8350
7712
7731
8351
7713
7732
8352
7714
7733
8353
7715
7734
8354
7716
7735
8355
7717
7736
8356
7718
7737
8357
7719
7738
8358
7739
8359
7721
7740
8360
7722
7741
8361
7723
7742
8362
7724
7743
8363
7725
7744
8364
7726
7745
8365
7727
7746
8366
7728
7747
8367
7729
7748
8368
7730
7749
8369
7731
7750
8370
7732
7751
8371
7733
7752
8372
7734
7753
8373
7735
7754
8374
7736
7755
8375
7737
7756
8376
7738
7757
8377
7739
7758
8378
7759
8379
7741
7760
8380
7742
7761
8381
7743
7762
8382
7744
7763
8383
7745
7764
8384
7746
7765
8385
7747
7766
8386
7748
7767
8387
7749
7768
8388
7750
7769
8389
7751
7770
8390
7752
7771
8391
7753
7772
8392
7754
7773
8393
7755
7774
8394
7756
7775
8395
7757
7776
8396
7758
7777
8397
7759
7778
8398
7779
8399
7761
7780
8400
7762
7781
8401
7763
7782
8402
7764
7783
8403
7765
7784
8404
7766
7785
8405
7767
7786
8406
7768
7787
8407
7769
7788
8408
7770
7789
8409
7771
7790
8410
7772
7791
8411
7773
7792
8412
7774
7793
8413
7775
7794
8414
7776
7795
8415
7777
7796
8416
7778
7797
8417
7779
7798
8418
7799
8419
7781
7800
8420
7782
7801
8421
7783
7802
8422
7784
7803
8423
7785
7804
8424
7786
7805
8425
7787
7806
8426
7788
7807
8427
7789
7808
8428
7790
7809
8429
7791
7810
8430
7792
7811
8431
7793
7812
8432
7794
7813
8433
7795
7814
8434
7796
7815
8435
7797
7816
8436
7798
7817
8437
7799
7818
8438
7819
8439
7801
7820
8440
7802
7821
8441
7803
7822
8442
7804
7823
8443
7805
7824
8444
7806
7825
8445
7807
7826
8446
7808
7827
8447
7809
7828
8448
7810
7829
8449
7811
7830
8450
7812
7831
8451
7813
7832
8452
7814
7833
8453
7815
7834
8454
7816
7835
8455
7817
7836
8456
7818
7837
8457
7819
7838
8458
7839
8459
7821
7840
8460
7822
7841
8461
7823
7842
8462
7824
7843
8463
7825
7844
8464
7826
7845
8465
7827
7846
8466
7828
7847
8467
7829
7848
8468
7830
7849
8469
7831
7850
8470
7832
7851
8471
7833
7852
8472
7834
7853
8473
7835
7854
8474
7836
7855
8475
7837
7856
8476
7838
7857
8477
7839
7858
8478
7859
8479
7841
7860
8480
7842
7861
8481
7843
7862
8482
7844
7863
8483
7845
7864
8484
7846
7865
8485
7847
7866
8486
7848
7867
8487
7849
7868
8488
7850
7869
8489
7851
7870
8490
7852
7871
8491
7853
7872
8492
7854
7873
8493
7855
7874
8494
7856
7875
8495
7857
7876
8496
7858
7877
8497
7859
7878
8498
7879
8499
7861
7880
8500
7862
7881
8501
7863
7882
8502
7864
7883
8503
7865
7884
8504
7866
7885
8505
7867
7886
8506
7868
7887
8507
7869
7888
8508
7870
7889
8509
7871
7890
8510
7872
7891
8511
7873
7892
8512
7874
7893
8513
7875
7894
8514
7876
7895
8515
7877
7896
8516
7878
7897
8517
7879
7898
8518
7899
8519
7881
7900
8520
7882
7901
8521
7883
7902
8522
7884
7903
8523
7885
7904
8524
7886
7905
8525
7887
7906
8526
7888
7907
8527
7889
7908
8528
7890
7909
8529
7891
7910
8530
7892
7911
8531
7893
7912
8532
7894
7913
8533
7895
7914
8534
7896
7915
8535
7897
7916
8536
7898
7917
8537
7899
7918
8538
7919
8539
7901
7920
8540
7902
7921
8541
7903
7922
8542
7904
7923
8543
7905
7924
8544
7906
7925
8545
7907
7926
8546
7908
7927
8547
7909
7928
8548
7910
7929
8549
7911
7930
8550
7912
7931
8551
7913
7932
8552
7914
7933
8553
7915
7934
8554
7916
7935
8555
7917
7936
8556
7918
7937
8557
7919
7938
8558
7939
8559
7921
7940
8560
7922
7941
8561
7923
7942
8562
7924
7943
8563
7925
7944
8564
7926
7945
8565
7927
7946
8566
7928
7947
8567
7929
7948
8568
7930
7949
8569
7931
7950
8570
7932
7951
8571
7933
7952
8572
7934
7953
8573
7935
7954
8574
7936
7955
8575
7937
7956
8576
7938
7957
8577
7939
7958
8578
7959
8579
7941
7960
8580
7942
7961
8581
7943
7962
8582
7944
7963
8583
7945
7964
8584
7946
7965
8585
7947
7966
8586
7948
7967
8587
7949
7968
8588
7950
7969
8589
7951
7970
8590
7952
7971
8591
7953
7972
8592
7954
7973
8593
7955
7974
8594
7956
7975
8595
7957
7976
8596
7958
7977
8597
7959
7978
8598
7979
8599
7961
7980
8600
7962
7981
8601
7963
7982
8602
7964
7983
8603
7965
7984
8604
7966
7985
8605
7967
7986
8606
7968
7987
8607
7969
7988
8608
7970
7989
8609
7971
7990
8610
7972
7991
8611
7973
7992
8612
7974
7993
8613
7975
7994
8614
7976
7995
8615
7977
7996
8616
7978
7997
8617
7979
7998
8618
7999
8619
7981
8000
8620
7982
8001
8621
7983
8002
8622
7984
8003
8623
7985
8004
8624
7986
8005
8625
7987
8006
8626
7988
8007
8627
7989
8008
8628
7990
8009
8629
7991
8010
8630
7992
8011
8631
7993
8012
8632
7994
8013
8633
7995
8014
8634
7996
8015
8635
7997
8016
8636
7998
8017
8637
7999
8018
8638
8019
8639
8001
8020
8640
8002
8021
8641
8003
8022
8642
8004
8023
8643
8005
8024
8644
8006
8025
8645
8007
8026
8646
8008
8027
8647
8009
8028
8648
8010
8029
8649
8011
8030
8650
8012
8031
8651
8013
8032
8652
8014
8033
8653
8015
8034
8654
8016
8035
8655
8017
8036
8656
8018
8037
8657
8019
8038
8658
8039
8659
8021
8040
8660
8022
8041
8661
8023
8042
8662
8024
8043
8663
8025
8044
8664
8026
8045
8665
8027
8046
8666
8028
8047
8667
8029
8048
8668
8030
8049
8669
8031
8050
8670
8032
8051
8671
8033
8052
8672
8034
8053
8673
8035
8054
8674
8036
8055
8675
8037
8056
8676
8038
8057
8677
8039
8058
8678
8059
8679
8041
8060
8680
8042
8061
8681
8043
8062
8682
8044
8063
8683
8045
8064
8684
8046
8065
8685
8047
8066
8686
8048
8067
8687
8049
8068
8688
8050
8069
8689
8051
8070
8690
8052
8071
8691
8053
8072
8692
8054
8073
8693
8055
8074
8694
8056
8075
8695
8057
8076
8696
8058
8077
8697
8059
8078
8698
8079
8699
8061
8080
8700
8062
8081
8701
8063
8082
8702
8064
8083
8703
8065
8084
8704
8066
8085
8705
8067
8086
8706
8068
8087
8707
8069
8088
8708
8070
8089
8709
8071
8090
8710
8072
8091
8711
8073
8092
8712
8074
8093
8713
8075
8094
8714
8076
8095
8715
8077
8096
8716
8078
8097
8717
8079
8098
8718
8099
8719
8081
8100
8720
8082
8101
8721
8083
8102
8722
8084
8103
8723
8085
8104
8724
8086
8105
8725
8087
8106
8726
8088
8107
8727
8089
8108
8728
8090
8109
8729
8091
8110
8730
8092
8111
8731
8093
8112
8732
8094
8113
8733
8095
8114
8734
8096
8115
8735
8097
8116
8736
8098
8117
8737
8099
8118
8738
8119
8739
8101
8120
8740
8102
8121
8741
8103
8122
8742
8104
8123
8743
8105
8124
8744
8106
8125
8745
8107
8126
8746
8108
8127
8747
8109
8128
8748
8110
8129
8749
8111
8130
8750
8112
8131
8751
8113
8132
8752
8114
8133
8753
8115
8134
8754
8116
8135
8755
8117
8136
8756
8118
8137
8757
8119
8138
8758
8139
8759
8121
8140
8760
8122
8141
8761
8123
8142
8762
8124
8143
8763
8125
8144
8764
8126
8145
8765
8127
8146
8766
8128
8147
8767
8129
8148
8768
8130
8149
8769
8131
8150
8770
8132
8151
8771
8133
8152
8772
8134
8153
8773
8135
8154
8774
8136
8155
8775
8137
8156
8776
8138
8157
8777
8139
8158
8778
8159
8779
8141
8160
8780
8142
8161
8781
8143
8162
8782
8144
8163
8783
8145
8164
8784
8146
8165
8785
8147
8166
8786
8148
8167
8787
8149
8168
8788
8150
8169
8789
8151
8170
8790
8152
8171
8791
8153
8172
8792
8154
8173
8793
8155
8174
8794
8156
8175
8795
8157
8176
8796
8158
8177
8797
8159
8178
8798
8179
8799
8161
8180
8800
8162
8181
8801
8163
8182
8802
8164
8183
8803
8165
8184
8804
8166
8185
8805
8167
8186
8806
8168
8187
8807
8169
8188
8808
8170
8189
8809
8171
8190
8810
8172
8191
8811
8173
8192
8812
8174
8193
8813
8175
8194
8814
8176
8195
8815
8177
8196
8816
8178
8197
8817
8179
8198
8818
8199
8819
8181
8200
8820
8182
8201
8821
8183
8202
8822
8184
8203
8823
8185
8204
8824
8186
8205
8825
8187
8206
8826
8188
8207
8827
8189
8208
8828
8190
8209
8829
8191
8210
8830
8192
8211
8831
8193
8212
8832
8194
8213
8833
8195
8214
8834
8196
8215
8835
8197
8216
8836
8198
8217
8837
8199
8218
8838
8219
8839
8201
8220
8840
8202
8221
8841
8203
8222
8842
8204
8223
8843
8205
8224
8844
8206
8225
8845
8207
8226
8846
8208
8227
8847
8209
8228
8848
8210
8229
8849
8211
8230
8850
8212
8231
8851
8213
8232
8852
8214
8233
8853
8215
8234
8854
8216
8235
8855
8217
8236
8856
8218
8237
8857
8219
8238
8858
8239
8859
8221
8240
8860
8222
8241
8861
8223
8242
8862
8224
8243
8863
8225
8244
8864
8226
8245
8865
8227
8246
8866
8228
8247
8867
8229
8248
8868
8230
8249
8869
8231
8250
8870
8232
8251
8871
8233
8252
8872
8234
8253
8873
8235
8254
8874
8236
8255
8875
8237
8256
8876
8238
8257
8877
8239
8258
8878
8259
8879
8241
8260
8880
8242
8261
8881
8243
8262
8882
8244
8263
8883
8245
8264
8884
8246
8265
8885
8247
8266
8886
8248
8267
8887
8249
8268
8888
8250
8269
8889
8251
8270
8890
8252
8271
8891
8253
8272
8892
8254
8273
8893
8255
8274
8894
8256
8275
8895
8257
8276
8896
8258
8277
8897
8259
8278
8898
8279
8899
8261
8280
8900
8262
8281
8901
8263
8282
8902
8264
8283
8903
8265
8284
8904
8266
8285
8905
8267
8286
8906
8268
8287
8907
8269
8288
8908
8270
8289
8909
8271
8290
8910
8272
8291
8911
8273
8292
8912
8274
8293
8913
8275
8294
8914
8276
8295
8915
8277
8296
8916
8278
8297
8917
8279
8298
8918
8299
8919
8281
8300
8920
8282
8301
8921
8283
8302
8922
8284
8303
8923
8285
8304
8924
8286
8305
8925
8287
8306
8926
8288
8307
8927
8289
8308
8928
8290
8309
8929
8291
8310
8930
8292
8311
8931
8293
8312
8932
8294
8313
8933
8295
8314
8934
8296
8315
8935
8297
8316
8936
8298
8317
8937
8299
8318
8938
8319
8939
8301
8940
8302
8941
8303
8942
8304
8943
8305
8944
8306
8945
8307
8946
8308
8947
8309
8948
8310
8949
8311
8950
8312
8951
8313
8952
8314
8953
8315
8954
8316
8955
8317
8956
8318
8957
8319
8958
8959
8321
8340
8960
8322
8341
8961
8323
8342
8962
8324
8343
8963
8325
8344
8964
8326
8345
8965
8327
8346
8966
8328
8347
8967
8329
8348
8968
8330
8349
8969
8331
8350
8970
8332
8351
8971
8333
8352
8972
8334
8353
8973
8335
8354
8974
8336
8355
8975
8337
8356
8976
8338
8357
8977
8339
8358
8978
8359
8979
8341
8360
8980
8342
8361
8981
8343
8362
8982
8344
8363
8983
8345
8364
8984
8346
8365
8985
8347
8366
8986
8348
8367
8987
8349
8368
8988
8350
8369
8989
8351
8370
8990
8352
8371
8991
8353
8372
8992
8354
8373
8993
8355
8374
8994
8356
8375
8995
8357
8376
8996
8358
8377
8997
8359
8378
8998
8379
8999
8361
8380
9000
8362
8381
9001
8363
8382
9002
8364
8383
9003
8365
8384
9004
8366
8385
9005
8367
8386
9006
8368
8387
9007
8369
8388
9008
8370
8389
9009
8371
8390
9010
8372
8391
9011
8373
8392
9012
8374
8393
9013
8375
8394
9014
8376
8395
9015
8377
8396
9016
8378
8397
9017
8379
8398
9018
8399
9019
8381
8400
9020
8382
8401
9021
8383
8402
9022
8384
8403
9023
8385
8404
9024
8386
8405
9025
8387
8406
9026
8388
8407
9027
8389
8408
9028
8390
8409
9029
8391
8410
9030
8392
8411
9031
8393
8412
9032
8394
8413
9033
8395
8414
9034
8396
8415
9035
8397
8416
9036
8398
8417
9037
8399
8418
9038
8419
9039
8401
8420
9040
8402
8421
9041
8403
8422
9042
8404
8423
9043
8405
8424
9044
8406
8425
9045
8407
8426
9046
8408
8427
9047
8409
8428
9048
8410
8429
9049
8411
8430
9050
8412
8431
9051
8413
8432
9052
8414
8433
9053
8415
8434
9054
8416
8435
9055
8417
8436
9056
8418
8437
9057
8419
8438
9058
8439
9059
8421
8440
9060
8422
8441
9061
8423
8442
9062
8424
8443
9063
8425
8444
9064
8426
8445
9065
8427
8446
9066
8428
8447
9067
8429
8448
9068
8430
8449
9069
8431
8450
9070
8432
8451
9071
8433
8452
9072
8434
8453
9073
8435
8454
9074
8436
8455
9075
8437
8456
9076
8438
8457
9077
8439
8458
9078
8459
9079
8441
8460
9080
8442
8461
9081
8443
8462
9082
8444
8463
9083
8445
8464
9084
8446
8465
9085
8447
8466
9086
8448
8467
9087
8449
8468
9088
8450
8469
9089
8451
8470
9090
8452
8471
9091
8453
8472
9092
8454
8473
9093
8455
8474
9094
8456
8475
9095
8457
8476
9096
8458
8477
9097
8459
8478
9098
8479
9099
8461
8480
9100
8462
8481
9101
8463
8482
9102
8464
8483
9103
8465
8484
9104
8466
8485
9105
8467
8486
9106
8468
8487
9107
8469
8488
9108
8470
8489
9109
8471
8490
9110
8472
8491
9111
8473
8492
9112
8474
8493
9113
8475
8494
9114
8476
8495
9115
8477
8496
9116
8478
8497
9117
8479
8498
9118
8499
9119
8481
8500
9120
8482
8501
9121
8483
8502
9122
8484
8503
9123
8485
8504
9124
8486
8505
9125
8487
8506
9126
8488
8507
9127
8489
8508
9128
8490
8509
9129
8491
8510
9130
8492
8511
9131
8493
8512
9132
8494
8513
9133
8495
8514
9134
8496
8515
9135
8497
8516
9136
8498
8517
9137
8499
8518
9138
8519
9139
8501
8520
9140
8502
8521
9141
8503
8522
9142
8504
8523
9143
8505
8524
9144
8506
8525
9145
8507
8526
9146
8508
8527
9147
8509
8528
9148
8510
8529
9149
8511
8530
9150
8512
8531
9151
8513
8532
9152
8514
8533
9153
8515
8534
9154
8516
8535
9155
8517
8536
9156
8518
8537
9157
8519
8538
9158
8539
9159
8521
8540
9160
8522
8541
9161
8523
8542
9162
8524
8543
9163
8525
8544
9164
8526
8545
9165
8527
8546
9166
8528
8547
9167
8529
8548
9168
8530
8549
9169
8531
8550
9170
8532
8551
9171
8533
8552
9172
8534
8553
9173
8535
8554
9174
8536
8555
9175
8537
8556
9176
8538
8557
9177
8539
8558
9178
8559
9179
8541
8560
9180
8542
8561
9181
8543
8562
9182
8544
8563
9183
8545
8564
9184
8546
8565
9185
8547
8566
9186
8548
8567
9187
8549
8568
9188
8550
8569
9189
8551
8570
9190
8552
8571
9191
8553
8572
9192
8554
8573
9193
8555
8574
9194
8556
8575
9195
8557
8576
9196
8558
8577
9197
8559
8578
9198
8579
9199
8561
8580
9200
8562
8581
9201
8563
8582
9202
8564
8583
9203
8565
8584
9204
8566
8585
9205
8567
8586
9206
8568
8587
9207
8569
8588
9208
8570
8589
9209
8571
8590
9210
8572
8591
9211
8573
8592
9212
8574
8593
9213
8575
8594
9214
8576
8595
9215
8577
8596
9216
8578
8597
9217
8579
8598
9218
8599
9219
8581
8600
9220
8582
8601
9221
8583
8602
9222
8584
8603
9223
8585
8604
9224
8586
8605
9225
8587
8606
9226
8588
8607
9227
8589
8608
9228
8590
8609
9229
8591
8610
9230
8592
8611
9231
8593
8612
9232
8594
8613
9233
8595
8614
9234
8596
8615
9235
8597
8616
9236
8598
8617
9237
8599
8618
9238
8619
9239
8601
8620
9240
8602
8621
9241
8603
8622
9242
8604
8623
9243
8605
8624
9244
8606
8625
9245
8607
8626
9246
8608
8627
9247
8609
8628
9248
8610
8629
9249
8611
8630
9250
8612
8631
9251
8613
8632
9252
8614
8633
9253
8615
8634
9254
8616
8635
9255
8617
8636
9256
8618
8637
9257
8619
8638
9258
8639
9259
8621
8640
9260
8622
8641
9261
8623
8642
9262
8624
8643
9263
8625
8644
9264
8626
8645
9265
8627
8646
9266
8628
8647
9267
8629
8648
9268
8630
8649
9269
8631
8650
9270
8632
8651
9271
8633
8652
9272
8634
8653
9273
8635
8654
9274
8636
8655
9275
8637
8656
9276
8638
8657
9277
8639
8658
9278
8659
9279
8641
8660
9280
8642
8661
9281
8643
8662
9282
8644
8663
9283
8645
8664
9284
8646
8665
9285
8647
8666
9286
8648
8667
9287
8649
8668
9288
8650
8669
9289
8651
8670
9290
8652
8671
9291
8653
8672
9292
8654
8673
9293
8655
8674
9294
8656
8675
9295
8657
8676
9296
8658
8677
9297
8659
8678
9298
8679
9299
8661
8680
9300
8662
8681
9301
8663
8682
9302
8664
8683
9303
8665
8684
9304
8666
8685
9305
8667
8686
9306
8668
8687
9307
8669
8688
9308
8670
8689
9309
8671
8690
9310
8672
8691
9311
8673
8692
9312
8674
8693
9313
8675
8694
9314
8676
8695
9315
8677
8696
9316
8678
8697
9317
8679
8698
9318
8699
9319
8681
8700
9320
8682
8701
9321
8683
8702
9322
8684
8703
9323
8685
8704
9324
8686
8705
9325
8687
8706
9326
8688
8707
9327
8689
8708
9328
8690
8709
9329
8691
8710
9330
8692
8711
9331
8693
8712
9332
8694
8713
9333
8695
8714
9334
8696
8715
9335
8697
8716
9336
8698
8717
9337
8699
8718
9338
8719
9339
8701
8720
9340
8702
8721
9341
8703
8722
9342
8704
8723
9343
8705
8724
9344
8706
8725
9345
8707
8726
9346
8708
8727
9347
8709
8728
9348
8710
8729
9349
8711
8730
9350
8712
8731
9351
8713
8732
9352
8714
8733
9353
8715
8734
9354
8716
8735
9355
8717
8736
9356
8718
8737
9357
8719
8738
9358
8739
9359
8721
8740
9360
8722
8741
9361
8723
8742
9362
8724
8743
9363
8725
8744
9364
8726
8745
9365
8727
8746
9366
8728
8747
9367
8729
8748
9368
8730
8749
9369
8731
8750
9370
8732
8751
9371
8733
8752
9372
8734
8753
9373
8735
8754
9374
8736
8755
9375
8737
8756
9376
8738
8757
9377
8739
8758
9378
8759
9379
8741
8760
9380
8742
8761
9381
8743
8762
9382
8744
8763
9383
8745
8764
9384
8746
8765
9385
8747
8766
9386
8748
8767
9387
8749
8768
9388
8750
8769
9389
8751
8770
9390
8752
8771
9391
8753
8772
9392
8754
8773
9393
8755
8774
9394
8756
8775
9395
8757
8776
9396
8758
8777
9397
8759
8778
9398
8779
9399
8761
8780
9400
8762
8781
9401
8763
8782
9402
8764
8783
9403
8765
8784
9404
8766
8785
9405
8767
8786
9406
8768
8787
9407
8769
8788
9408
8770
8789
9409
8771
8790
9410
8772
8791
9411
8773
8792
9412
8774
8793
9413
8775
8794
9414
8776
8795
9415
8777
8796
9416
8778
8797
9417
8779
8798
9418
8799
9419
8781
8800
9420
8782
8801
9421
8783
8802
9422
8784
8803
9423
8785
8804
9424
8786
8805
9425
8787
8806
9426
8788
8807
9427
8789
8808
9428
8790
8809
9429
8791
8810
9430
8792
8811
9431
8793
8812
9432
8794
8813
9433
8795
8814
9434
8796
8815
9435
8797
8816
9436
8798
8817
9437
8799
8818
9438
8819
9439
8801
8820
9440
8802
8821
9441
8803
8822
9442
8804
8823
9443
8805
8824
9444
8806
8825
9445
8807
8826
9446
8808
8827
9447
8809
8828
9448
8810
8829
9449
8811
8830
9450
8812
8831
9451
8813
8832
9452
8814
8833
9453
8815
8834
9454
8816
8835
9455
8817
8836
9456
8818
8837
9457
8819
8838
9458
8839
9459
8821
8840
9460
8822
8841
9461
8823
8842
9462
8824
8843
9463
8825
8844
9464
8826
8845
9465
8827
8846
9466
8828
8847
9467
8829
8848
9468
8830
8849
9469
8831
8850
9470
8832
8851
9471
8833
8852
9472
8834
8853
9473
8835
8854
9474
8836
8855
9475
8837
8856
9476
8838
8857
9477
8839
8858
9478
8859
9479
8841
8860
9480
8842
8861
9481
8843
8862
9482
8844
8863
9483
8845
8864
9484
8846
8865
9485
8847
8866
9486
8848
8867
9487
8849
8868
9488
8850
8869
9489
8851
8870
9490
8852
8871
9491
8853
8872
9492
8854
8873
9493
8855
8874
9494
8856
8875
9495
8857
8876
9496
8858
8877
9497
8859
8878
9498
8879
9499
8861
8880
9500
8862
8881
9501
8863
8882
9502
8864
8883
9503
8865
8884
9504
8866
8885
9505
8867
8886
9506
8868
8887
9507
8869
8888
9508
8870
8889
9509
8871
8890
9510
8872
8891
9511
8873
8892
9512
8874
8893
9513
8875
8894
9514
8876
8895
9515
8877
8896
9516
8878
8897
9517
8879
8898
9518
8899
9519
8881
8900
9520
8882
8901
9521
8883
8902
9522
8884
8903
9523
8885
8904
9524
8886
8905
9525
8887
8906
9526
8888
8907
9527
8889
8908
9528
8890
8909
9529
8891
8910
9530
8892
8911
9531
8893
8912
9532
8894
8913
9533
8895
8914
9534
8896
8915
9535
8897
8916
9536
8898
8917
9537
8899
8918
9538
8919
9539
8901
8920
9540
8902
8921
9541
8903
8922
9542
8904
8923
9543
8905
8924
9544
8906
8925
9545
8907
8926
9546
8908
8927
9547
8909
8928
9548
8910
8929
9549
8911
8930
9550
8912
8931
9551
8913
8932
9552
8914
8933
9553
8915
8934
9554
8916
8935
9555
8917
8936
9556
8918
8937
9557
8919
8938
9558
8939
9559
8921
8940
9560
8922
8941
9561
8923
8942
9562
8924
8943
9563
8925
8944
9564
8926
8945
9565
8927
8946
9566
8928
8947
9567
8929
8948
9568
8930
8949
9569
8931
8950
9570
8932
8951
9571
8933
8952
9572
8934
8953
9573
8935
8954
9574
8936
8955
9575
8937
8956
9576
8938
8957
9577
8939
8958
9578
8959
9579
8941
9580
8942
9581
8943
9582
8944
9583
8945
9584
8946
9585
8947
9586
8948
9587
8949
9588
8950
9589
8951
9590
8952
9591
8953
9592
8954
9593
8955
9594
8956
9595
8957
9596
8958
9597
8959
9598
9599
8961
8980
9600
8962
8981
9601
8963
8982
9602
8964
8983
9603
8965
8984
9604
8966
8985
9605
8967
8986
9606
8968
8987
9607
8969
8988
9608
8970
8989
9609
8971
8990
9610
8972
8991
9611
8973
8992
9612
8974
8993
9613
8975
8994
9614
8976
8995
9615
8977
8996
9616
8978
8997
9617
8979
8998
9618
8999
9619
8981
9000
9620
8982
9001
9621
8983
9002
9622
8984
9003
9623
8985
9004
9624
8986
9005
9625
8987
9006
9626
8988
9007
9627
8989
9008
9628
8990
9009
9629
8991
9010
9630
8992
9011
9631
8993
9012
9632
8994
9013
9633
8995
9014
9634
8996
9015
9635
8997
9016
9636
8998
9017
9637
8999
9018
9638
9019
9639
9001
9020
9640
9002
9021
9641
9003
9022
9642
9004
9023
9643
9005
9024
9644
9006
9025
9645
9007
9026
9646
9008
9027
9647
9009
9028
9648
9010
9029
9649
9011
9030
9650
9012
9031
9651
9013
9032
9652
9014
9033
9653
9015
9034
9654
9016
9035
9655
9017
9036
9656
9018
9037
9657
9019
9038
9658
9039
9659
9021
9040
9660
9022
9041
9661
9023
9042
9662
9024
9043
9663
9025
9044
9664
9026
9045
9665
9027
9046
9666
9028
9047
9667
9029
9048
9668
9030
9049
9669
9031
9050
9670
9032
9051
9671
9033
9052
9672
9034
9053
9673
9035
9054
9674
9036
9055
9675
9037
9056
9676
9038
9057
9677
9039
9058
9678
9059
9679
9041
9060
9680
9042
9061
9681
9043
9062
9682
9044
9063
9683
9045
9064
9684
9046
9065
9685
9047
9066
9686
9048
9067
9687
9049
9068
9688
9050
9069
9689
9051
9070
9690
9052
9071
9691
9053
9072
9692
9054
9073
9693
9055
9074
9694
9056
9075
9695
9057
9076
9696
9058
9077
9697
9059
9078
9698
9079
9699
9061
9080
9700
9062
9081
9701
9063
9082
9702
9064
9083
9703
9065
9084
9704
9066
9085
9705
9067
9086
9706
9068
9087
9707
9069
9088
9708
9070
9089
9709
9071
9090
9710
9072
9091
9711
9073
9092
9712
9074
9093
9713
9075
9094
9714
9076
9095
9715
9077
9096
9716
9078
9097
9717
9079
9098
9718
9099
9719
9081
9100
9720
9082
9101
9721
9083
9102
9722
9084
9103
9723
9085
9104
9724
9086
9105
9725
9087
9106
9726
9088
9107
9727
9089
9108
9728
9090
9109
9729
9091
9110
9730
9092
9111
9731
9093
9112
9732
9094
9113
9733
9095
9114
9734
9096
9115
9735
9097
9116
9736
9098
9117
9737
9099
9118
9738
9119
9739
9101
9120
9740
9102
9121
9741
9103
9122
9742
9104
9123
9743
9105
9124
9744
9106
9125
9745
9107
9126
9746
9108
9127
9747
9109
9128
9748
9110
9129
9749
9111
9130
9750
9112
9131
9751
9113
9132
9752
9114
9133
9753
9115
9134
9754
9116
9135
9755
9117
9136
9756
9118
9137
9757
9119
9138
9758
9139
9759
9121
9140
9760
9122
9141
9761
9123
9142
9762
9124
9143
9763
9125
9144
9764
9126
9145
9765
9127
9146
9766
9128
9147
9767
9129
9148
9768
9130
9149
9769
9131
9150
9770
9132
9151
9771
9133
9152
9772
9134
9153
9773
9135
9154
9774
9136
9155
9775
9137
9156
9776
9138
9157
9777
9139
9158
9778
9159
9779
9141
9160
9780
9142
9161
9781
9143
9162
9782
9144
9163
9783
9145
9164
9784
9146
9165
9785
9147
9166
9786
9148
9167
9787
9149
9168
9788
9150
9169
9789
9151
9170
9790
9152
9171
9791
9153
9172
9792
9154
9173
9793
9155
9174
9794
9156
9175
9795
9157
9176
9796
9158
9177
9797
9159
9178
9798
9179
9799
9161
9180
9800
9162
9181
9801
9163
9182
9802
9164
9183
9803
9165
9184
9804
9166
9185
9805
9167
9186
9806
9168
9187
9807
9169
9188
9808
9170
9189
9809
9171
9190
9810
9172
9191
9811
9173
9192
9812
9174
9193
9813
9175
9194
9814
9176
9195
9815
9177
9196
9816
9178
9197
9817
9179
9198
9818
9199
9819
9181
9200
9820
9182
9201
9821
9183
9202
9822
9184
9203
9823
9185
9204
9824
9186
9205
9825
9187
9206
9826
9188
9207
9827
9189
9208
9828
9190
9209
9829
9191
9210
9830
9192
9211
9831
9193
9212
9832
9194
9213
9833
9195
9214
9834
9196
9215
9835
9197
9216
9836
9198
9217
9837
9199
9218
9838
9219
9839
9201
9220
9840
9202
9221
9841
9203
9222
9842
9204
9223
9843
9205
9224
9844
9206
9225
9845
9207
9226
9846
9208
9227
9847
9209
9228
9848
9210
9229
9849
9211
9230
9850
9212
9231
9851
9213
9232
9852
9214
9233
9853
9215
9234
9854
9216
9235
9855
9217
9236
9856
9218
9237
9857
9219
9238
9858
9239
9859
9221
9240
9860
9222
9241
9861
9223
9242
9862
9224
9243
9863
9225
9244
9864
9226
9245
9865
9227
9246
9866
9228
9247
9867
9229
9248
9868
9230
9249
9869
9231
9250
9870
9232
9251
9871
9233
9252
9872
9234
9253
9873
9235
9254
9874
9236
9255
9875
9237
9256
9876
9238
9257
9877
9239
9258
9878
9259
9879
9241
9260
9880
9242
9261
9881
9243
9262
9882
9244
9263
9883
9245
9264
9884
9246
9265
9885
9247
9266
9886
9248
9267
9887
9249
9268
9888
9250
9269
9889
9251
9270
9890
9252
9271
9891
9253
9272
9892
9254
9273
9893
9255
9274
9894
9256
9275
9895
9257
9276
9896
9258
9277
9897
9259
9278
9898
9279
9899
9261
9280
9900
9262
9281
9901
9263
9282
9902
9264
9283
9903
9265
9284
9904
9266
9285
9905
9267
9286
9906
9268
9287
9907
9269
9288
9908
9270
9289
9909
9271
9290
9910
9272
9291
9911
9273
9292
9912
9274
9293
9913
9275
9294
9914
9276
9295
9915
9277
9296
9916
9278
9297
9917
9279
9298
9918
9299
9919
9281
9300
9920
9282
9301
9921
9283
9302
9922
9284
9303
9923
9285
9304
9924
9286
9305
9925
9287
9306
9926
9288
9307
9927
9289
9308
9928
9290
9309
9929
9291
9310
9930
9292
9311
9931
9293
9312
9932
9294
9313
9933
9295
9314
9934
9296
9315
9935
9297
9316
9936
9298
9317
9937
9299
9318
9938
9319
9939
9301
9320
9940
9302
9321
9941
9303
9322
9942
9304
9323
9943
9305
9324
9944
9306
9325
9945
9307
9326
9946
9308
9327
9947
9309
9328
9948
9310
9329
9949
9311
9330
9950
9312
9331
9951
9313
9332
9952
9314
9333
9953
9315
9334
9954
9316
9335
9955
9317
9336
9956
9318
9337
9957
9319
9338
9958
9339
9959
9321
9340
9960
9322
9341
9961
9323
9342
9962
9324
9343
9963
9325
9344
9964
9326
9345
9965
9327
9346
9966
9328
9347
9967
9329
9348
9968
9330
9349
9969
9331
9350
9970
9332
9351
9971
9333
9352
9972
9334
9353
9973
9335
9354
9974
9336
9355
9975
9337
9356
9976
9338
9357
9977
9339
9358
9978
9359
9979
9341
9360
9980
9342
9361
9981
9343
9362
9982
9344
9363
9983
9345
9364
9984
9346
9365
9985
9347
9366
9986
9348
9367
9987
9349
9368
9988
9350
9369
9989
9351
9370
9990
9352
9371
9991
9353
9372
9992
9354
9373
9993
9355
9374
9994
9356
9375
9995
9357
9376
9996
9358
9377
9997
9359
9378
9998
9379
9999
9361
9380
10000
9362
9381
10001
9363
9382
10002
9364
9383
10003
9365
9384
10004
9366
9385
10005
9367
9386
10006
9368
9387
10007
9369
9388
10008
9370
9389
10009
9371
9390
10010
9372
9391
10011
9373
9392
10012
9374
9393
10013
9375
9394
10014
9376
9395
10015
9377
9396
10016
9378
9397
10017
9379
9398
10018
9399
10019
9381
9400
10020
9382
9401
10021
9383
9402
10022
9384
9403
10023
9385
9404
10024
9386
9405
10025
9387
9406
10026
9388
9407
10027
9389
9408
10028
9390
9409
10029
9391
9410
10030
9392
9411
10031
9393
9412
10032
9394
9413
10033
9395
9414
10034
9396
9415
10035
9397
9416
10036
9398
9417
10037
9399
9418
10038
9419
10039
9401
9420
10040
9402
9421
10041
9403
9422
10042
9404
9423
10043
9405
9424
10044
9406
9425
10045
9407
9426
10046
9408
9427
10047
9409
9428
10048
9410
9429
10049
9411
9430
10050
9412
9431
10051
9413
9432
10052
9414
9433
10053
9415
9434
10054
9416
9435
10055
9417
9436
10056
9418
9437
10057
9419
9438
10058
9439
10059
9421
9440
10060
9422
9441
10061
9423
9442
10062
9424
9443
10063
9425
9444
10064
9426
9445
10065
9427
9446
10066
9428
9447
10067
9429
9448
10068
9430
9449
10069
9431
9450
10070
9432
9451
10071
9433
9452
10072
9434
9453
10073
9435
9454
10074
9436
9455
10075
9437
9456
10076
9438
9457
10077
9439
9458
10078
9459
10079
9441
9460
10080
9442
9461
10081
9443
9462
10082
9444
9463
10083
9445
9464
10084
9446
9465
10085
9447
9466
10086
9448
9467
10087
9449
9468
10088
9450
9469
10089
9451
9470
10090
9452
9471
10091
9453
9472
10092
9454
9473
10093
9455
9474
10094
9456
9475
10095
9457
9476
10096
9458
9477
10097
9459
9478
10098
9479
10099
9461
9480
10100
9462
9481
10101
9463
9482
10102
9464
9483
10103
9465
9484
10104
9466
9485
10105
9467
9486
10106
9468
9487
10107
9469
9488
10108
9470
9489
10109
9471
9490
10110
9472
9491
10111
9473
9492
10112
9474
9493
10113
9475
9494
10114
9476
9495
10115
9477
9496
10116
9478
9497
10117
9479
9498
10118
9499
10119
9481
9500
10120
9482
9501
10121
9483
9502
10122
9484
9503
10123
9485
9504
10124
9486
9505
10125
9487
9506
10126
9488
9507
10127
9489
9508
10128
9490
9509
10129
9491
9510
10130
9492
9511
10131
9493
9512
10132
9494
9513
10133
9495
9514
10134
9496
9515
10135
9497
9516
10136
9498
9517
10137
9499
9518
10138
9519
10139
9501
9520
10140
9502
9521
10141
9503
9522
10142
9504
9523
10143
9505
9524
10144
9506
9525
10145
9507
9526
10146
9508
9527
10147
9509
9528
10148
9510
9529
10149
9511
9530
10150
9512
9531
10151
9513
9532
10152
9514
9533
10153
9515
9534
10154
9516
9535
10155
9517
9536
10156
9518
9537
10157
9519
9538
10158
9539
10159
9521
9540
10160
9522
9541
10161
9523
9542
10162
9524
9543
10163
9525
9544
10164
9526
9545
10165
9527
9546
10166
9528
9547
10167
9529
9548
10168
9530
9549
10169
9531
9550
10170
9532
9551
10171
9533
9552
10172
9534
9553
10173
9535
9554
10174
9536
9555
10175
9537
9556
10176
9538
9557
10177
9539
9558
10178
9559
10179
9541
9560
10180
9542
9561
10181
9543
9562
10182
9544
9563
10183
9545
9564
10184
9546
9565
10185
9547
9566
10186
9548
9567
10187
9549
9568
10188
9550
9569
10189
9551
9570
10190
9552
9571
10191
9553
9572
10192
9554
9573
10193
9555
9574
10194
9556
9575
10195
9557
9576
10196
9558
9577
10197
9559
9578
10198
9579
10199
9561
9580
10200
9562
9581
10201
9563
9582
10202
9564
9583
10203
9565
9584
10204
9566
9585
10205
9567
9586
10206
9568
9587
10207
9569
9588
10208
9570
9589
10209
9571
9590
10210
9572
9591
10211
9573
9592
10212
9574
9593
10213
9575
9594
10214
9576
9595
10215
9577
9596
10216
9578
9597
10217
9579
9598
10218
9599
10219
9581
10220
9582
10221
9583
10222
9584
10223
9585
10224
9586
10225
9587
10226
9588
10227
9589
10228
9590
10229
9591
10230
9592
10231
9593
10232
9594
10233
9595
10234
9596
10235
9597
10236
9598
10237
9599
10238
10239
9601
9620
10240
9602
9621
10241
9603
9622
10242
9604
9623
10243
9605
9624
10244
9606
9625
10245
9607
9626
10246
9608
9627
10247
9609
9628
10248
9610
9629
10249
9611
9630
10250
9612
9631
10251
9613
9632
10252
9614
9633
10253
9615
9634
10254
9616
9635
10255
9617
9636
10256
9618
9637
10257
9619
9638
10258
9639
10259
9621
9640
10260
9622
9641
10261
9623
9642
10262
9624
9643
10263
9625
9644
10264
9626
9645
10265
9627
9646
10266
9628
9647
10267
9629
9648
10268
9630
9649
10269
9631
9650
10270
9632
9651
10271
9633
9652
10272
9634
9653
10273
9635
9654
10274
9636
9655
10275
9637
9656
10276
9638
9657
10277
9639
9658
10278
9659
10279
9641
9660
10280
9642
9661
10281
9643
9662
10282
9644
9663
10283
9645
9664
10284
9646
9665
10285
9647
9666
10286
9648
9667
10287
9649
9668
10288
9650
9669
10289
9651
9670
10290
9652
9671
10291
9653
9672
10292
9654
9673
10293
9655
9674
10294
9656
9675
10295
9657
9676
10296
9658
9677
10297
9659
9678
10298
9679
10299
9661
9680
10300
9662
9681
10301
9663
9682
10302
9664
9683
10303
9665
9684
10304
9666
9685
10305
9667
9686
10306
9668
9687
10307
9669
9688
10308
9670
9689
10309
9671
9690
10310
9672
9691
10311
9673
9692
10312
9674
9693
10313
9675
9694
10314
9676
9695
10315
9677
9696
10316
9678
9697
10317
9679
9698
10318
9699
10319
9681
9700
10320
9682
9701
10321
9683
9702
10322
9684
9703
10323
9685
9704
10324
9686
9705
10325
9687
9706
10326
9688
9707
10327
9689
9708
10328
9690
9709
10329
9691
9710
10330
9692
9711
10331
9693
9712
10332
9694
9713
10333
9695
9714
10334
9696
9715
10335
9697
9716
10336
9698
9717
10337
9699
9718
10338
9719
10339
9701
9720
10340
9702
9721
10341
9703
9722
10342
9704
9723
10343
9705
9724
10344
9706
9725
10345
9707
9726
10346
9708
9727
10347
9709
9728
10348
9710
9729
10349
9711
9730
10350
9712
9731
10351
9713
9732
10352
9714
9733
10353
9715
9734
10354
9716
9735
10355
9717
9736
10356
9718
9737
10357
9719
9738
10358
9739
10359
9721
9740
10360
9722
9741
10361
9723
9742
10362
9724
9743
10363
9725
9744
10364
9726
9745
10365
9727
9746
10366
9728
9747
10367
9729
9748
10368
9730
9749
10369
9731
9750
10370
9732
9751
10371
9733
9752
10372
9734
9753
10373
9735
9754
10374
9736
9755
10375
9737
9756
10376
9738
9757
10377
9739
9758
10378
9759
10379
9741
9760
10380
9742
9761
10381
9743
9762
10382
9744
9763
10383
9745
9764
10384
9746
9765
10385
9747
9766
10386
9748
9767
10387
9749
9768
10388
9750
9769
10389
9751
9770
10390
9752
9771
10391
9753
9772
10392
9754
9773
10393
9755
9774
10394
9756
9775
10395
9757
9776
10396
9758
9777
10397
9759
9778
10398
9779
10399
9761
9780
10400
9762
9781
10401
9763
9782
10402
9764
9783
10403
9765
9784
10404
9766
9785
10405
9767
9786
10406
9768
9787
10407
9769
9788
10408
9770
9789
10409
9771
9790
10410
9772
9791
10411
9773
9792
10412
9774
9793
10413
9775
9794
10414
9776
9795
10415
9777
9796
10416
9778
9797
10417
9779
9798
10418
9799
10419
9781
9800
10420
9782
9801
10421
9783
9802
10422
9784
9803
10423
9785
9804
10424
9786
9805
10425
9787
9806
10426
9788
9807
10427
9789
9808
10428
9790
9809
10429
9791
9810
10430
9792
9811
10431
9793
9812
10432
9794
9813
10433
9795
9814
10434
9796
9815
10435
9797
9816
10436
9798
9817
10437
9799
9818
10438
9819
10439
9801
9820
10440
9802
9821
10441
9803
9822
10442
9804
9823
10443
9805
9824
10444
9806
9825
10445
9807
9826
10446
9808
9827
10447
9809
9828
10448
9810
9829
10449
9811
9830
10450
9812
9831
10451
9813
9832
10452
9814
9833
10453
9815
9834
10454
9816
9835
10455
9817
9836
10456
9818
9837
10457
9819
9838
10458
9839
10459
9821
9840
10460
9822
9841
10461
9823
9842
10462
9824
9843
10463
9825
9844
10464
9826
9845
10465
9827
9846
10466
9828
9847
10467
9829
9848
10468
9830
9849
10469
9831
9850
10470
9832
9851
10471
9833
9852
10472
9834
9853
10473
9835
9854
10474
9836
9855
10475
9837
9856
10476
9838
9857
10477
9839
9858
10478
9859
10479
9841
9860
10480
9842
9861
10481
9843
9862
10482
9844
9863
10483
9845
9864
10484
9846
9865
10485
9847
9866
10486
9848
9867
10487
9849
9868
10488
9850
9869
10489
9851
9870
10490
9852
9871
10491
9853
9872
10492
9854
9873
10493
9855
9874
10494
9856
9875
10495
9857
9876
10496
9858
9877
10497
9859
9878
10498
9879
10499
9861
9880
10500
9862
9881
10501
9863
9882
10502
9864
9883
10503
9865
9884
10504
9866
9885
10505
9867
9886
10506
9868
9887
10507
9869
9888
10508
9870
9889
10509
9871
9890
10510
9872
9891
10511
9873
9892
10512
9874
9893
10513
9875
9894
10514
9876
9895
10515
9877
9896
10516
9878
9897
10517
9879
9898
10518
9899
10519
9881
9900
10520
9882
9901
10521
9883
9902
10522
9884
9903
10523
9885
9904
10524
9886
9905
10525
9887
9906
10526
9888
9907
10527
9889
9908
10528
9890
9909
10529
9891
9910
10530
9892
9911
10531
9893
9912
10532
9894
9913
10533
9895
9914
10534
9896
9915
10535
9897
9916
10536
9898
9917
10537
9899
9918
10538
9919
10539
9901
9920
10540
9902
9921
10541
9903
9922
10542
9904
9923
10543
9905
9924
10544
9906
9925
10545
9907
9926
10546
9908
9927
10547
9909
9928
10548
9910
9929
10549
9911
9930
10550
9912
9931
10551
9913
9932
10552
9914
9933
10553
9915
9934
10554
9916
9935
10555
9917
9936
10556
9918
9937
10557
9919
9938
10558
9939
10559
9921
9940
10560
9922
9941
10561
9923
9942
10562
9924
9943
10563
9925
9944
10564
9926
9945
10565
9927
9946
10566
9928
9947
10567
9929
9948
10568
9930
9949
10569
9931
9950
10570
9932
9951
10571
9933
9952
10572
9934
9953
10573
9935
9954
10574
9936
9955
10575
9937
9956
10576
9938
9957
10577
9939
9958
10578
9959
10579
9941
9960
10580
9942
9961
10581
9943
9962
10582
9944
9963
10583
9945
9964
10584
9946
9965
10585
9947
9966
10586
9948
9967
10587
9949
9968
10588
9950
9969
10589
9951
9970
10590
9952
9971
10591
9953
9972
10592
9954
9973
10593
9955
9974
10594
9956
9975
10595
9957
9976
10596
9958
9977
10597
9959
9978
10598
9979
10599
9961
9980
10600
9962
9981
10601
9963
9982
10602
9964
9983
10603
9965
9984
10604
9966
9985
10605
9967
9986
10606
9968
9987
10607
9969
9988
10608
9970
9989
10609
9971
9990
10610
9972
9991
10611
9973
9992
10612
9974
9993
10613
9975
9994
10614
9976
9995
10615
9977
9996
10616
9978
9997
10617
9979
9998
10618
9999
10619
9981
10000
10620
9982
10001
10621
9983
10002
10622
9984
10003
10623
9985
10004
10624
9986
10005
10625
9987
10006
10626
9988
10007
10627
9989
10008
10628
9990
10009
10629
9991
10010
10630
9992
10011
10631
9993
10012
10632
9994
10013
10633
9995
10014
10634
9996
10015
10635
9997
10016
10636
9998
10017
10637
9999
10018
10638
10019
10639
10001
10020
10640
10002
10021
10641
10003
10022
10642
10004
10023
10643
10005
10024
10644
10006
10025
10645
10007
10026
10646
10008
10027
10647
10009
10028
10648
10010
10029
10649
10011
10030
10650
10012
10031
10651
10013
10032
10652
10014
10033
10653
10015
10034
10654
10016
10035
10655
10017
10036
10656
10018
10037
10657
10019
10038
10658
10039
10659
10021
10040
10660
10022
10041
10661
10023
10042
10662
10024
10043
10663
10025
10044
10664
10026
10045
10665
10027
10046
10666
10028
10047
10667
10029
10048
10668
10030
10049
10669
10031
10050
10670
10032
10051
10671
10033
10052
10672
10034
10053
10673
10035
10054
10674
10036
10055
10675
10037
10056
10676
10038
10057
10677
10039
10058
10678
10059
10679
10041
10060
10680
10042
10061
10681
10043
10062
10682
10044
10063
10683
10045
10064
10684
10046
10065
10685
10047
10066
10686
10048
10067
10687
10049
10068
10688
10050
10069
10689
10051
10070
10690
10052
10071
10691
10053
10072
10692
10054
10073
10693
10055
10074
10694
10056
10075
10695
10057
10076
10696
10058
10077
10697
10059
10078
10698
10079
10699
10061
10080
10700
10062
10081
10701
10063
10082
10702
10064
10083
10703
10065
10084
10704
10066
10085
10705
10067
10086
10706
10068
10087
10707
10069
10088
10708
10070
10089
10709
10071
10090
10710
10072
10091
10711
10073
10092
10712
10074
10093
10713
10075
10094
10714
10076
10095
10715
10077
10096
10716
10078
10097
10717
10079
10098
10718
10099
10719
10081
10100
10720
10082
10101
10721
10083
10102
10722
10084
10103
10723
10085
10104
10724
10086
10105
10725
10087
10106
10726
10088
10107
10727
10089
10108
10728
10090
10109
10729
10091
10110
10730
10092
10111
10731
10093
10112
10732
10094
10113
10733
10095
10114
10734
10096
10115
10735
10097
10116
10736
10098
10117
10737
10099
10118
10738
10119
10739
10101
10120
10740
10102
10121
10741
10103
10122
10742
10104
10123
10743
10105
10124
10744
10106
10125
10745
10107
10126
10746
10108
10127
10747
10109
10128
10748
10110
10129
10749
10111
10130
10750
10112
10131
10751
10113
10132
10752
10114
10133
10753
10115
10134
10754
10116
10135
10755
10117
10136
10756
10118
10137
10757
10119
10138
10758
10139
10759
10121
10140
10760
10122
10141
10761
10123
10142
10762
10124
10143
10763
10125
10144
10764
10126
10145
10765
10127
10146
10766
10128
10147
10767
10129
10148
10768
10130
10149
10769
10131
10150
10770
10132
10151
10771
10133
10152
10772
10134
10153
10773
10135
10154
10774
10136
10155
10775
10137
10156
10776
10138
10157
10777
10139
10158
10778
10159
10779
10141
10160
10780
10142
10161
10781
10143
10162
10782
10144
10163
10783
10145
10164
10784
10146
10165
10785
10147
10166
10786
10148
10167
10787
10149
10168
10788
10150
10169
10789
10151
10170
10790
10152
10171
10791
10153
10172
10792
10154
10173
10793
10155
10174
10794
10156
10175
10795
10157
10176
10796
10158
10177
10797
10159
10178
10798
10179
10799
10161
10180
10800
10162
10181
10801
10163
10182
10802
10164
10183
10803
10165
10184
10804
10166
10185
10805
10167
10186
10806
10168
10187
10807
10169
10188
10808
10170
10189
10809
10171
10190
10810
10172
10191
10811
10173
10192
10812
10174
10193
10813
10175
10194
10814
10176
10195
10815
10177
10196
10816
10178
10197
10817
10179
10198
10818
10199
10819
10181
10200
10820
10182
10201
10821
10183
10202
10822
10184
10203
10823
10185
10204
10824
10186
10205
10825
10187
10206
10826
10188
10207
10827
10189
10208
10828
10190
10209
10829
10191
10210
10830
10192
10211
10831
10193
10212
10832
10194
10213
10833
10195
10214
10834
10196
10215
10835
10197
10216
10836
10198
10217
10837
10199
10218
10838
10219
10839
10201
10220
10840
10202
10221
10841
10203
10222
10842
10204
10223
10843
10205
10224
10844
10206
10225
10845
10207
10226
10846
10208
10227
10847
10209
10228
10848
10210
10229
10849
10211
10230
10850
10212
10231
10851
10213
10232
10852
10214
10233
10853
10215
10234
10854
10216
10235
10855
10217
10236
10856
10218
10237
10857
10219
10238
10858
10239
10859
10221
10860
10222
10861
10223
10862
10224
10863
10225
10864
10226
10865
10227
10866
10228
10867
10229
10868
10230
10869
10231
10870
10232
10871
10233
10872
10234
10873
10235
10874
10236
10875
10237
10876
10238
10877
10239
10878
10879
10241
10260
10880
10242
10261
10881
10243
10262
10882
10244
10263
10883
10245
10264
10884
10246
10265
10885
10247
10266
10886
10248
10267
10887
10249
10268
10888
10250
10269
10889
10251
10270
10890
10252
10271
10891
10253
10272
10892
10254
10273
10893
10255
10274
10894
10256
10275
10895
10257
10276
10896
10258
10277
10897
10259
10278
10898
10279
10899
10261
10280
10900
10262
10281
10901
10263
10282
10902
10264
10283
10903
10265
10284
10904
10266
10285
10905
10267
10286
10906
10268
10287
10907
10269
10288
10908
10270
10289
10909
10271
10290
10910
10272
10291
10911
10273
10292
10912
10274
10293
10913
10275
10294
10914
10276
10295
10915
10277
10296
10916
10278
10297
10917
10279
10298
10918
10299
10919
10281
10300
10920
10282
10301
10921
10283
10302
10922
10284
10303
10923
10285
10304
10924
10286
10305
10925
10287
10306
10926
10288
10307
10927
10289
10308
10928
10290
10309
10929
10291
10310
10930
10292
10311
10931
10293
10312
10932
10294
10313
10933
10295
10314
10934
10296
10315
10935
10297
10316
10936
10298
10317
10937
10299
10318
10938
10319
10939
10301
10320
10940
10302
10321
10941
10303
10322
10942
10304
10323
10943
10305
10324
10944
10306
10325
10945
10307
10326
10946
10308
10327
10947
10309
10328
10948
10310
10329
10949
10311
10330
10950
10312
10331
10951
10313
10332
10952
10314
10333
10953
10315
10334
10954
10316
10335
10955
10317
10336
10956
10318
10337
10957
10319
10338
10958
10339
10959
10321
10340
10960
10322
10341
10961
10323
10342
10962
10324
10343
10963
10325
10344
10964
10326
10345
10965
10327
10346
10966
10328
10347
10967
10329
10348
10968
10330
10349
10969
10331
10350
10970
10332
10351
10971
10333
10352
10972
10334
10353
10973
10335
10354
10974
10336
10355
10975
10337
10356
10976
10338
10357
10977
10339
10358
10978
10359
10979
10341
10360
10980
10342
10361
10981
10343
10362
10982
10344
10363
10983
10345
10364
10984
10346
10365
10985
10347
10366
10986
10348
10367
10987
10349
10368
10988
10350
10369
10989
10351
10370
10990
10352
10371
10991
10353
10372
10992
10354
10373
10993
10355
10374
10994
10356
10375
10995
10357
10376
10996
10358
10377
10997
10359
10378
10998
10379
10999
10361
10380
11000
10362
10381
11001
10363
10382
11002
10364
10383
11003
10365
10384
11004
10366
10385
11005
10367
10386
11006
10368
10387
11007
10369
10388
11008
10370
10389
11009
10371
10390
11010
10372
10391
11011
10373
10392
11012
10374
10393
11013
10375
10394
11014
10376
10395
11015
10377
10396
11016
10378
10397
11017
10379
10398
11018
10399
11019
10381
10400
11020
10382
10401
11021
10383
10402
11022
10384
10403
11023
10385
10404
11024
10386
10405
11025
10387
10406
11026
10388
10407
11027
10389
10408
11028
10390
10409
11029
10391
10410
11030
10392
10411
11031
10393
10412
11032
10394
10413
11033
10395
10414
11034
10396
10415
11035
10397
10416
11036
10398
10417
11037
10399
10418
11038
10419
11039
10401
10420
11040
10402
10421
11041
10403
10422
11042
10404
10423
11043
10405
10424
11044
10406
10425
11045
10407
10426
11046
10408
10427
11047
10409
10428
11048
10410
10429
11049
10411
10430
11050
10412
10431
11051
10413
10432
11052
10414
10433
11053
10415
10434
11054
10416
10435
11055
10417
10436
11056
10418
10437
11057
10419
10438
11058
10439
11059
10421
10440
11060
10422
10441
11061
10423
10442
11062
10424
10443
11063
10425
10444
11064
10426
10445
11065
10427
10446
11066
10428
10447
11067
10429
10448
11068
10430
10449
11069
10431
10450
11070
10432
10451
11071
10433
10452
11072
10434
10453
11073
10435
10454
11074
10436
10455
11075
10437
10456
11076
10438
10457
11077
10439
10458
11078
10459
11079
10441
10460
11080
10442
10461
11081
10443
10462
11082
10444
10463
11083
10445
10464
11084
10446
10465
11085
10447
10466
11086
10448
10467
11087
10449
10468
11088
10450
10469
11089
10451
10470
11090
10452
10471
11091
10453
10472
11092
10454
10473
11093
10455
10474
11094
10456
10475
11095
10457
10476
11096
10458
10477
11097
10459
10478
11098
10479
11099
10461
10480
11100
10462
10481
11101
10463
10482
11102
10464
10483
11103
10465
10484
11104
10466
10485
11105
10467
10486
11106
10468
10487
11107
10469
10488
11108
10470
10489
11109
10471
10490
11110
10472
10491
11111
10473
10492
11112
10474
10493
11113
10475
10494
11114
10476
10495
11115
10477
10496
11116
10478
10497
11117
10479
10498
11118
10499
11119
10481
10500
11120
10482
10501
11121
10483
10502
11122
10484
10503
11123
10485
10504
11124
10486
10505
11125
10487
10506
11126
10488
10507
11127
10489
10508
11128
10490
10509
11129
10491
10510
11130
10492
10511
11131
10493
10512
11132
10494
10513
11133
10495
10514
11134
10496
10515
11135
10497
10516
11136
10498
10517
11137
10499
10518
11138
10519
11139
10501
10520
11140
10502
10521
11141
10503
10522
11142
10504
10523
11143
10505
10524
11144
10506
10525
11145
10507
10526
11146
10508
10527
11147
10509
10528
11148
10510
10529
11149
10511
10530
11150
10512
10531
11151
10513
10532
11152
10514
10533
11153
10515
10534
11154
10516
10535
11155
10517
10536
11156
10518
10537
11157
10519
10538
11158
10539
11159
10521
10540
11160
10522
10541
11161
10523
10542
11162
10524
10543
11163
10525
10544
11164
10526
10545
11165
10527
10546
11166
10528
10547
11167
10529
10548
11168
10530
10549
11169
10531
10550
11170
10532
10551
11171
10533
10552
11172
10534
10553
11173
10535
10554
11174
10536
10555
11175
10537
10556
11176
10538
10557
11177
10539
10558
11178
10559
11179
10541
10560
11180
10542
10561
11181
10543
10562
11182
10544
10563
11183
10545
10564
11184
10546
10565
11185
10547
10566
11186
10548
10567
11187
10549
10568
11188
10550
10569
11189
10551
10570
11190
10552
10571
11191
10553
10572
11192
10554
10573
11193
10555
10574
11194
10556
10575
11195
10557
10576
11196
10558
10577
11197
10559
10578
11198
10579
11199
10561
10580
11200
10562
10581
11201
10563
10582
11202
10564
10583
11203
10565
10584
11204
10566
10585
11205
10567
10586
11206
10568
10587
11207
10569
10588
11208
10570
10589
11209
10571
10590
11210
10572
10591
11211
10573
10592
11212
10574
10593
11213
10575
10594
11214
10576
10595
11215
10577
10596
11216
10578
10597
11217
10579
10598
11218
10599
11219
10581
10600
11220
10582
10601
11221
10583
10602
11222
10584
10603
11223
10585
10604
11224
10586
10605
11225
10587
10606
11226
10588
10607
11227
10589
10608
11228
10590
10609
11229
10591
10610
11230
10592
10611
11231
10593
10612
11232
10594
10613
11233
10595
10614
11234
10596
10615
11235
10597
10616
11236
10598
10617
11237
10599
10618
11238
10619
11239
10601
10620
11240
10602
10621
11241
10603
10622
11242
10604
10623
11243
10605
10624
11244
10606
10625
11245
10607
10626
11246
10608
10627
11247
10609
10628
11248
10610
10629
11249
10611
10630
11250
10612
10631
11251
10613
10632
11252
10614
10633
11253
10615
10634
11254
10616
10635
11255
10617
10636
11256
10618
10637
11257
10619
10638
11258
10639
11259
10621
10640
11260
10622
10641
11261
10623
10642
11262
10624
10643
11263
10625
10644
11264
10626
10645
11265
10627
10646
11266
10628
10647
11267
10629
10648
11268
10630
10649
11269
10631
10650
11270
10632
10651
11271
10633
10652
11272
10634
10653
11273
10635
10654
11274
10636
10655
11275
10637
10656
11276
10638
10657
11277
10639
10658
11278
10659
11279
10641
10660
11280
10642
10661
11281
10643
10662
11282
10644
10663
11283
10645
10664
11284
10646
10665
11285
10647
10666
11286
10648
10667
11287
10649
10668
11288
10650
10669
11289
10651
10670
11290
10652
10671
11291
10653
10672
11292
10654
10673
11293
10655
10674
11294
10656
10675
11295
10657
10676
11296
10658
10677
11297
10659
10678
11298
10679
11299
10661
10680
11300
10662
10681
11301
10663
10682
11302
10664
10683
11303
10665
10684
11304
10666
10685
11305
10667
10686
11306
10668
10687
11307
10669
10688
11308
10670
10689
11309
10671
10690
11310
10672
10691
11311
10673
10692
11312
10674
10693
11313
10675
10694
11314
10676
10695
11315
10677
10696
11316
10678
10697
11317
10679
10698
11318
10699
11319
10681
10700
11320
10682
10701
11321
10683
10702
11322
10684
10703
11323
10685
10704
11324
10686
10705
11325
10687
10706
11326
10688
10707
11327
10689
10708
11328
10690
10709
11329
10691
10710
11330
10692
10711
11331
10693
10712
11332
10694
10713
11333
10695
10714
11334
10696
10715
11335
10697
10716
11336
10698
10717
11337
10699
10718
11338
10719
11339
10701
10720
11340
10702
10721
11341
10703
10722
11342
10704
10723
11343
10705
10724
11344
10706
10725
11345
10707
10726
11346
10708
10727
11347
10709
10728
11348
10710
10729
11349
10711
10730
11350
10712
10731
11351
10713
10732
11352
10714
10733
11353
10715
10734
11354
10716
10735
11355
10717
10736
11356
10718
10737
11357
10719
10738
11358
10739
11359
10721
10740
11360
10722
10741
11361
10723
10742
11362
10724
10743
11363
10725
10744
11364
10726
10745
11365
10727
10746
11366
10728
10747
11367
10729
10748
11368
10730
10749
11369
10731
10750
11370
10732
10751
11371
10733
10752
11372
10734
10753
11373
10735
10754
11374
10736
10755
11375
10737
10756
11376
10738
10757
11377
10739
10758
11378
10759
11379
10741
10760
11380
10742
10761
11381
10743
10762
11382
10744
10763
11383
10745
10764
11384
10746
10765
11385
10747
10766
11386
10748
10767
11387
10749
10768
11388
10750
10769
11389
10751
10770
11390
10752
10771
11391
10753
10772
11392
10754
10773
11393
10755
10774
11394
10756
10775
11395
10757
10776
11396
10758
10777
11397
10759
10778
11398
10779
11399
10761
10780
11400
10762
10781
11401
10763
10782
11402
10764
10783
11403
10765
10784
11404
10766
10785
11405
10767
10786
11406
10768
10787
11407
10769
10788
11408
10770
10789
11409
10771
10790
11410
10772
10791
11411
10773
10792
11412
10774
10793
11413
10775
10794
11414
10776
10795
11415
10777
10796
11416
10778
10797
11417
10779
10798
11418
10799
11419
10781
10800
11420
10782
10801
11421
10783
10802
11422
10784
10803
11423
10785
10804
11424
10786
10805
11425
10787
10806
11426
10788
10807
11427
10789
10808
11428
10790
10809
11429
10791
10810
11430
10792
10811
11431
10793
10812
11432
10794
10813
11433
10795
10814
11434
10796
10815
11435
10797
10816
11436
10798
10817
11437
10799
10818
11438
10819
11439
10801
10820
11440
10802
10821
11441
10803
10822
11442
10804
10823
11443
10805
10824
11444
10806
10825
11445
10807
10826
11446
10808
10827
11447
10809
10828
11448
10810
10829
11449
10811
10830
11450
10812
10831
11451
10813
10832
11452
10814
10833
11453
10815
10834
11454
10816
10835
11455
10817
10836
11456
10818
10837
11457
10819
10838
11458
10839
11459
10821
10840
11460
10822
10841
11461
10823
10842
11462
10824
10843
11463
10825
10844
11464
10826
10845
11465
10827
10846
11466
10828
10847
11467
10829
10848
11468
10830
10849
11469
10831
10850
11470
10832
10851
11471
10833
10852
11472
10834
10853
11473
10835
10854
11474
10836
10855
11475
10837
10856
11476
10838
10857
11477
10839
10858
11478
10859
11479
10841
10860
11480
10842
10861
11481
10843
10862
11482
10844
10863
11483
10845
10864
11484
10846
10865
11485
10847
10866
11486
10848
10867
11487
10849
10868
11488
10850
10869
11489
10851
10870
11490
10852
10871
11491
10853
10872
11492
10854
10873
11493
10855
10874
11494
10856
10875
11495
10857
10876
11496
10858
10877
11497
10859
10878
11498
10879
11499
10861
11500
10862
11501
10863
11502
10864
11503
10865
11504
10866
11505
10867
11506
10868
11507
10869
11508
10870
11509
10871
11510
10872
11511
10873
11512
10874
11513
10875
11514
10876
11515
10877
11516
10878
11517
10879
11518
11519
10881
10900
11520
10882
10901
11521
10883
10902
11522
10884
10903
11523
10885
10904
11524
10886
10905
11525
10887
10906
11526
10888
10907
11527
10889
10908
11528
10890
10909
11529
10891
10910
11530
10892
10911
11531
10893
10912
11532
10894
10913
11533
10895
10914
11534
10896
10915
11535
10897
10916
11536
10898
10917
11537
10899
10918
11538
10919
11539
10901
10920
11540
10902
10921
11541
10903
10922
11542
10904
10923
11543
10905
10924
11544
10906
10925
11545
10907
10926
11546
10908
10927
11547
10909
10928
11548
10910
10929
11549
10911
10930
11550
10912
10931
11551
10913
10932
11552
10914
10933
11553
10915
10934
11554
10916
10935
11555
10917
10936
11556
10918
10937
11557
10919
10938
11558
10939
11559
10921
10940
11560
10922
10941
11561
10923
10942
11562
10924
10943
11563
10925
10944
11564
10926
10945
11565
10927
10946
11566
10928
10947
11567
10929
10948
11568
10930
10949
11569
10931
10950
11570
10932
10951
11571
10933
10952
11572
10934
10953
11573
10935
10954
11574
10936
10955
11575
10937
10956
11576
10938
10957
11577
10939
10958
11578
10959
11579
10941
10960
11580
10942
10961
11581
10943
10962
11582
10944
10963
11583
10945
10964
11584
10946
10965
11585
10947
10966
11586
10948
10967
11587
10949
10968
11588
10950
10969
11589
10951
10970
11590
10952
10971
11591
10953
10972
11592
10954
10973
11593
10955
10974
11594
10956
10975
11595
10957
10976
11596
10958
10977
11597
10959
10978
11598
10979
11599
10961
10980
11600
10962
10981
11601
10963
10982
11602
10964
10983
11603
10965
10984
11604
10966
10985
11605
10967
10986
11606
10968
10987
11607
10969
10988
11608
10970
10989
11609
10971
10990
11610
10972
10991
11611
10973
10992
11612
10974
10993
11613
10975
10994
11614
10976
10995
11615
10977
10996
11616
10978
10997
11617
10979
10998
11618
10999
11619
10981
11000
11620
10982
11001
11621
10983
11002
11622
10984
11003
11623
10985
11004
11624
10986
11005
11625
10987
11006
11626
10988
11007
11627
10989
11008
11628
10990
11009
11629
10991
11010
11630
10992
11011
11631
10993
11012
11632
10994
11013
11633
10995
11014
11634
10996
11015
11635
10997
11016
11636
10998
11017
11637
10999
11018
11638
11019
11639
11001
11020
11640
11002
11021
11641
11003
11022
11642
11004
11023
11643
11005
11024
11644
11006
11025
11645
11007
11026
11646
11008
11027
11647
11009
11028
11648
11010
11029
11649
11011
11030
11650
11012
11031
11651
11013
11032
11652
11014
11033
11653
11015
11034
11654
11016
11035
11655
11017
11036
11656
11018
11037
11657
11019
11038
11658
11039
11659
11021
11040
11660
11022
11041
11661
11023
11042
11662
11024
11043
11663
11025
11044
11664
11026
11045
11665
11027
11046
11666
11028
11047
11667
11029
11048
11668
11030
11049
11669
11031
11050
11670
11032
11051
11671
11033
11052
11672
11034
11053
11673
11035
11054
11674
11036
11055
11675
11037
11056
11676
11038
11057
11677
11039
11058
11678
11059
11679
11041
11060
11680
11042
11061
11681
11043
11062
11682
11044
11063
11683
11045
11064
11684
11046
11065
11685
11047
11066
11686
11048
11067
11687
11049
11068
11688
11050
11069
11689
11051
11070
11690
11052
11071
11691
11053
11072
11692
11054
11073
11693
11055
11074
11694
11056
11075
11695
11057
11076
11696
11058
11077
11697
11059
11078
11698
11079
11699
11061
11080
11700
11062
11081
11701
11063
11082
11702
11064
11083
11703
11065
11084
11704
11066
11085
11705
11067
11086
11706
11068
11087
11707
11069
11088
11708
11070
11089
11709
11071
11090
11710
11072
11091
11711
11073
11092
11712
11074
11093
11713
11075
11094
11714
11076
11095
11715
11077
11096
11716
11078
11097
11717
11079
11098
11718
11099
11719
11081
11100
11720
11082
11101
11721
11083
11102
11722
11084
11103
11723
11085
11104
11724
11086
11105
11725
11087
11106
11726
11088
11107
11727
11089
11108
11728
11090
11109
11729
11091
11110
11730
11092
11111
11731
11093
11112
11732
11094
11113
11733
11095
11114
11734
11096
11115
11735
11097
11116
11736
11098
11117
11737
11099
11118
11738
11119
11739
11101
11120
11740
11102
11121
11741
11103
11122
11742
11104
11123
11743
11105
11124
11744
11106
11125
11745
11107
11126
11746
11108
11127
11747
11109
11128
11748
11110
11129
11749
11111
11130
11750
11112
11131
11751
11113
11132
11752
11114
11133
11753
11115
11134
11754
11116
11135
11755
11117
11136
11756
11118
11137
11757
11119
11138
11758
11139
11759
11121
11140
11760
11122
11141
11761
11123
11142
11762
11124
11143
11763
11125
11144
11764
11126
11145
11765
11127
11146
11766
11128
11147
11767
11129
11148
11768
11130
11149
11769
11131
11150
11770
11132
11151
11771
11133
11152
11772
11134
11153
11773
11135
11154
11774
11136
11155
11775
11137
11156
11776
11138
11157
11777
11139
11158
11778
11159
11779
11141
11160
11780
11142
11161
11781
11143
11162
11782
11144
11163
11783
11145
11164
11784
11146
11165
11785
11147
11166
11786
11148
11167
11787
11149
11168
11788
11150
11169
11789
11151
11170
11790
11152
11171
11791
11153
11172
11792
11154
11173
11793
11155
11174
11794
11156
11175
11795
11157
11176
11796
11158
11177
11797
11159
11178
11798
11179
11799
11161
11180
11800
11162
11181
11801
11163
11182
11802
11164
11183
11803
11165
11184
11804
11166
11185
11805
11167
11186
11806
11168
11187
11807
11169
11188
11808
11170
11189
11809
11171
11190
11810
11172
11191
11811
11173
11192
11812
11174
11193
11813
11175
11194
11814
11176
11195
11815
11177
11196
11816
11178
11197
11817
11179
11198
11818
11199
11819
11181
11200
11820
11182
11201
11821
11183
11202
11822
11184
11203
11823
11185
11204
11824
11186
11205
11825
11187
11206
11826
11188
11207
11827
11189
11208
11828
11190
11209
11829
11191
11210
11830
11192
11211
11831
11193
11212
11832
11194
11213
11833
11195
11214
11834
11196
11215
11835
11197
11216
11836
11198
11217
11837
11199
11218
11838
11219
11839
11201
11220
11840
11202
11221
11841
11203
11222
11842
11204
11223
11843
11205
11224
11844
11206
11225
11845
11207
11226
11846
11208
11227
11847
11209
11228
11848
11210
11229
11849
11211
11230
11850
11212
11231
11851
11213
11232
11852
11214
11233
11853
11215
11234
11854
11216
11235
11855
11217
11236
11856
11218
11237
11857
11219
11238
11858
11239
11859
11221
11240
11860
11222
11241
11861
11223
11242
11862
11224
11243
11863
11225
11244
11864
11226
11245
11865
11227
11246
11866
11228
11247
11867
11229
11248
11868
11230
11249
11869
11231
11250
11870
11232
11251
11871
11233
11252
11872
11234
11253
11873
11235
11254
11874
11236
11255
11875
11237
11256
11876
11238
11257
11877
11239
11258
11878
11259
11879
11241
11260
11880
11242
11261
11881
11243
11262
11882
11244
11263
11883
11245
11264
11884
11246
11265
11885
11247
11266
11886
11248
11267
11887
11249
11268
11888
11250
11269
11889
11251
11270
11890
11252
11271
11891
11253
11272
11892
11254
11273
11893
11255
11274
11894
11256
11275
11895
11257
11276
11896
11258
11277
11897
11259
11278
11898
11279
11899
11261
11280
11900
11262
11281
11901
11263
11282
11902
11264
11283
11903
11265
11284
11904
11266
11285
11905
11267
11286
11906
11268
11287
11907
11269
11288
11908
11270
11289
11909
11271
11290
11910
11272
11291
11911
11273
11292
11912
11274
11293
11913
11275
11294
11914
11276
11295
11915
11277
11296
11916
11278
11297
11917
11279
11298
11918
11299
11919
11281
11300
11920
11282
11301
11921
11283
11302
11922
11284
11303
11923
11285
11304
11924
11286
11305
11925
11287
11306
11926
11288
11307
11927
11289
11308
11928
11290
11309
11929
11291
11310
11930
11292
11311
11931
11293
11312
11932
11294
11313
11933
11295
11314
11934
11296
11315
11935
11297
11316
11936
11298
11317
11937
11299
11318
11938
11319
11939
11301
11320
11940
11302
11321
11941
11303
11322
11942
11304
11323
11943
11305
11324
11944
11306
11325
11945
11307
11326
11946
11308
11327
11947
11309
11328
11948
11310
11329
11949
11311
11330
11950
11312
11331
11951
11313
11332
11952
11314
11333
11953
11315
11334
11954
11316
11335
11955
11317
11336
11956
11318
11337
11957
11319
11338
11958
11339
11959
11321
11340
11960
11322
11341
11961
11323
11342
11962
11324
11343
11963
11325
11344
11964
11326
11345
11965
11327
11346
11966
11328
11347
11967
11329
11348
11968
11330
11349
11969
11331
11350
11970
11332
11351
11971
11333
11352
11972
11334
11353
11973
11335
11354
11974
11336
11355
11975
11337
11356
11976
11338
11357
11977
11339
11358
11978
11359
11979
11341
11360
11980
11342
11361
11981
11343
11362
11982
11344
11363
11983
11345
11364
11984
11346
11365
11985
11347
11366
11986
11348
11367
11987
11349
11368
11988
11350
11369
11989
11351
11370
11990
11352
11371
11991
11353
11372
11992
11354
11373
11993
11355
11374
11994
11356
11375
11995
11357
11376
11996
11358
11377
11997
11359
11378
11998
11379
11999
11361
11380
12000
11362
11381
12001
11363
11382
12002
11364
11383
12003
11365
11384
12004
11366
11385
12005
11367
11386
12006
11368
11387
12007
11369
11388
12008
11370
11389
12009
11371
11390
12010
11372
11391
12011
11373
11392
12012
11374
11393
12013
11375
11394
12014
11376
11395
12015
11377
11396
12016
11378
11397
12017
11379
11398
12018
11399
12019
11381
11400
12020
11382
11401
12021
11383
11402
12022
11384
11403
12023
11385
11404
12024
11386
11405
12025
11387
11406
12026
11388
11407
12027
11389
11408
12028
11390
11409
12029
11391
11410
12030
11392
11411
12031
11393
11412
12032
11394
11413
12033
11395
11414
12034
11396
11415
12035
11397
11416
12036
11398
11417
12037
11399
11418
12038
11419
12039
11401
11420
12040
11402
11421
12041
11403
11422
12042
11404
11423
12043
11405
11424
12044
11406
11425
12045
11407
11426
12046
11408
11427
12047
11409
11428
12048
11410
11429
12049
11411
11430
12050
11412
11431
12051
11413
11432
12052
11414
11433
12053
11415
11434
12054
11416
11435
12055
11417
11436
12056
11418
11437
12057
11419
11438
12058
11439
12059
11421
11440
12060
11422
11441
12061
11423
11442
12062
11424
11443
12063
11425
11444
12064
11426
11445
12065
11427
11446
12066
11428
11447
12067
11429
11448
12068
11430
11449
12069
11431
11450
12070
11432
11451
12071
11433
11452
12072
11434
11453
12073
11435
11454
12074
11436
11455
12075
11437
11456
12076
11438
11457
12077
11439
11458
12078
11459
12079
11441
11460
12080
11442
11461
12081
11443
11462
12082
11444
11463
12083
11445
11464
12084
11446
11465
12085
11447
11466
12086
11448
11467
12087
11449
11468
12088
11450
11469
12089
11451
11470
12090
11452
11471
12091
11453
11472
12092
11454
11473
12093
11455
11474
12094
11456
11475
12095
11457
11476
12096
11458
11477
12097
11459
11478
12098
11479
12099
11461
11480
12100
11462
11481
12101
11463
11482
12102
11464
11483
12103
11465
11484
12104
11466
11485
12105
11467
11486
12106
11468
11487
12107
11469
11488
12108
11470
11489
12109
11471
11490
12110
11472
11491
12111
11473
11492
12112
11474
11493
12113
11475
11494
12114
11476
11495
12115
11477
11496
12116
11478
11497
12117
11479
11498
12118
11499
12119
11481
11500
12120
11482
11501
12121
11483
11502
12122
11484
11503
12123
11485
11504
12124
11486
11505
12125
11487
11506
12126
11488
11507
12127
11489
11508
12128
11490
11509
12129
11491
11510
12130
11492
11511
12131
11493
11512
12132
11494
11513
12133
11495
11514
12134
11496
11515
12135
11497
11516
12136
11498
11517
12137
11499
11518
12138
11519
12139
11501
12140
11502
12141
11503
12142
11504
12143
11505
12144
11506
12145
11507
12146
11508
12147
11509
12148
11510
12149
11511
12150
11512
12151
11513
12152
11514
12153
11515
12154
11516
12155
11517
12156
11518
12157
11519
12158
12159
11521
11540
12160
11522
11541
12161
11523
11542
12162
11524
11543
12163
11525
11544
12164
11526
11545
12165
11527
11546
12166
11528
11547
12167
11529
11548
12168
11530
11549
12169
11531
11550
12170
11532
11551
12171
11533
11552
12172
11534
11553
12173
11535
11554
12174
11536
11555
12175
11537
11556
12176
11538
11557
12177
11539
11558
12178
11559
12179
11541
11560
12180
11542
11561
12181
11543
11562
12182
11544
11563
12183
11545
11564
12184
11546
11565
12185
11547
11566
12186
11548
11567
12187
11549
11568
12188
11550
11569
12189
11551
11570
12190
11552
11571
12191
11553
11572
12192
11554
11573
12193
11555
11574
12194
11556
11575
12195
11557
11576
12196
11558
11577
12197
11559
11578
12198
11579
12199
11561
11580
12200
11562
11581
12201
11563
11582
12202
11564
11583
12203
11565
11584
12204
11566
11585
12205
11567
11586
12206
11568
11587
12207
11569
11588
12208
11570
11589
12209
11571
11590
12210
11572
11591
12211
11573
11592
12212
11574
11593
12213
11575
11594
12214
11576
11595
12215
11577
11596
12216
11578
11597
12217
11579
11598
12218
11599
12219
11581
11600
12220
11582
11601
12221
11583
11602
12222
11584
11603
12223
11585
11604
12224
11586
11605
12225
11587
11606
12226
11588
11607
12227
11589
11608
12228
11590
11609
12229
11591
11610
12230
11592
11611
12231
11593
11612
12232
11594
11613
12233
11595
11614
12234
11596
11615
12235
11597
11616
12236
11598
11617
12237
11599
11618
12238
11619
12239
11601
11620
12240
11602
11621
12241
11603
11622
12242
11604
11623
12243
11605
11624
12244
11606
11625
12245
11607
11626
12246
11608
11627
12247
11609
11628
12248
11610
11629
12249
11611
11630
12250
11612
11631
12251
11613
11632
12252
11614
11633
12253
11615
11634
12254
11616
11635
12255
11617
11636
12256
11618
11637
12257
11619
11638
12258
11639
12259
11621
11640
12260
11622
11641
12261
11623
11642
12262
11624
11643
12263
11625
11644
12264
11626
11645
12265
11627
11646
12266
11628
11647
12267
11629
11648
12268
11630
11649
12269
11631
11650
12270
11632
11651
12271
11633
11652
12272
11634
11653
12273
11635
11654
12274
11636
11655
12275
11637
11656
12276
11638
11657
12277
11639
11658
12278
11659
12279
11641
11660
12280
11642
11661
12281
11643
11662
12282
11644
11663
12283
11645
11664
12284
11646
11665
12285
11647
11666
12286
11648
11667
12287
11649
11668
12288
11650
11669
12289
11651
11670
12290
11652
11671
12291
11653
11672
12292
11654
11673
12293
11655
11674
12294
11656
11675
12295
11657
11676
12296
11658
11677
12297
11659
11678
12298
11679
12299
11661
11680
12300
11662
11681
12301
11663
11682
12302
11664
11683
12303
11665
11684
12304
11666
11685
12305
11667
11686
12306
11668
11687
12307
11669
11688
12308
11670
11689
12309
11671
11690
12310
11672
11691
12311
11673
11692
12312
11674
11693
12313
11675
11694
12314
11676
11695
12315
11677
11696
12316
11678
11697
12317
11679
11698
12318
11699
12319
11681
11700
12320
11682
11701
12321
11683
11702
12322
11684
11703
12323
11685
11704
12324
11686
11705
12325
11687
11706
12326
11688
11707
12327
11689
11708
12328
11690
11709
12329
11691
11710
12330
11692
11711
12331
11693
11712
12332
11694
11713
12333
11695
11714
12334
11696
11715
12335
11697
11716
12336
11698
11717
12337
11699
11718
12338
11719
12339
11701
11720
12340
11702
11721
12341
11703
11722
12342
11704
11723
12343
11705
11724
12344
11706
11725
12345
11707
11726
12346
11708
11727
12347
11709
11728
12348
11710
11729
12349
11711
11730
12350
11712
11731
12351
11713
11732
12352
11714
11733
12353
11715
11734
12354
11716
11735
12355
11717
11736
12356
11718
11737
12357
11719
11738
12358
11739
12359
11721
11740
12360
11722
11741
12361
11723
11742
12362
11724
11743
12363
11725
11744
12364
11726
11745
12365
11727
11746
12366
11728
11747
12367
11729
11748
12368
11730
11749
12369
11731
11750
12370
11732
11751
12371
11733
11752
12372
11734
11753
12373
11735
11754
12374
11736
11755
12375
11737
11756
12376
11738
11757
12377
11739
11758
12378
11759
12379
11741
11760
12380
11742
11761
12381
11743
11762
12382
11744
11763
12383
11745
11764
12384
11746
11765
12385
11747
11766
12386
11748
11767
12387
11749
11768
12388
11750
11769
12389
11751
11770
12390
11752
11771
12391
11753
11772
12392
11754
11773
12393
11755
11774
12394
11756
11775
12395
11757
11776
12396
11758
11777
12397
11759
11778
12398
11779
12399
11761
11780
12400
11762
11781
12401
11763
11782
12402
11764
11783
12403
11765
11784
12404
11766
11785
12405
11767
11786
12406
11768
11787
12407
11769
11788
12408
11770
11789
12409
11771
11790
12410
11772
11791
12411
11773
11792
12412
11774
11793
12413
11775
11794
12414
11776
11795
12415
11777
11796
12416
11778
11797
12417
11779
11798
12418
11799
12419
11781
11800
12420
11782
11801
12421
11783
11802
12422
11784
11803
12423
11785
11804
12424
11786
11805
12425
11787
11806
12426
11788
11807
12427
11789
11808
12428
11790
11809
12429
11791
11810
12430
11792
11811
12431
11793
11812
12432
11794
11813
12433
11795
11814
12434
11796
11815
12435
11797
11816
12436
11798
11817
12437
11799
11818
12438
11819
12439
11801
11820
12440
11802
11821
12441
11803
11822
12442
11804
11823
12443
11805
11824
12444
11806
11825
12445
11807
11826
12446
11808
11827
12447
11809
11828
12448
11810
11829
12449
11811
11830
12450
11812
11831
12451
11813
11832
12452
11814
11833
12453
11815
11834
12454
11816
11835
12455
11817
11836
12456
11818
11837
12457
11819
11838
12458
11839
12459
11821
11840
12460
11822
11841
12461
11823
11842
12462
11824
11843
12463
11825
11844
12464
11826
11845
12465
11827
11846
12466
11828
11847
12467
11829
11848
12468
11830
11849
12469
11831
11850
12470
11832
11851
12471
11833
11852
12472
11834
11853
12473
11835
11854
12474
11836
11855
12475
11837
11856
12476
11838
11857
12477
11839
11858
12478
11859
12479
11841
11860
12480
11842
11861
12481
11843
11862
12482
11844
11863
12483
11845
11864
12484
11846
11865
12485
11847
11866
12486
11848
11867
12487
11849
11868
12488
11850
11869
12489
11851
11870
12490
11852
11871
12491
11853
11872
12492
11854
11873
12493
11855
11874
12494
11856
11875
12495
11857
11876
12496
11858
11877
12497
11859
11878
12498
11879
12499
11861
11880
12500
11862
11881
12501
11863
11882
12502
11864
11883
12503
11865
11884
12504
11866
11885
12505
11867
11886
12506
11868
11887
12507
11869
11888
12508
11870
11889
12509
11871
11890
12510
11872
11891
12511
11873
11892
12512
11874
11893
12513
11875
11894
12514
11876
11895
12515
11877
11896
12516
11878
11897
12517
11879
11898
12518
11899
12519
11881
11900
12520
11882
11901
12521
11883
11902
12522
11884
11903
12523
11885
11904
12524
11886
11905
12525
11887
11906
12526
11888
11907
12527
11889
11908
12528
11890
11909
12529
11891
11910
12530
11892
11911
12531
11893
11912
12532
11894
11913
12533
11895
11914
12534
11896
11915
12535
11897
11916
12536
11898
11917
12537
11899
11918
12538
11919
12539
11901
11920
12540
11902
11921
12541
11903
11922
12542
11904
11923
12543
11905
11924
12544
11906
11925
12545
11907
11926
12546
11908
11927
12547
11909
11928
12548
11910
11929
12549
11911
11930
12550
11912
11931
12551
11913
11932
12552
11914
11933
12553
11915
11934
12554
11916
11935
12555
11917
11936
12556
11918
11937
12557
11919
11938
12558
11939
12559
11921
11940
12560
11922
11941
12561
11923
11942
12562
11924
11943
12563
11925
11944
12564
11926
11945
12565
11927
11946
12566
11928
11947
12567
11929
11948
12568
11930
11949
12569
11931
11950
12570
11932
11951
12571
11933
11952
12572
11934
11953
12573
11935
11954
12574
11936
11955
12575
11937
11956
12576
11938
11957
12577
11939
11958
12578
11959
12579
11941
11960
12580
11942
11961
12581
11943
11962
12582
11944
11963
12583
11945
11964
12584
11946
11965
12585
11947
11966
12586
11948
11967
12587
11949
11968
12588
11950
11969
12589
11951
11970
12590
11952
11971
12591
11953
11972
12592
11954
11973
12593
11955
11974
12594
11956
11975
12595
11957
11976
12596
11958
11977
12597
11959
11978
12598
11979
12599
11961
11980
12600
11962
11981
12601
11963
11982
12602
11964
11983
12603
11965
11984
12604
11966
11985
12605
11967
11986
12606
11968
11987
12607
11969
11988
12608
11970
11989
12609
11971
11990
12610
11972
11991
12611
11973
11992
12612
11974
11993
12613
11975
11994
12614
11976
11995
12615
11977
11996
12616
11978
11997
12617
11979
11998
12618
11999
12619
11981
12000
12620
11982
12001
12621
11983
12002
12622
11984
12003
12623
11985
12004
12624
11986
12005
12625
11987
12006
12626
11988
12007
12627
11989
12008
12628
11990
12009
12629
11991
12010
12630
11992
12011
12631
11993
12012
12632
11994
12013
12633
11995
12014
12634
11996
12015
12635
11997
12016
12636
11998
12017
12637
11999
12018
12638
12019
12639
12001
12020
12640
12002
12021
12641
12003
12022
12642
12004
12023
12643
12005
12024
12644
12006
12025
12645
12007
12026
12646
12008
12027
12647
12009
12028
12648
12010
12029
12649
12011
12030
12650
12012
12031
12651
12013
12032
12652
12014
12033
12653
12015
12034
12654
12016
12035
12655
12017
12036
12656
12018
12037
12657
12019
12038
12658
12039
12659
12021
12040
12660
12022
12041
12661
12023
12042
12662
12024
12043
12663
12025
12044
12664
12026
12045
12665
12027
12046
12666
12028
12047
12667
12029
12048
12668
12030
12049
12669
12031
12050
12670
12032
12051
12671
12033
12052
12672
12034
12053
12673
12035
12054
12674
12036
12055
12675
12037
12056
12676
12038
12057
12677
12039
12058
12678
12059
12679
12041
12060
12680
12042
12061
12681
12043
12062
12682
12044
12063
12683
12045
12064
12684
12046
12065
12685
12047
12066
12686
12048
12067
12687
12049
12068
12688
12050
12069
12689
12051
12070
12690
12052
12071
12691
12053
12072
12692
12054
12073
12693
12055
12074
12694
12056
12075
12695
12057
12076
12696
12058
12077
12697
12059
12078
12698
12079
12699
12061
12080
12700
12062
12081
12701
12063
12082
12702
12064
12083
12703
12065
12084
12704
12066
12085
12705
12067
12086
12706
12068
12087
12707
12069
12088
12708
12070
12089
12709
12071
12090
12710
12072
12091
12711
12073
12092
12712
12074
12093
12713
12075
12094
12714
12076
12095
12715
12077
12096
12716
12078
12097
12717
12079
12098
12718
12099
12719
12081
12100
12720
12082
12101
12721
12083
12102
12722
12084
12103
12723
12085
12104
12724
12086
12105
12725
12087
12106
12726
12088
12107
12727
12089
12108
12728
12090
12109
12729
12091
12110
12730
12092
12111
12731
12093
12112
12732
12094
12113
12733
12095
12114
12734
12096
12115
12735
12097
12116
12736
12098
12117
12737
12099
12118
12738
12119
12739
12101
12120
12740
12102
12121
12741
12103
12122
12742
12104
12123
12743
12105
12124
12744
12106
12125
12745
12107
12126
12746
12108
12127
12747
12109
12128
12748
12110
12129
12749
12111
12130
12750
12112
12131
12751
12113
12132
12752
12114
12133
12753
12115
12134
12754
12116
12135
12755
12117
12136
12756
12118
12137
12757
12119
12138
12758
12139
12759
12121
12140
12760
12122
12141
12761
12123
12142
12762
12124
12143
12763
12125
12144
12764
12126
12145
12765
12127
12146
12766
12128
12147
12767
12129
12148
12768
12130
12149
12769
12131
12150
12770
12132
12151
12771
12133
12152
12772
12134
12153
12773
12135
12154
12774
12136
12155
12775
12137
12156
12776
12138
12157
12777
12139
12158
12778
12159
12779
12141
12780
12142
12781
12143
12782
12144
12783
12145
12784
12146
12785
12147
12786
12148
12787
12149
12788
12150
12789
12151
12790
12152
12791
12153
12792
12154
12793
12155
12794
12156
12795
12157
12796
12158
12797
12159
12798
12799
12161
12180
12800
12162
12181
12801
12163
12182
12802
12164
12183
12803
12165
12184
12804
12166
12185
12805
12167
12186
12806
12168
12187
12807
12169
12188
12808
12170
12189
12809
12171
12190
12810
12172
12191
12811
12173
12192
12812
12174
12193
12813
12175
12194
12814
12176
12195
12815
12177
12196
12816
12178
12197
12817
12179
12198
12818
12199
12819
12181
12200
12820
12182
12201
12821
12183
12202
12822
12184
12203
12823
12185
12204
12824
12186
12205
12825
12187
12206
12826
12188
12207
12827
12189
12208
12828
12190
12209
12829
12191
12210
12830
12192
12211
12831
12193
12212
12832
12194
12213
12833
12195
12214
12834
12196
12215
12835
12197
12216
12836
12198
12217
12837
12199
12218
12838
12219
12839
12201
12220
12840
12202
12221
12841
12203
12222
12842
12204
12223
12843
12205
12224
12844
12206
12225
12845
12207
12226
12846
12208
12227
12847
12209
12228
12848
12210
12229
12849
12211
12230
12850
12212
12231
12851
12213
12232
12852
12214
12233
12853
12215
12234
12854
12216
12235
12855
12217
12236
12856
12218
12237
12857
12219
12238
12858
12239
12859
12221
12240
12860
12222
12241
12861
12223
12242
12862
12224
12243
12863
12225
12244
12864
12226
12245
12865
12227
12246
12866
12228
12247
12867
12229
12248
12868
12230
12249
12869
12231
12250
12870
12232
12251
12871
12233
12252
12872
12234
12253
12873
12235
12254
12874
12236
12255
12875
12237
12256
12876
12238
12257
12877
12239
12258
12878
12259
12879
12241
12260
12880
12242
12261
12881
12243
12262
12882
12244
12263
12883
12245
12264
12884
12246
12265
12885
12247
12266
12886
12248
12267
12887
12249
12268
12888
12250
12269
12889
12251
12270
12890
12252
12271
12891
12253
12272
12892
12254
12273
12893
12255
12274
12894
12256
12275
12895
12257
12276
12896
12258
12277
12897
12259
12278
12898
12279
12899
12261
12280
12900
12262
12281
12901
12263
12282
12902
12264
12283
12903
12265
12284
12904
12266
12285
12905
12267
12286
12906
12268
12287
12907
12269
12288
12908
12270
12289
12909
12271
12290
12910
12272
12291
12911
12273
12292
12912
12274
12293
12913
12275
12294
12914
12276
12295
12915
12277
12296
12916
12278
12297
12917
12279
12298
12918
12299
12919
12281
12300
12920
12282
12301
12921
12283
12302
12922
12284
12303
12923
12285
12304
12924
12286
12305
12925
12287
12306
12926
12288
12307
12927
12289
12308
12928
12290
12309
12929
12291
12310
12930
12292
12311
12931
12293
12312
12932
12294
12313
12933
12295
12314
12934
12296
12315
12935
12297
12316
12936
12298
12317
12937
12299
12318
12938
12319
12939
12301
12320
12940
12302
12321
12941
12303
12322
12942
12304
12323
12943
12305
12324
12944
12306
12325
12945
12307
12326
12946
12308
12327
12947
12309
12328
12948
12310
12329
12949
12311
12330
12950
12312
12331
12951
12313
12332
12952
12314
12333
12953
12315
12334
12954
12316
12335
12955
12317
12336
12956
12318
12337
12957
12319
12338
12958
12339
12959
12321
12340
12960
12322
12341
12961
12323
12342
12962
12324
12343
12963
12325
12344
12964
12326
12345
12965
12327
12346
12966
12328
12347
12967
12329
12348
12968
12330
12349
12969
12331
12350
12970
12332
12351
12971
12333
12352
12972
12334
12353
12973
12335
12354
12974
12336
12355
12975
12337
12356
12976
12338
12357
12977
12339
12358
12978
12359
12979
12341
12360
12980
12342
12361
12981
12343
12362
12982
12344
12363
12983
12345
12364
12984
12346
12365
12985
12347
12366
12986
12348
12367
12987
12349
12368
12988
12350
12369
12989
12351
12370
12990
12352
12371
12991
12353
12372
12992
12354
12373
12993
12355
12374
12994
12356
12375
12995
12357
12376
12996
12358
12377
12997
12359
12378
12998
12379
12999
12361
12380
13000
12362
12381
13001
12363
12382
13002
12364
12383
13003
12365
12384
13004
12366
12385
13005
12367
12386
13006
12368
12387
13007
12369
12388
13008
12370
12389
13009
12371
12390
13010
12372
12391
13011
12373
12392
13012
12374
12393
13013
12375
12394
13014
12376
12395
13015
12377
12396
13016
12378
12397
13017
12379
12398
13018
12399
13019
12381
12400
13020
12382
12401
13021
12383
12402
13022
12384
12403
13023
12385
12404
13024
12386
12405
13025
12387
12406
13026
12388
12407
13027
12389
12408
13028
12390
12409
13029
12391
12410
13030
12392
12411
13031
12393
12412
13032
12394
12413
13033
12395
12414
13034
12396
12415
13035
12397
12416
13036
12398
12417
13037
12399
12418
13038
12419
13039
12401
12420
13040
12402
12421
13041
12403
12422
13042
12404
12423
13043
12405
12424
13044
12406
12425
13045
12407
12426
13046
12408
12427
13047
12409
12428
13048
12410
12429
13049
12411
12430
13050
12412
12431
13051
12413
12432
13052
12414
12433
13053
12415
12434
13054
12416
12435
13055
12417
12436
13056
12418
12437
13057
12419
12438
13058
12439
13059
12421
12440
13060
12422
12441
13061
12423
12442
13062
12424
12443
13063
12425
12444
13064
12426
12445
13065
12427
12446
13066
12428
12447
13067
12429
12448
13068
12430
12449
13069
12431
12450
13070
12432
12451
13071
12433
12452
13072
12434
12453
13073
12435
12454
13074
12436
12455
13075
12437
12456
13076
12438
12457
13077
12439
12458
13078
12459
13079
12441
12460
13080
12442
12461
13081
12443
12462
13082
12444
12463
13083
12445
12464
13084
12446
12465
13085
12447
12466
13086
12448
12467
13087
12449
12468
13088
12450
12469
13089
12451
12470
13090
12452
12471
13091
12453
12472
13092
12454
12473
13093
12455
12474
13094
12456
12475
13095
12457
12476
13096
12458
12477
13097
12459
12478
13098
12479
13099
12461
12480
13100
12462
12481
13101
12463
12482
13102
12464
12483
13103
12465
12484
13104
12466
12485
13105
12467
12486
13106
12468
12487
13107
12469
12488
13108
12470
12489
13109
12471
12490
13110
12472
12491
13111
12473
12492
13112
12474
12493
13113
12475
12494
13114
12476
12495
13115
12477
12496
13116
12478
12497
13117
12479
12498
13118
12499
13119
12481
12500
13120
12482
12501
13121
12483
12502
13122
12484
12503
13123
12485
12504
13124
12486
12505
13125
12487
12506
13126
12488
12507
13127
12489
12508
13128
12490
12509
13129
12491
12510
13130
12492
12511
13131
12493
12512
13132
12494
12513
13133
12495
12514
13134
12496
12515
13135
12497
12516
13136
12498
12517
13137
12499
12518
13138
12519
13139
12501
12520
13140
12502
12521
13141
12503
12522
13142
12504
12523
13143
12505
12524
13144
12506
12525
13145
12507
12526
13146
12508
12527
13147
12509
12528
13148
12510
12529
13149
12511
12530
13150
12512
12531
13151
12513
12532
13152
12514
12533
13153
12515
12534
13154
12516
12535
13155
12517
12536
13156
12518
12537
13157
12519
12538
13158
12539
13159
12521
12540
13160
12522
12541
13161
12523
12542
13162
12524
12543
13163
12525
12544
13164
12526
12545
13165
12527
12546
13166
12528
12547
13167
12529
12548
13168
12530
12549
13169
12531
12550
13170
12532
12551
13171
12533
12552
13172
12534
12553
13173
12535
12554
13174
12536
12555
13175
12537
12556
13176
12538
12557
13177
12539
12558
13178
12559
13179
12541
12560
13180
12542
12561
13181
12543
12562
13182
12544
12563
13183
12545
12564
13184
12546
12565
13185
12547
12566
13186
12548
12567
13187
12549
12568
13188
12550
12569
13189
12551
12570
13190
12552
12571
13191
12553
12572
13192
12554
12573
13193
12555
12574
13194
12556
12575
13195
12557
12576
13196
12558
12577
13197
12559
12578
13198
12579
13199
12561
12580
13200
12562
12581
13201
12563
12582
13202
12564
12583
13203
12565
12584
13204
12566
12585
13205
12567
12586
13206
12568
12587
13207
12569
12588
13208
12570
12589
13209
12571
12590
13210
12572
12591
13211
12573
12592
13212
12574
12593
13213
12575
12594
13214
12576
12595
13215
12577
12596
13216
12578
12597
13217
12579
12598
13218
12599
13219
12581
12600
13220
12582
12601
13221
12583
12602
13222
12584
12603
13223
12585
12604
13224
12586
12605
13225
12587
12606
13226
12588
12607
13227
12589
12608
13228
12590
12609
13229
12591
12610
13230
12592
12611
13231
12593
12612
13232
12594
12613
13233
12595
12614
13234
12596
12615
13235
12597
12616
13236
12598
12617
13237
12599
12618
13238
12619
13239
12601
12620
13240
12602
12621
13241
12603
12622
13242
12604
12623
13243
12605
12624
13244
12606
12625
13245
12607
12626
13246
12608
12627
13247
12609
12628
13248
12610
12629
13249
12611
12630
13250
12612
12631
13251
12613
12632
13252
12614
12633
13253
12615
12634
13254
12616
12635
13255
12617
12636
13256
12618
12637
13257
12619
12638
13258
12639
13259
12621
12640
13260
12622
12641
13261
12623
12642
13262
12624
12643
13263
12625
12644
13264
12626
12645
13265
12627
12646
13266
12628
12647
13267
12629
12648
13268
12630
12649
13269
12631
12650
13270
12632
12651
13271
12633
12652
13272
12634
12653
13273
12635
12654
13274
12636
12655
13275
12637
12656
13276
12638
12657
13277
12639
12658
13278
12659
13279
12641
12660
13280
12642
12661
13281
12643
12662
13282
12644
12663
13283
12645
12664
13284
12646
12665
13285
12647
12666
13286
12648
12667
13287
12649
12668
13288
12650
12669
13289
12651
12670
13290
12652
12671
13291
12653
12672
13292
12654
12673
13293
12655
12674
13294
12656
12675
13295
12657
12676
13296
12658
12677
13297
12659
12678
13298
12679
13299
12661
12680
13300
12662
12681
13301
12663
12682
13302
12664
12683
13303
12665
12684
13304
12666
12685
13305
12667
12686
13306
12668
12687
13307
12669
12688
13308
12670
12689
13309
12671
12690
13310
12672
12691
13311
12673
12692
13312
12674
12693
13313
12675
12694
13314
12676
12695
13315
12677
12696
13316
12678
12697
13317
12679
12698
13318
12699
13319
12681
12700
13320
12682
12701
13321
12683
12702
13322
12684
12703
13323
12685
12704
13324
12686
12705
13325
12687
12706
13326
12688
12707
13327
12689
12708
13328
12690
12709
13329
12691
12710
13330
12692
12711
13331
12693
12712
13332
12694
12713
13333
12695
12714
13334
12696
12715
13335
12697
12716
13336
12698
12717
13337
12699
12718
13338
12719
13339
12701
12720
13340
12702
12721
13341
12703
12722
13342
12704
12723
13343
12705
12724
13344
12706
12725
13345
12707
12726
13346
12708
12727
13347
12709
12728
13348
12710
12729
13349
12711
12730
13350
12712
12731
13351
12713
12732
13352
12714
12733
13353
12715
12734
13354
12716
12735
13355
12717
12736
13356
12718
12737
13357
12719
12738
13358
12739
13359
12721
12740
13360
12722
12741
13361
12723
12742
13362
12724
12743
13363
12725
12744
13364
12726
12745
13365
12727
12746
13366
12728
12747
13367
12729
12748
13368
12730
12749
13369
12731
12750
13370
12732
12751
13371
12733
12752
13372
12734
12753
13373
12735
12754
13374
12736
12755
13375
12737
12756
13376
12738
12757
13377
12739
12758
13378
12759
13379
12741
12760
13380
12742
12761
13381
12743
12762
13382
12744
12763
13383
12745
12764
13384
12746
12765
13385
12747
12766
13386
12748
12767
13387
12749
12768
13388
12750
12769
13389
12751
12770
13390
12752
12771
13391
12753
12772
13392
12754
12773
13393
12755
12774
13394
12756
12775
13395
12757
12776
13396
12758
12777
13397
12759
12778
13398
12779
13399
12761
12780
13400
12762
12781
13401
12763
12782
13402
12764
12783
13403
12765
12784
13404
12766
12785
13405
12767
12786
13406
12768
12787
13407
12769
12788
13408
12770
12789
13409
12771
12790
13410
12772
12791
13411
12773
12792
13412
12774
12793
13413
12775
12794
13414
12776
12795
13415
12777
12796
13416
12778
12797
13417
12779
12798
13418
12799
13419
12781
13420
12782
13421
12783
13422
12784
13423
12785
13424
12786
13425
12787
13426
12788
13427
12789
13428
12790
13429
12791
13430
12792
13431
12793
13432
12794
13433
12795
13434
12796
13435
12797
13436
12798
13437
12799
13438
13439
12801
12820
13440
12802
12821
13441
12803
12822
13442
12804
12823
13443
12805
12824
13444
12806
12825
13445
12807
12826
13446
12808
12827
13447
12809
12828
13448
12810
12829
13449
12811
12830
13450
12812
12831
13451
12813
12832
13452
12814
12833
13453
12815
12834
13454
12816
12835
13455
12817
12836
13456
12818
12837
13457
12819
12838
13458
12839
13459
12821
12840
13460
12822
12841
13461
12823
12842
13462
12824
12843
13463
12825
12844
13464
12826
12845
13465
12827
12846
13466
12828
12847
13467
12829
12848
13468
12830
12849
13469
12831
12850
13470
12832
12851
13471
12833
12852
13472
12834
12853
13473
12835
12854
13474
12836
12855
13475
12837
12856
13476
12838
12857
13477
12839
12858
13478
12859
13479
12841
12860
13480
12842
12861
13481
12843
12862
13482
12844
12863
13483
12845
12864
13484
12846
12865
13485
12847
12866
13486
12848
12867
13487
12849
12868
13488
12850
12869
13489
12851
12870
13490
12852
12871
13491
12853
12872
13492
12854
12873
13493
12855
12874
13494
12856
12875
13495
12857
12876
13496
12858
12877
13497
12859
12878
13498
12879
13499
12861
12880
13500
12862
12881
13501
12863
12882
13502
12864
12883
13503
12865
12884
13504
12866
12885
13505
12867
12886
13506
12868
12887
13507
12869
12888
13508
12870
12889
13509
12871
12890
13510
12872
12891
13511
12873
12892
13512
12874
12893
13513
12875
12894
13514
12876
12895
13515
12877
12896
13516
12878
12897
13517
12879
12898
13518
12899
13519
12881
12900
13520
12882
12901
13521
12883
12902
13522
12884
12903
13523
12885
12904
13524
12886
12905
13525
12887
12906
13526
12888
12907
13527
12889
12908
13528
12890
12909
13529
12891
12910
13530
12892
12911
13531
12893
12912
13532
12894
12913
13533
12895
12914
13534
12896
12915
13535
12897
12916
13536
12898
12917
13537
12899
12918
13538
12919
13539
12901
12920
13540
12902
12921
13541
12903
12922
13542
12904
12923
13543
12905
12924
13544
12906
12925
13545
12907
12926
13546
12908
12927
13547
12909
12928
13548
12910
12929
13549
12911
12930
13550
12912
12931
13551
12913
12932
13552
12914
12933
13553
12915
12934
13554
12916
12935
13555
12917
12936
13556
12918
12937
13557
12919
12938
13558
12939
13559
12921
12940
13560
12922
12941
13561
12923
12942
13562
12924
12943
13563
12925
12944
13564
12926
12945
13565
12927
12946
13566
12928
12947
13567
12929
12948
13568
12930
12949
13569
12931
12950
13570
12932
12951
13571
12933
12952
13572
12934
12953
13573
12935
12954
13574
12936
12955
13575
12937
12956
13576
12938
12957
13577
12939
12958
13578
12959
13579
12941
12960
13580
12942
12961
13581
12943
12962
13582
12944
12963
13583
12945
12964
13584
12946
12965
13585
12947
12966
13586
12948
12967
13587
12949
12968
13588
12950
12969
13589
12951
12970
13590
12952
12971
13591
12953
12972
13592
12954
12973
13593
12955
12974
13594
12956
12975
13595
12957
12976
13596
12958
12977
13597
12959
12978
13598
12979
13599
12961
12980
13600
12962
12981
13601
12963
12982
13602
12964
12983
13603
12965
12984
13604
12966
12985
13605
12967
12986
13606
12968
12987
13607
12969
12988
13608
12970
12989
13609
12971
12990
13610
12972
12991
13611
12973
12992
13612
12974
12993
13613
12975
12994
13614
12976
12995
13615
12977
12996
13616
12978
12997
13617
12979
12998
13618
12999
13619
12981
13000
13620
12982
13001
13621
12983
13002
13622
12984
13003
13623
12985
13004
13624
12986
13005
13625
12987
13006
13626
12988
13007
13627
12989
13008
13628
12990
13009
13629
12991
13010
13630
12992
13011
13631
12993
13012
13632
12994
13013
13633
12995
13014
13634
12996
13015
13635
12997
13016
13636
12998
13017
13637
12999
13018
13638
13019
13639
13001
13020
13640
13002
13021
13641
13003
13022
13642
13004
13023
13643
13005
13024
13644
13006
13025
13645
13007
13026
13646
13008
13027
13647
13009
13028
13648
13010
13029
13649
13011
13030
13650
13012
13031
13651
13013
13032
13652
13014
13033
13653
13015
13034
13654
13016
13035
13655
13017
13036
13656
13018
13037
13657
13019
13038
13658
13039
13659
13021
13040
13660
13022
13041
13661
13023
13042
13662
13024
13043
13663
13025
13044
13664
13026
13045
13665
13027
13046
13666
13028
13047
13667
13029
13048
13668
13030
13049
13669
13031
13050
13670
13032
13051
13671
13033
13052
13672
13034
13053
13673
13035
13054
13674
13036
13055
13675
13037
13056
13676
13038
13057
13677
13039
13058
13678
13059
13679
13041
13060
13680
13042
13061
13681
13043
13062
13682
13044
13063
13683
13045
13064
13684
13046
13065
13685
13047
13066
13686
13048
13067
13687
13049
13068
13688
13050
13069
13689
13051
13070
13690
13052
13071
13691
13053
13072
13692
13054
13073
13693
13055
13074
13694
13056
13075
13695
13057
13076
13696
13058
13077
13697
13059
13078
13698
13079
13699
13061
13080
13700
13062
13081
13701
13063
13082
13702
13064
13083
13703
13065
13084
13704
13066
13085
13705
13067
13086
13706
13068
13087
13707
13069
13088
13708
13070
13089
13709
13071
13090
13710
13072
13091
13711
13073
13092
13712
13074
13093
13713
13075
13094
13714
13076
13095
13715
13077
13096
13716
13078
13097
13717
13079
13098
13718
13099
13719
13081
13100
13720
13082
13101
13721
13083
13102
13722
13084
13103
13723
13085
13104
13724
13086
13105
13725
13087
13106
13726
13088
13107
13727
13089
13108
13728
13090
13109
13729
13091
13110
13730
13092
13111
13731
13093
13112
13732
13094
13113
13733
13095
13114
13734
13096
13115
13735
13097
13116
13736
13098
13117
13737
13099
13118
13738
13119
13739
13101
13120
13740
13102
13121
13741
13103
13122
13742
13104
13123
13743
13105
13124
13744
13106
13125
13745
13107
13126
13746
13108
13127
13747
13109
13128
13748
13110
13129
13749
13111
13130
13750
13112
13131
13751
13113
13132
13752
13114
13133
13753
13115
13134
13754
13116
13135
13755
13117
13136
13756
13118
13137
13757
13119
13138
13758
13139
13759
13121
13140
13760
13122
13141
13761
13123
13142
13762
13124
13143
13763
13125
13144
13764
13126
13145
13765
13127
13146
13766
13128
13147
13767
13129
13148
13768
13130
13149
13769
13131
13150
13770
13132
13151
13771
13133
13152
13772
13134
13153
13773
13135
13154
13774
13136
13155
13775
13137
13156
13776
13138
13157
13777
13139
13158
13778
13159
13779
13141
13160
13780
13142
13161
13781
13143
13162
13782
13144
13163
13783
13145
13164
13784
13146
13165
13785
13147
13166
13786
13148
13167
13787
13149
13168
13788
13150
13169
13789
13151
13170
13790
13152
13171
13791
13153
13172
13792
13154
13173
13793
13155
13174
13794
13156
13175
13795
13157
13176
13796
13158
13177
13797
13159
13178
13798
13179
13799
13161
13180
13800
13162
13181
13801
13163
13182
13802
13164
13183
13803
13165
13184
13804
13166
13185
13805
13167
13186
13806
13168
13187
13807
13169
13188
13808
13170
13189
13809
13171
13190
13810
13172
13191
13811
13173
13192
13812
13174
13193
13813
13175
13194
13814
13176
13195
13815
13177
13196
13816
13178
13197
13817
13179
13198
13818
13199
13819
13181
13200
13820
13182
13201
13821
13183
13202
13822
13184
13203
13823
13185
13204
13824
13186
13205
13825
13187
13206
13826
13188
13207
13827
13189
13208
13828
13190
13209
13829
13191
13210
13830
13192
13211
13831
13193
13212
13832
13194
13213
13833
13195
13214
13834
13196
13215
13835
13197
13216
13836
13198
13217
13837
13199
13218
13838
13219
13839
13201
13220
13840
13202
13221
13841
13203
13222
13842
13204
13223
13843
13205
13224
13844
13206
13225
13845
13207
13226
13846
13208
13227
13847
13209
13228
13848
13210
13229
13849
13211
13230
13850
13212
13231
13851
13213
13232
13852
13214
13233
13853
13215
13234
13854
13216
13235
13855
13217
13236
13856
13218
13237
13857
13219
13238
13858
13239
13859
13221
13240
13860
13222
13241
13861
13223
13242
13862
13224
13243
13863
13225
13244
13864
13226
13245
13865
13227
13246
13866
13228
13247
13867
13229
13248
13868
13230
13249
13869
13231
13250
13870
13232
13251
13871
13233
13252
13872
13234
13253
13873
13235
13254
13874
13236
13255
13875
13237
13256
13876
13238
13257
13877
13239
13258
13878
13259
13879
13241
13260
13880
13242
13261
13881
13243
13262
13882
13244
13263
13883
13245
13264
13884
13246
13265
13885
13247
13266
13886
13248
13267
13887
13249
13268
13888
13250
13269
13889
13251
13270
13890
13252
13271
13891
13253
13272
13892
13254
13273
13893
13255
13274
13894
13256
13275
13895
13257
13276
13896
13258
13277
13897
13259
13278
13898
13279
13899
13261
13280
13900
13262
13281
13901
13263
13282
13902
13264
13283
13903
13265
13284
13904
13266
13285
13905
13267
13286
13906
13268
13287
13907
13269
13288
13908
13270
13289
13909
13271
13290
13910
13272
13291
13911
13273
13292
13912
13274
13293
13913
13275
13294
13914
13276
13295
13915
13277
13296
13916
13278
13297
13917
13279
13298
13918
13299
13919
13281
13300
13920
13282
13301
13921
13283
13302
13922
13284
13303
13923
13285
13304
13924
13286
13305
13925
13287
13306
13926
13288
13307
13927
13289
13308
13928
13290
13309
13929
13291
13310
13930
13292
13311
13931
13293
13312
13932
13294
13313
13933
13295
13314
13934
13296
13315
13935
13297
13316
13936
13298
13317
13937
13299
13318
13938
13319
13939
13301
13320
13940
13302
13321
13941
13303
13322
13942
13304
13323
13943
13305
13324
13944
13306
13325
13945
13307
13326
13946
13308
13327
13947
13309
13328
13948
13310
13329
13949
13311
13330
13950
13312
13331
13951
13313
13332
13952
13314
13333
13953
13315
13334
13954
13316
13335
13955
13317
13336
13956
13318
13337
13957
13319
13338
13958
13339
13959
13321
13340
13960
13322
13341
13961
13323
13342
13962
13324
13343
13963
13325
13344
13964
13326
13345
13965
13327
13346
13966
13328
13347
13967
13329
13348
13968
13330
13349
13969
13331
13350
13970
13332
13351
13971
13333
13352
13972
13334
13353
13973
13335
13354
13974
13336
13355
13975
13337
13356
13976
13338
13357
13977
13339
13358
13978
13359
13979
13341
13360
13980
13342
13361
13981
13343
13362
13982
13344
13363
13983
13345
13364
13984
13346
13365
13985
13347
13366
13986
13348
13367
13987
13349
13368
13988
13350
13369
13989
13351
13370
13990
13352
13371
13991
13353
13372
13992
13354
13373
13993
13355
13374
13994
13356
13375
13995
13357
13376
13996
13358
13377
13997
13359
13378
13998
13379
13999
13361
13380
14000
13362
13381
14001
13363
13382
14002
13364
13383
14003
13365
13384
14004
13366
13385
14005
13367
13386
14006
13368
13387
14007
13369
13388
14008
13370
13389
14009
13371
13390
14010
13372
13391
14011
13373
13392
14012
13374
13393
14013
13375
13394
14014
13376
13395
14015
13377
13396
14016
13378
13397
14017
13379
13398
14018
13399
14019
13381
13400
14020
13382
13401
14021
13383
13402
14022
13384
13403
14023
13385
13404
14024
13386
13405
14025
13387
13406
14026
13388
13407
14027
13389
13408
14028
13390
13409
14029
13391
13410
14030
13392
13411
14031
13393
13412
14032
13394
13413
14033
13395
13414
14034
13396
13415
14035
13397
13416
14036
13398
13417
14037
13399
13418
14038
13419
14039
13401
13420
14040
13402
13421
14041
13403
13422
14042
13404
13423
14043
13405
13424
14044
13406
13425
14045
13407
13426
14046
13408
13427
14047
13409
13428
14048
13410
13429
14049
13411
13430
14050
13412
13431
14051
13413
13432
14052
13414
13433
14053
13415
13434
14054
13416
13435
14055
13417
13436
14056
13418
13437
14057
13419
13438
14058
13439
14059
13421
14060
13422
14061
13423
14062
13424
14063
13425
14064
13426
14065
13427
14066
13428
14067
13429
14068
13430
14069
13431
14070
13432
14071
13433
14072
13434
14073
13435
14074
13436
14075
13437
14076
13438
14077
13439
14078
14079
13441
13460
14080
13442
13461
14081
13443
13462
14082
13444
13463
14083
13445
13464
14084
13446
13465
14085
13447
13466
14086
13448
13467
14087
13449
13468
14088
13450
13469
14089
13451
13470
14090
13452
13471
14091
13453
13472
14092
13454
13473
14093
13455
13474
14094
13456
13475
14095
13457
13476
14096
13458
13477
14097
13459
13478
14098
13479
14099
13461
13480
14100
13462
13481
14101
13463
13482
14102
13464
13483
14103
13465
13484
14104
13466
13485
14105
13467
13486
14106
13468
13487
14107
13469
13488
14108
13470
13489
14109
13471
13490
14110
13472
13491
14111
13473
13492
14112
13474
13493
14113
13475
13494
14114
13476
13495
14115
13477
13496
14116
13478
13497
14117
13479
13498
14118
13499
14119
13481
13500
14120
13482
13501
14121
13483
13502
14122
13484
13503
14123
13485
13504
14124
13486
13505
14125
13487
13506
14126
13488
13507
14127
13489
13508
14128
13490
13509
14129
13491
13510
14130
13492
13511
14131
13493
13512
14132
13494
13513
14133
13495
13514
14134
13496
13515
14135
13497
13516
14136
13498
13517
14137
13499
13518
14138
13519
14139
13501
13520
14140
13502
13521
14141
13503
13522
14142
13504
13523
14143
13505
13524
14144
13506
13525
14145
13507
13526
14146
13508
13527
14147
13509
13528
14148
13510
13529
14149
13511
13530
14150
13512
13531
14151
13513
13532
14152
13514
13533
14153
13515
13534
14154
13516
13535
14155
13517
13536
14156
13518
13537
14157
13519
13538
14158
13539
14159
13521
13540
14160
13522
13541
14161
13523
13542
14162
13524
13543
14163
13525
13544
14164
13526
13545
14165
13527
13546
14166
13528
13547
14167
13529
13548
14168
13530
13549
14169
13531
13550
14170
13532
13551
14171
13533
13552
14172
13534
13553
14173
13535
13554
14174
13536
13555
14175
13537
13556
14176
13538
13557
14177
13539
13558
14178
13559
14179
13541
13560
14180
13542
13561
14181
13543
13562
14182
13544
13563
14183
13545
13564
14184
13546
13565
14185
13547
13566
14186
13548
13567
14187
13549
13568
14188
13550
13569
14189
13551
13570
14190
13552
13571
14191
13553
13572
14192
13554
13573
14193
13555
13574
14194
13556
13575
14195
13557
13576
14196
13558
13577
14197
13559
13578
14198
13579
14199
13561
13580
14200
13562
13581
14201
13563
13582
14202
13564
13583
14203
13565
13584
14204
13566
13585
14205
13567
13586
14206
13568
13587
14207
13569
13588
14208
13570
13589
14209
13571
13590
14210
13572
13591
14211
13573
13592
14212
13574
13593
14213
13575
13594
14214
13576
13595
14215
13577
13596
14216
13578
13597
14217
13579
13598
14218
13599
14219
13581
13600
14220
13582
13601
14221
13583
13602
14222
13584
13603
14223
13585
13604
14224
13586
13605
14225
13587
13606
14226
13588
13607
14227
13589
13608
14228
13590
13609
14229
13591
13610
14230
13592
13611
14231
13593
13612
14232
13594
13613
14233
13595
13614
14234
13596
13615
14235
13597
13616
14236
13598
13617
14237
13599
13618
14238
13619
14239
13601
13620
14240
13602
13621
14241
13603
13622
14242
13604
13623
14243
13605
13624
14244
13606
13625
14245
13607
13626
14246
13608
13627
14247
13609
13628
14248
13610
13629
14249
13611
13630
14250
13612
13631
14251
13613
13632
14252
13614
13633
14253
13615
13634
14254
13616
13635
14255
13617
13636
14256
13618
13637
14257
13619
13638
14258
13639
14259
13621
13640
14260
13622
13641
14261
13623
13642
14262
13624
13643
14263
13625
13644
14264
13626
13645
14265
13627
13646
14266
13628
13647
14267
13629
13648
14268
13630
13649
14269
13631
13650
14270
13632
13651
14271
13633
13652
14272
13634
13653
14273
13635
13654
14274
13636
13655
14275
13637
13656
14276
13638
13657
14277
13639
13658
14278
13659
14279
13641
13660
14280
13642
13661
14281
13643
13662
14282
13644
13663
14283
13645
13664
14284
13646
13665
14285
13647
13666
14286
13648
13667
14287
13649
13668
14288
13650
13669
14289
13651
13670
14290
13652
13671
14291
13653
13672
14292
13654
13673
14293
13655
13674
14294
13656
13675
14295
13657
13676
14296
13658
13677
14297
13659
13678
14298
13679
14299
13661
13680
14300
13662
13681
14301
13663
13682
14302
13664
13683
14303
13665
13684
14304
13666
13685
14305
13667
13686
14306
13668
13687
14307
13669
13688
14308
13670
13689
14309
13671
13690
14310
13672
13691
14311
13673
13692
14312
13674
13693
14313
13675
13694
14314
13676
13695
14315
13677
13696
14316
13678
13697
14317
13679
13698
14318
13699
14319
13681
13700
14320
13682
13701
14321
13683
13702
14322
13684
13703
14323
13685
13704
14324
13686
13705
14325
13687
13706
14326
13688
13707
14327
13689
13708
14328
13690
13709
14329
13691
13710
14330
13692
13711
14331
13693
13712
14332
13694
13713
14333
13695
13714
14334
13696
13715
14335
13697
13716
14336
13698
13717
14337
13699
13718
14338
13719
14339
13701
13720
14340
13702
13721
14341
13703
13722
14342
13704
13723
14343
13705
13724
14344
13706
13725
14345
13707
13726
14346
13708
13727
14347
13709
13728
14348
13710
13729
14349
13711
13730
14350
13712
13731
14351
13713
13732
14352
13714
13733
14353
13715
13734
14354
13716
13735
14355
13717
13736
14356
13718
13737
14357
13719
13738
14358
13739
14359
13721
13740
14360
13722
13741
14361
13723
13742
14362
13724
13743
14363
13725
13744
14364
13726
13745
14365
13727
13746
14366
13728
13747
14367
13729
13748
14368
13730
13749
14369
13731
13750
14370
13732
13751
14371
13733
13752
14372
13734
13753
14373
13735
13754
14374
13736
13755
14375
13737
13756
14376
13738
13757
14377
13739
13758
14378
13759
14379
13741
13760
14380
13742
13761
14381
13743
13762
14382
13744
13763
14383
13745
13764
14384
13746
13765
14385
13747
13766
14386
13748
13767
14387
13749
13768
14388
13750
13769
14389
13751
13770
14390
13752
13771
14391
13753
13772
14392
13754
13773
14393
13755
13774
14394
13756
13775
14395
13757
13776
14396
13758
13777
14397
13759
13778
14398
13779
14399
13761
13780
14400
13762
13781
14401
13763
13782
14402
13764
13783
14403
13765
13784
14404
13766
13785
14405
13767
13786
14406
13768
13787
14407
13769
13788
14408
13770
13789
14409
13771
13790
14410
13772
13791
14411
13773
13792
14412
13774
13793
14413
13775
13794
14414
13776
13795
14415
13777
13796
14416
13778
13797
14417
13779
13798
14418
13799
14419
13781
13800
14420
13782
13801
14421
13783
13802
14422
13784
13803
14423
13785
13804
14424
13786
13805
14425
13787
13806
14426
13788
13807
14427
13789
13808
14428
13790
13809
14429
13791
13810
14430
13792
13811
14431
13793
13812
14432
13794
13813
14433
13795
13814
14434
13796
13815
14435
13797
13816
14436
13798
13817
14437
13799
13818
14438
13819
14439
13801
13820
14440
13802
13821
14441
13803
13822
14442
13804
13823
14443
13805
13824
14444
13806
13825
14445
13807
13826
14446
13808
13827
14447
13809
13828
14448
13810
13829
14449
13811
13830
14450
13812
13831
14451
13813
13832
14452
13814
13833
14453
13815
13834
14454
13816
13835
14455
13817
13836
14456
13818
13837
14457
13819
13838
14458
13839
14459
13821
13840
14460
13822
13841
14461
13823
13842
14462
13824
13843
14463
13825
13844
14464
13826
13845
14465
13827
13846
14466
13828
13847
14467
13829
13848
14468
13830
13849
14469
13831
13850
14470
13832
13851
14471
13833
13852
14472
13834
13853
14473
13835
13854
14474
13836
13855
14475
13837
13856
14476
13838
13857
14477
13839
13858
14478
13859
14479
13841
13860
14480
13842
13861
14481
13843
13862
14482
13844
13863
14483
13845
13864
14484
13846
13865
14485
13847
13866
14486
13848
13867
14487
13849
13868
14488
13850
13869
14489
13851
13870
14490
13852
13871
14491
13853
13872
14492
13854
13873
14493
13855
13874
14494
13856
13875
14495
13857
13876
14496
13858
13877
14497
13859
13878
14498
13879
14499
13861
13880
14500
13862
13881
14501
13863
13882
14502
13864
13883
14503
13865
13884
14504
13866
13885
14505
13867
13886
14506
13868
13887
14507
13869
13888
14508
13870
13889
14509
13871
13890
14510
13872
13891
14511
13873
13892
14512
13874
13893
14513
13875
13894
14514
13876
13895
14515
13877
13896
14516
13878
13897
14517
13879
13898
14518
13899
14519
13881
13900
14520
13882
13901
14521
13883
13902
14522
13884
13903
14523
13885
13904
14524
13886
13905
14525
13887
13906
14526
13888
13907
14527
13889
13908
14528
13890
13909
14529
13891
13910
14530
13892
13911
14531
13893
13912
14532
13894
13913
14533
13895
13914
14534
13896
13915
14535
13897
13916
14536
13898
13917
14537
13899
13918
14538
13919
14539
13901
13920
14540
13902
13921
14541
13903
13922
14542
13904
13923
14543
13905
13924
14544
13906
13925
14545
13907
13926
14546
13908
13927
14547
13909
13928
14548
13910
13929
14549
13911
13930
14550
13912
13931
14551
13913
13932
14552
13914
13933
14553
13915
13934
14554
13916
13935
14555
13917
13936
14556
13918
13937
14557
13919
13938
14558
13939
14559
13921
13940
14560
13922
13941
14561
13923
13942
14562
13924
13943
14563
13925
13944
14564
13926
13945
14565
13927
13946
14566
13928
13947
14567
13929
13948
14568
13930
13949
14569
13931
13950
14570
13932
13951
14571
13933
13952
14572
13934
13953
14573
13935
13954
14574
13936
13955
14575
13937
13956
14576
13938
13957
14577
13939
13958
14578
13959
14579
13941
13960
14580
13942
13961
14581
13943
13962
14582
13944
13963
14583
13945
13964
14584
13946
13965
14585
13947
13966
14586
13948
13967
14587
13949
13968
14588
13950
13969
14589
13951
13970
14590
13952
13971
14591
13953
13972
14592
13954
13973
14593
13955
13974
14594
13956
13975
14595
13957
13976
14596
13958
13977
14597
13959
13978
14598
13979
14599
13961
13980
14600
13962
13981
14601
13963
13982
14602
13964
13983
14603
13965
13984
14604
13966
13985
14605
13967
13986
14606
13968
13987
14607
13969
13988
14608
13970
13989
14609
13971
13990
14610
13972
13991
14611
13973
13992
14612
13974
13993
14613
13975
13994
14614
13976
13995
14615
13977
13996
14616
13978
13997
14617
13979
13998
14618
13999
14619
13981
14000
14620
13982
14001
14621
13983
14002
14622
13984
14003
14623
13985
14004
14624
13986
14005
14625
13987
14006
14626
13988
14007
14627
13989
14008
14628
13990
14009
14629
13991
14010
14630
13992
14011
14631
13993
14012
14632
13994
14013
14633
13995
14014
14634
13996
14015
14635
13997
14016
14636
13998
14017
14637
13999
14018
14638
14019
14639
14001
14020
14640
14002
14021
14641
14003
14022
14642
14004
14023
14643
14005
14024
14644
14006
14025
14645
14007
14026
14646
14008
14027
14647
14009
14028
14648
14010
14029
14649
14011
14030
14650
14012
14031
14651
14013
14032
14652
14014
14033
14653
14015
14034
14654
14016
14035
14655
14017
14036
14656
14018
14037
14657
14019
14038
14658
14039
14659
14021
14040
14660
14022
14041
14661
14023
14042
14662
14024
14043
14663
14025
14044
14664
14026
14045
14665
14027
14046
14666
14028
14047
14667
14029
14048
14668
14030
14049
14669
14031
14050
14670
14032
14051
14671
14033
14052
14672
14034
14053
14673
14035
14054
14674
14036
14055
14675
14037
14056
14676
14038
14057
14677
14039
14058
14678
14059
14679
14041
14060
14680
14042
14061
14681
14043
14062
14682
14044
14063
14683
14045
14064
14684
14046
14065
14685
14047
14066
14686
14048
14067
14687
14049
14068
14688
14050
14069
14689
14051
14070
14690
14052
14071
14691
14053
14072
14692
14054
14073
14693
14055
14074
14694
14056
14075
14695
14057
14076
14696
14058
14077
14697
14059
14078
14698
14079
14699
14061
14700
14062
14701
14063
14702
14064
14703
14065
14704
14066
14705
14067
14706
14068
14707
14069
14708
14070
14709
14071
14710
14072
14711
14073
14712
14074
14713
14075
14714
14076
14715
14077
14716
14078
14717
14079
14718
14719
14081
14100
14720
14082
14101
14721
14083
14102
14722
14084
14103
14723
14085
14104
14724
14086
14105
14725
14087
14106
14726
14088
14107
14727
14089
14108
14728
14090
14109
14729
14091
14110
14730
14092
14111
14731
14093
14112
14732
14094
14113
14733
14095
14114
14734
14096
14115
14735
14097
14116
14736
14098
14117
14737
14099
14118
14738
14119
14739
14101
14120
14740
14102
14121
14741
14103
14122
14742
14104
14123
14743
14105
14124
14744
14106
14125
14745
14107
14126
14746
14108
14127
14747
14109
14128
14748
14110
14129
14749
14111
14130
14750
14112
14131
14751
14113
14132
14752
14114
14133
14753
14115
14134
14754
14116
14135
14755
14117
14136
14756
14118
14137
14757
14119
14138
14758
14139
14759
14121
14140
14760
14122
14141
14761
14123
14142
14762
14124
14143
14763
14125
14144
14764
14126
14145
14765
14127
14146
14766
14128
14147
14767
14129
14148
14768
14130
14149
14769
14131
14150
14770
14132
14151
14771
14133
14152
14772
14134
14153
14773
14135
14154
14774
14136
14155
14775
14137
14156
14776
14138
14157
14777
14139
14158
14778
14159
14779
14141
14160
14780
14142
14161
14781
14143
14162
14782
14144
14163
14783
14145
14164
14784
14146
14165
14785
14147
14166
14786
14148
14167
14787
14149
14168
14788
14150
14169
14789
14151
14170
14790
14152
14171
14791
14153
14172
14792
14154
14173
14793
14155
14174
14794
14156
14175
14795
14157
14176
14796
14158
14177
14797
14159
14178
14798
14179
14799
14161
14180
14800
14162
14181
14801
14163
14182
14802
14164
14183
14803
14165
14184
14804
14166
14185
14805
14167
14186
14806
14168
14187
14807
14169
14188
14808
14170
14189
14809
14171
14190
14810
14172
14191
14811
14173
14192
14812
14174
14193
14813
14175
14194
14814
14176
14195
14815
14177
14196
14816
14178
14197
14817
14179
14198
14818
14199
14819
14181
14200
14820
14182
14201
14821
14183
14202
14822
14184
14203
14823
14185
14204
14824
14186
14205
14825
14187
14206
14826
14188
14207
14827
14189
14208
14828
14190
14209
14829
14191
14210
14830
14192
14211
14831
14193
14212
14832
14194
14213
14833
14195
14214
14834
14196
14215
14835
14197
14216
14836
14198
14217
14837
14199
14218
14838
14219
14839
14201
14220
14840
14202
14221
14841
14203
14222
14842
14204
14223
14843
14205
14224
14844
14206
14225
14845
14207
14226
14846
14208
14227
14847
14209
14228
14848
14210
14229
14849
14211
14230
14850
14212
14231
14851
14213
14232
14852
14214
14233
14853
14215
14234
14854
14216
14235
14855
14217
14236
14856
14218
14237
14857
14219
14238
14858
14239
14859
14221
14240
14860
14222
14241
14861
14223
14242
14862
14224
14243
14863
14225
14244
14864
14226
14245
14865
14227
14246
14866
14228
14247
14867
14229
14248
14868
14230
14249
14869
14231
14250
14870
14232
14251
14871
14233
14252
14872
14234
14253
14873
14235
14254
14874
14236
14255
14875
14237
14256
14876
14238
14257
14877
14239
14258
14878
14259
14879
14241
14260
14880
14242
14261
14881
14243
14262
14882
14244
14263
14883
14245
14264
14884
14246
14265
14885
14247
14266
14886
14248
14267
14887
14249
14268
14888
14250
14269
14889
14251
14270
14890
14252
14271
14891
14253
14272
14892
14254
14273
14893
14255
14274
14894
14256
14275
14895
14257
14276
14896
14258
14277
14897
14259
14278
14898
14279
14899
14261
14280
14900
14262
14281
14901
14263
14282
14902
14264
14283
14903
14265
14284
14904
14266
14285
14905
14267
14286
14906
14268
14287
14907
14269
14288
14908
14270
14289
14909
14271
14290
14910
14272
14291
14911
14273
14292
14912
14274
14293
14913
14275
14294
14914
14276
14295
14915
14277
14296
14916
14278
14297
14917
14279
14298
14918
14299
14919
14281
14300
14920
14282
14301
14921
14283
14302
14922
14284
14303
14923
14285
14304
14924
14286
14305
14925
14287
14306
14926
14288
14307
14927
14289
14308
14928
14290
14309
14929
14291
14310
14930
14292
14311
14931
14293
14312
14932
14294
14313
14933
14295
14314
14934
14296
14315
14935
14297
14316
14936
14298
14317
14937
14299
14318
14938
14319
14939
14301
14320
14940
14302
14321
14941
14303
14322
14942
14304
14323
14943
14305
14324
14944
14306
14325
14945
14307
14326
14946
14308
14327
14947
14309
14328
14948
14310
14329
14949
14311
14330
14950
14312
14331
14951
14313
14332
14952
14314
14333
14953
14315
14334
14954
14316
14335
14955
14317
14336
14956
14318
14337
14957
14319
14338
14958
14339
14959
14321
14340
14960
14322
14341
14961
14323
14342
14962
14324
14343
14963
14325
14344
14964
14326
14345
14965
14327
14346
14966
14328
14347
14967
14329
14348
14968
14330
14349
14969
14331
14350
14970
14332
14351
14971
14333
14352
14972
14334
14353
14973
14335
14354
14974
14336
14355
14975
14337
14356
14976
14338
14357
14977
14339
14358
14978
14359
14979
14341
14360
14980
14342
14361
14981
14343
14362
14982
14344
14363
14983
14345
14364
14984
14346
14365
14985
14347
14366
14986
14348
14367
14987
14349
14368
14988
14350
14369
14989
14351
14370
14990
14352
14371
14991
14353
14372
14992
14354
14373
14993
14355
14374
14994
14356
14375
14995
14357
14376
14996
14358
14377
14997
14359
14378
14998
14379
14999
14361
14380
15000
14362
14381
15001
14363
14382
15002
14364
14383
15003
14365
14384
15004
14366
14385
15005
14367
14386
15006
14368
14387
15007
14369
14388
15008
14370
14389
15009
14371
14390
15010
14372
14391
15011
14373
14392
15012
14374
14393
15013
14375
14394
15014
14376
14395
15015
14377
14396
15016
14378
14397
15017
14379
14398
15018
14399
15019
14381
14400
15020
14382
14401
15021
14383
14402
15022
14384
14403
15023
14385
14404
15024
14386
14405
15025
14387
14406
15026
14388
14407
15027
14389
14408
15028
14390
14409
15029
14391
14410
15030
14392
14411
15031
14393
14412
15032
14394
14413
15033
14395
14414
15034
14396
14415
15035
14397
14416
15036
14398
14417
15037
14399
14418
15038
14419
15039
14401
14420
15040
14402
14421
15041
14403
14422
15042
14404
14423
15043
14405
14424
15044
14406
14425
15045
14407
14426
15046
14408
14427
15047
14409
14428
15048
14410
14429
15049
14411
14430
15050
14412
14431
15051
14413
14432
15052
14414
14433
15053
14415
14434
15054
14416
14435
15055
14417
14436
15056
14418
14437
15057
14419
14438
15058
14439
15059
14421
14440
15060
14422
14441
15061
14423
14442
15062
14424
14443
15063
14425
14444
15064
14426
14445
15065
14427
14446
15066
14428
14447
15067
14429
14448
15068
14430
14449
15069
14431
14450
15070
14432
14451
15071
14433
14452
15072
14434
14453
15073
14435
14454
15074
14436
14455
15075
14437
14456
15076
14438
14457
15077
14439
14458
15078
14459
15079
14441
14460
15080
14442
14461
15081
14443
14462
15082
14444
14463
15083
14445
14464
15084
14446
14465
15085
14447
14466
15086
14448
14467
15087
14449
14468
15088
14450
14469
15089
14451
14470
15090
14452
14471
15091
14453
14472
15092
14454
14473
15093
14455
14474
15094
14456
14475
15095
14457
14476
15096
14458
14477
15097
14459
14478
15098
14479
15099
14461
14480
15100
14462
14481
15101
14463
14482
15102
14464
14483
15103
14465
14484
15104
14466
14485
15105
14467
14486
15106
14468
14487
15107
14469
14488
15108
14470
14489
15109
14471
14490
15110
14472
14491
15111
14473
14492
15112
14474
14493
15113
14475
14494
15114
14476
14495
15115
14477
14496
15116
14478
14497
15117
14479
14498
15118
14499
15119
14481
14500
15120
14482
14501
15121
14483
14502
15122
14484
14503
15123
14485
14504
15124
14486
14505
15125
14487
14506
15126
14488
14507
15127
14489
14508
15128
14490
14509
15129
14491
14510
15130
14492
14511
15131
14493
14512
15132
14494
14513
15133
14495
14514
15134
14496
14515
15135
14497
14516
15136
14498
14517
15137
14499
14518
15138
14519
15139
14501
14520
15140
14502
14521
15141
14503
14522
15142
14504
14523
15143
14505
14524
15144
14506
14525
15145
14507
14526
15146
14508
14527
15147
14509
14528
15148
14510
14529
15149
14511
14530
15150
14512
14531
15151
14513
14532
15152
14514
14533
15153
14515
14534
15154
14516
14535
15155
14517
14536
15156
14518
14537
15157
14519
14538
15158
14539
15159
14521
14540
15160
14522
14541
15161
14523
14542
15162
14524
14543
15163
14525
14544
15164
14526
14545
15165
14527
14546
15166
14528
14547
15167
14529
14548
15168
14530
14549
15169
14531
14550
15170
14532
14551
15171
14533
14552
15172
14534
14553
15173
14535
14554
15174
14536
14555
15175
14537
14556
15176
14538
14557
15177
14539
14558
15178
14559
15179
14541
14560
15180
14542
14561
15181
14543
14562
15182
14544
14563
15183
14545
14564
15184
14546
14565
15185
14547
14566
15186
14548
14567
15187
14549
14568
15188
14550
14569
15189
14551
14570
15190
14552
14571
15191
14553
14572
15192
14554
14573
15193
14555
14574
15194
14556
14575
15195
14557
14576
15196
14558
14577
15197
14559
14578
15198
14579
15199
14561
14580
15200
14562
14581
15201
14563
14582
15202
14564
14583
15203
14565
14584
15204
14566
14585
15205
14567
14586
15206
14568
14587
15207
14569
14588
15208
14570
14589
15209
14571
14590
15210
14572
14591
15211
14573
14592
15212
14574
14593
15213
14575
14594
15214
14576
14595
15215
14577
14596
15216
14578
14597
15217
14579
14598
15218
14599
15219
14581
14600
15220
14582
14601
15221
14583
14602
15222
14584
14603
15223
14585
14604
15224
14586
14605
15225
14587
14606
15226
14588
14607
15227
14589
14608
15228
14590
14609
15229
14591
14610
15230
14592
14611
15231
14593
14612
15232
14594
14613
15233
14595
14614
15234
14596
14615
15235
14597
14616
15236
14598
14617
15237
14599
14618
15238
14619
15239
14601
14620
15240
14602
14621
15241
14603
14622
15242
14604
14623
15243
14605
14624
15244
14606
14625
15245
14607
14626
15246
14608
14627
15247
14609
14628
15248
14610
14629
15249
14611
14630
15250
14612
14631
15251
14613
14632
15252
14614
14633
15253
14615
14634
15254
14616
14635
15255
14617
14636
15256
14618
14637
15257
14619
14638
15258
14639
15259
14621
14640
15260
14622
14641
15261
14623
14642
15262
14624
14643
15263
14625
14644
15264
14626
14645
15265
14627
14646
15266
14628
14647
15267
14629
14648
15268
14630
14649
15269
14631
14650
15270
14632
14651
15271
14633
14652
15272
14634
14653
15273
14635
14654
15274
14636
14655
15275
14637
14656
15276
14638
14657
15277
14639
14658
15278
14659
15279
14641
14660
15280
14642
14661
15281
14643
14662
15282
14644
14663
15283
14645
14664
15284
14646
14665
15285
14647
14666
15286
14648
14667
15287
14649
14668
15288
14650
14669
15289
14651
14670
15290
14652
14671
15291
14653
14672
15292
14654
14673
15293
14655
14674
15294
14656
14675
15295
14657
14676
15296
14658
14677
15297
14659
14678
15298
14679
15299
14661
14680
15300
14662
14681
15301
14663
14682
15302
14664
14683
15303
14665
14684
15304
14666
14685
15305
14667
14686
15306
14668
14687
15307
14669
14688
15308
14670
14689
15309
14671
14690
15310
14672
14691
15311
14673
14692
15312
14674
14693
15313
14675
14694
15314
14676
14695
15315
14677
14696
15316
14678
14697
15317
14679
14698
15318
14699
15319
14681
14700
15320
14682
14701
15321
14683
14702
15322
14684
14703
15323
14685
14704
15324
14686
14705
15325
14687
14706
15326
14688
14707
15327
14689
14708
15328
14690
14709
15329
14691
14710
15330
14692
14711
15331
14693
14712
15332
14694
14713
15333
14695
14714
15334
14696
14715
15335
14697
14716
15336
14698
14717
15337
14699
14718
15338
14719
15339
14701
15340
14702
15341
14703
15342
14704
15343
14705
15344
14706
15345
14707
15346
14708
15347
14709
15348
14710
15349
14711
15350
14712
15351
14713
15352
14714
15353
14715
15354
14716
15355
14717
15356
14718
15357
14719
15358
15359
14721
14740
15360
14722
14741
15361
14723
14742
15362
14724
14743
15363
14725
14744
15364
14726
14745
15365
14727
14746
15366
14728
14747
15367
14729
14748
15368
14730
14749
15369
14731
14750
15370
14732
14751
15371
14733
14752
15372
14734
14753
15373
14735
14754
15374
14736
14755
15375
14737
14756
15376
14738
14757
15377
14739
14758
15378
14759
15379
14741
14760
15380
14742
14761
15381
14743
14762
15382
14744
14763
15383
14745
14764
15384
14746
14765
15385
14747
14766
15386
14748
14767
15387
14749
14768
15388
14750
14769
15389
14751
14770
15390
14752
14771
15391
14753
14772
15392
14754
14773
15393
14755
14774
15394
14756
14775
15395
14757
14776
15396
14758
14777
15397
14759
14778
15398
14779
15399
14761
14780
15400
14762
14781
15401
14763
14782
15402
14764
14783
15403
14765
14784
15404
14766
14785
15405
14767
14786
15406
14768
14787
15407
14769
14788
15408
14770
14789
15409
14771
14790
15410
14772
14791
15411
14773
14792
15412
14774
14793
15413
14775
14794
15414
14776
14795
15415
14777
14796
15416
14778
14797
15417
14779
14798
15418
14799
15419
14781
14800
15420
14782
14801
15421
14783
14802
15422
14784
14803
15423
14785
14804
15424
14786
14805
15425
14787
14806
15426
14788
14807
15427
14789
14808
15428
14790
14809
15429
14791
14810
15430
14792
14811
15431
14793
14812
15432
14794
14813
15433
14795
14814
15434
14796
14815
15435
14797
14816
15436
14798
14817
15437
14799
14818
15438
14819
15439
14801
14820
15440
14802
14821
15441
14803
14822
15442
14804
14823
15443
14805
14824
15444
14806
14825
15445
14807
14826
15446
14808
14827
15447
14809
14828
15448
14810
14829
15449
14811
14830
15450
14812
14831
15451
14813
14832
15452
14814
14833
15453
14815
14834
15454
14816
14835
15455
14817
14836
15456
14818
14837
15457
14819
14838
15458
14839
15459
14821
14840
15460
14822
14841
15461
14823
14842
15462
14824
14843
15463
14825
14844
15464
14826
14845
15465
14827
14846
15466
14828
14847
15467
14829
14848
15468
14830
14849
15469
14831
14850
15470
14832
14851
15471
14833
14852
15472
14834
14853
15473
14835
14854
15474
14836
14855
15475
14837
14856
15476
14838
14857
15477
14839
14858
15478
14859
15479
14841
14860
15480
14842
14861
15481
14843
14862
15482
14844
14863
15483
14845
14864
15484
14846
14865
15485
14847
14866
15486
14848
14867
15487
14849
14868
15488
14850
14869
15489
14851
14870
15490
14852
14871
15491
14853
14872
15492
14854
14873
15493
14855
14874
15494
14856
14875
15495
14857
14876
15496
14858
14877
15497
14859
14878
15498
14879
15499
14861
14880
15500
14862
14881
15501
14863
14882
15502
14864
14883
15503
14865
14884
15504
14866
14885
15505
14867
14886
15506
14868
14887
15507
14869
14888
15508
14870
14889
15509
14871
14890
15510
14872
14891
15511
14873
14892
15512
14874
14893
15513
14875
14894
15514
14876
14895
15515
14877
14896
15516
14878
14897
15517
14879
14898
15518
14899
15519
14881
14900
15520
14882
14901
15521
14883
14902
15522
14884
14903
15523
14885
14904
15524
14886
14905
15525
14887
14906
15526
14888
14907
15527
14889
14908
15528
14890
14909
15529
14891
14910
15530
14892
14911
15531
14893
14912
15532
14894
14913
15533
14895
14914
15534
14896
14915
15535
14897
14916
15536
14898
14917
15537
14899
14918
15538
14919
15539
14901
14920
15540
14902
14921
15541
14903
14922
15542
14904
14923
15543
14905
14924
15544
14906
14925
15545
14907
14926
15546
14908
14927
15547
14909
14928
15548
14910
14929
15549
14911
14930
15550
14912
14931
15551
14913
14932
15552
14914
14933
15553
14915
14934
15554
14916
14935
15555
14917
14936
15556
14918
14937
15557
14919
14938
15558
14939
15559
14921
14940
15560
14922
14941
15561
14923
14942
15562
14924
14943
15563
14925
14944
15564
14926
14945
15565
14927
14946
15566
14928
14947
15567
14929
14948
15568
14930
14949
15569
14931
14950
15570
14932
14951
15571
14933
14952
15572
14934
14953
15573
14935
14954
15574
14936
14955
15575
14937
14956
15576
14938
14957
15577
14939
14958
15578
14959
15579
14941
14960
15580
14942
14961
15581
14943
14962
15582
14944
14963
15583
14945
14964
15584
14946
14965
15585
14947
14966
15586
14948
14967
15587
14949
14968
15588
14950
14969
15589
14951
14970
15590
14952
14971
15591
14953
14972
15592
14954
14973
15593
14955
14974
15594
14956
14975
15595
14957
14976
15596
14958
14977
15597
14959
14978
15598
14979
15599
14961
14980
15600
14962
14981
15601
14963
14982
15602
14964
14983
15603
14965
14984
15604
14966
14985
15605
14967
14986
15606
14968
14987
15607
14969
14988
15608
14970
14989
15609
14971
14990
15610
14972
14991
15611
14973
14992
15612
14974
14993
15613
14975
14994
15614
14976
14995
15615
14977
14996
15616
14978
14997
15617
14979
14998
15618
14999
15619
14981
15000
15620
14982
15001
15621
14983
15002
15622
14984
15003
15623
14985
15004
15624
14986
15005
15625
14987
15006
15626
14988
15007
15627
14989
15008
15628
14990
15009
15629
14991
15010
15630
14992
15011
15631
14993
15012
15632
14994
15013
15633
14995
15014
15634
14996
15015
15635
14997
15016
15636
14998
15017
15637
14999
15018
15638
15019
15639
15001
15020
15640
15002
15021
15641
15003
15022
15642
15004
15023
15643
15005
15024
15644
15006
15025
15645
15007
15026
15646
15008
15027
15647
15009
15028
15648
15010
15029
15649
15011
15030
15650
15012
15031
15651
15013
15032
15652
15014
15033
15653
15015
15034
15654
15016
15035
15655
15017
15036
15656
15018
15037
15657
15019
15038
15658
15039
15659
15021
15040
15660
15022
15041
15661
15023
15042
15662
15024
15043
15663
15025
15044
15664
15026
15045
15665
15027
15046
15666
15028
15047
15667
15029
15048
15668
15030
15049
15669
15031
15050
15670
15032
15051
15671
15033
15052
15672
15034
15053
15673
15035
15054
15674
15036
15055
15675
15037
15056
15676
15038
15057
15677
15039
15058
15678
15059
15679
15041
15060
15680
15042
15061
15681
15043
15062
15682
15044
15063
15683
15045
15064
15684
15046
15065
15685
15047
15066
15686
15048
15067
15687
15049
15068
15688
15050
15069
15689
15051
15070
15690
15052
15071
15691
15053
15072
15692
15054
15073
15693
15055
15074
15694
15056
15075
15695
15057
15076
15696
15058
15077
15697
15059
15078
15698
15079
15699
15061
15080
15700
15062
15081
15701
15063
15082
15702
15064
15083
15703
15065
15084
15704
15066
15085
15705
15067
15086
15706
15068
15087
15707
15069
15088
15708
15070
15089
15709
15071
15090
15710
15072
15091
15711
15073
15092
15712
15074
15093
15713
15075
15094
15714
15076
15095
15715
15077
15096
15716
15078
15097
15717
15079
15098
15718
15099
15719
15081
15100
15720
15082
15101
15721
15083
15102
15722
15084
15103
15723
15085
15104
15724
15086
15105
15725
15087
15106
15726
15088
15107
15727
15089
15108
15728
15090
15109
15729
15091
15110
15730
15092
15111
15731
15093
15112
15732
15094
15113
15733
15095
15114
15734
15096
15115
15735
15097
15116
15736
15098
15117
15737
15099
15118
15738
15119
15739
15101
15120
15740
15102
15121
15741
15103
15122
15742
15104
15123
15743
15105
15124
15744
15106
15125
15745
15107
15126
15746
15108
15127
15747
15109
15128
15748
15110
15129
15749
15111
15130
15750
15112
15131
15751
15113
15132
15752
15114
15133
15753
15115
15134
15754
15116
15135
15755
15117
15136
15756
15118
15137
15757
15119
15138
15758
15139
15759
15121
15140
15760
15122
15141
15761
15123
15142
15762
15124
15143
15763
15125
15144
15764
15126
15145
15765
15127
15146
15766
15128
15147
15767
15129
15148
15768
15130
15149
15769
15131
15150
15770
15132
15151
15771
15133
15152
15772
15134
15153
15773
15135
15154
15774
15136
15155
15775
15137
15156
15776
15138
15157
15777
15139
15158
15778
15159
15779
15141
15160
15780
15142
15161
15781
15143
15162
15782
15144
15163
15783
15145
15164
15784
15146
15165
15785
15147
15166
15786
15148
15167
15787
15149
15168
15788
15150
15169
15789
15151
15170
15790
15152
15171
15791
15153
15172
15792
15154
15173
15793
15155
15174
15794
15156
15175
15795
15157
15176
15796
15158
15177
15797
15159
15178
15798
15179
15799
15161
15180
15800
15162
15181
15801
15163
15182
15802
15164
15183
15803
15165
15184
15804
15166
15185
15805
15167
15186
15806
15168
15187
15807
15169
15188
15808
15170
15189
15809
15171
15190
15810
15172
15191
15811
15173
15192
15812
15174
15193
15813
15175
15194
15814
15176
15195
15815
15177
15196
15816
15178
15197
15817
15179
15198
15818
15199
15819
15181
15200
15820
15182
15201
15821
15183
15202
15822
15184
15203
15823
15185
15204
15824
15186
15205
15825
15187
15206
15826
15188
15207
15827
15189
15208
15828
15190
15209
15829
15191
15210
15830
15192
15211
15831
15193
15212
15832
15194
15213
15833
15195
15214
15834
15196
15215
15835
15197
15216
15836
15198
15217
15837
15199
15218
15838
15219
15839
15201
15220
15840
15202
15221
15841
15203
15222
15842
15204
15223
15843
15205
15224
15844
15206
15225
15845
15207
15226
15846
15208
15227
15847
15209
15228
15848
15210
15229
15849
15211
15230
15850
15212
15231
15851
15213
15232
15852
15214
15233
15853
15215
15234
15854
15216
15235
15855
15217
15236
15856
15218
15237
15857
15219
15238
15858
15239
15859
15221
15240
15860
15222
15241
15861
15223
15242
15862
15224
15243
15863
15225
15244
15864
15226
15245
15865
15227
15246
15866
15228
15247
15867
15229
15248
15868
15230
15249
15869
15231
15250
15870
15232
15251
15871
15233
15252
15872
15234
15253
15873
15235
15254
15874
15236
15255
15875
15237
15256
15876
15238
15257
15877
15239
15258
15878
15259
15879
15241
15260
15880
15242
15261
15881
15243
15262
15882
15244
15263
15883
15245
15264
15884
15246
15265
15885
15247
15266
15886
15248
15267
15887
15249
15268
15888
15250
15269
15889
15251
15270
15890
15252
15271
15891
15253
15272
15892
15254
15273
15893
15255
15274
15894
15256
15275
15895
15257
15276
15896
15258
15277
15897
15259
15278
15898
15279
15899
15261
15280
15900
15262
15281
15901
15263
15282
15902
15264
15283
15903
15265
15284
15904
15266
15285
15905
15267
15286
15906
15268
15287
15907
15269
15288
15908
15270
15289
15909
15271
15290
15910
15272
15291
15911
15273
15292
15912
15274
15293
15913
15275
15294
15914
15276
15295
15915
15277
15296
15916
15278
15297
15917
15279
15298
15918
15299
15919
15281
15300
15920
15282
15301
15921
15283
15302
15922
15284
15303
15923
15285
15304
15924
15286
15305
15925
15287
15306
15926
15288
15307
15927
15289
15308
15928
15290
15309
15929
15291
15310
15930
15292
15311
15931
15293
15312
15932
15294
15313
15933
15295
15314
15934
15296
15315
15935
15297
15316
15936
15298
15317
15937
15299
15318
15938
15319
15939
15301
15320
15940
15302
15321
15941
15303
15322
15942
15304
15323
15943
15305
15324
15944
15306
15325
15945
15307
15326
15946
15308
15327
15947
15309
15328
15948
15310
15329
15949
15311
15330
15950
15312
15331
15951
15313
15332
15952
15314
15333
15953
15315
15334
15954
15316
15335
15955
15317
15336
15956
15318
15337
15957
15319
15338
15958
15339
15959
15321
15340
15960
15322
15341
15961
15323
15342
15962
15324
15343
15963
15325
15344
15964
15326
15345
15965
15327
15346
15966
15328
15347
15967
15329
15348
15968
15330
15349
15969
15331
15350
15970
15332
15351
15971
15333
15352
15972
15334
15353
15973
15335
15354
15974
15336
15355
15975
15337
15356
15976
15338
15357
15977
15339
15358
15978
15359
15979
15341
15980
15342
15981
15343
15982
15344
15983
15345
15984
15346
15985
15347
15986
15348
15987
15349
15988
15350
15989
15351
15990
15352
15991
15353
15992
15354
15993
15355
15994
15356
15995
15357
15996
15358
15997
15359
15998
15999
15361
15380
16000
15362
15381
16001
15363
15382
16002
15364
15383
16003
15365
15384
16004
15366
15385
16005
15367
15386
16006
15368
15387
16007
15369
15388
16008
15370
15389
16009
15371
15390
16010
15372
15391
16011
15373
15392
16012
15374
15393
16013
15375
15394
16014
15376
15395
16015
15377
15396
16016
15378
15397
16017
15379
15398
16018
15399
16019
15381
15400
16020
15382
15401
16021
15383
15402
16022
15384
15403
16023
15385
15404
16024
15386
15405
16025
15387
15406
16026
15388
15407
16027
15389
15408
16028
15390
15409
16029
15391
15410
16030
15392
15411
16031
15393
15412
16032
15394
15413
16033
15395
15414
16034
15396
15415
16035
15397
15416
16036
15398
15417
16037
15399
15418
16038
15419
16039
15401
15420
16040
15402
15421
16041
15403
15422
16042
15404
15423
16043
15405
15424
16044
15406
15425
16045
15407
15426
16046
15408
15427
16047
15409
15428
16048
15410
15429
16049
15411
15430
16050
15412
15431
16051
15413
15432
16052
15414
15433
16053
15415
15434
16054
15416
15435
16055
15417
15436
16056
15418
15437
16057
15419
15438
16058
15439
16059
15421
15440
16060
15422
15441
16061
15423
15442
16062
15424
15443
16063
15425
15444
16064
15426
15445
16065
15427
15446
16066
15428
15447
16067
15429
15448
16068
15430
15449
16069
15431
15450
16070
15432
15451
16071
15433
15452
16072
15434
15453
16073
15435
15454
16074
15436
15455
16075
15437
15456
16076
15438
15457
16077
15439
15458
16078
15459
16079
15441
15460
16080
15442
15461
16081
15443
15462
16082
15444
15463
16083
15445
15464
16084
15446
15465
16085
15447
15466
16086
15448
15467
16087
15449
15468
16088
15450
15469
16089
15451
15470
16090
15452
15471
16091
15453
15472
16092
15454
15473
16093
15455
15474
16094
15456
15475
16095
15457
15476
16096
15458
15477
16097
15459
15478
16098
15479
16099
15461
15480
16100
15462
15481
16101
15463
15482
16102
15464
15483
16103
15465
15484
16104
15466
15485
16105
15467
15486
16106
15468
15487
16107
15469
15488
16108
15470
15489
16109
15471
15490
16110
15472
15491
16111
15473
15492
16112
15474
15493
16113
15475
15494
16114
15476
15495
16115
15477
15496
16116
15478
15497
16117
15479
15498
16118
15499
16119
15481
15500
16120
15482
15501
16121
15483
15502
16122
15484
15503
16123
15485
15504
16124
15486
15505
16125
15487
15506
16126
15488
15507
16127
15489
15508
16128
15490
15509
16129
15491
15510
16130
15492
15511
16131
15493
15512
16132
15494
15513
16133
15495
15514
16134
15496
15515
16135
15497
15516
16136
15498
15517
16137
15499
15518
16138
15519
16139
15501
15520
16140
15502
15521
16141
15503
15522
16142
15504
15523
16143
15505
15524
16144
15506
15525
16145
15507
15526
16146
15508
15527
16147
15509
15528
16148
15510
15529
16149
15511
15530
16150
15512
15531
16151
15513
15532
16152
15514
15533
16153
15515
15534
16154
15516
15535
16155
15517
15536
16156
15518
15537
16157
15519
15538
16158
15539
16159
15521
15540
16160
15522
15541
16161
15523
15542
16162
15524
15543
16163
15525
15544
16164
15526
15545
16165
15527
15546
16166
15528
15547
16167
15529
15548
16168
15530
15549
16169
15531
15550
16170
15532
15551
16171
15533
15552
16172
15534
15553
16173
15535
15554
16174
15536
15555
16175
15537
15556
16176
15538
15557
16177
15539
15558
16178
15559
16179
15541
15560
16180
15542
15561
16181
15543
15562
16182
15544
15563
16183
15545
15564
16184
15546
15565
16185
15547
15566
16186
15548
15567
16187
15549
15568
16188
15550
15569
16189
15551
15570
16190
15552
15571
16191
15553
15572
16192
15554
15573
16193
15555
15574
16194
15556
15575
16195
15557
15576
16196
15558
15577
16197
15559
15578
16198
15579
16199
15561
15580
16200
15562
15581
16201
15563
15582
16202
15564
15583
16203
15565
15584
16204
15566
15585
16205
15567
15586
16206
15568
15587
16207
15569
15588
16208
15570
15589
16209
15571
15590
16210
15572
15591
16211
15573
15592
16212
15574
15593
16213
15575
15594
16214
15576
15595
16215
15577
15596
16216
15578
15597
16217
15579
15598
16218
15599
16219
15581
15600
16220
15582
15601
16221
15583
15602
16222
15584
15603
16223
15585
15604
16224
15586
15605
16225
15587
15606
16226
15588
15607
16227
15589
15608
16228
15590
15609
16229
15591
15610
16230
15592
15611
16231
15593
15612
16232
15594
15613
16233
15595
15614
16234
15596
15615
16235
15597
15616
16236
15598
15617
16237
15599
15618
16238
15619
16239
15601
15620
16240
15602
15621
16241
15603
15622
16242
15604
15623
16243
15605
15624
16244
15606
15625
16245
15607
15626
16246
15608
15627
16247
15609
15628
16248
15610
15629
16249
15611
15630
16250
15612
15631
16251
15613
15632
16252
15614
15633
16253
15615
15634
16254
15616
15635
16255
15617
15636
16256
15618
15637
16257
15619
15638
16258
15639
16259
15621
15640
16260
15622
15641
16261
15623
15642
16262
15624
15643
16263
15625
15644
16264
15626
15645
16265
15627
15646
16266
15628
15647
16267
15629
15648
16268
15630
15649
16269
15631
15650
16270
15632
15651
16271
15633
15652
16272
15634
15653
16273
15635
15654
16274
15636
15655
16275
15637
15656
16276
15638
15657
16277
15639
15658
16278
15659
16279
15641
15660
16280
15642
15661
16281
15643
15662
16282
15644
15663
16283
15645
15664
16284
15646
15665
16285
15647
15666
16286
15648
15667
16287
15649
15668
16288
15650
15669
16289
15651
15670
16290
15652
15671
16291
15653
15672
16292
15654
15673
16293
15655
15674
16294
15656
15675
16295
15657
15676
16296
15658
15677
16297
15659
15678
16298
15679
16299
15661
15680
16300
15662
15681
16301
15663
15682
16302
15664
15683
16303
15665
15684
16304
15666
15685
16305
15667
15686
16306
15668
15687
16307
15669
15688
16308
15670
15689
16309
15671
15690
16310
15672
15691
16311
15673
15692
16312
15674
15693
16313
15675
15694
16314
15676
15695
16315
15677
15696
16316
15678
15697
16317
15679
15698
16318
15699
16319
15681
15700
16320
15682
15701
16321
15683
15702
16322
15684
15703
16323
15685
15704
16324
15686
15705
16325
15687
15706
16326
15688
15707
16327
15689
15708
16328
15690
15709
16329
15691
15710
16330
15692
15711
16331
15693
15712
16332
15694
15713
16333
15695
15714
16334
15696
15715
16335
15697
15716
16336
15698
15717
16337
15699
15718
16338
15719
16339
15701
15720
16340
15702
15721
16341
15703
15722
16342
15704
15723
16343
15705
15724
16344
15706
15725
16345
15707
15726
16346
15708
15727
16347
15709
15728
16348
15710
15729
16349
15711
15730
16350
15712
15731
16351
15713
15732
16352
15714
15733
16353
15715
15734
16354
15716
15735
16355
15717
15736
16356
15718
15737
16357
15719
15738
16358
15739
16359
15721
15740
16360
15722
15741
16361
15723
15742
16362
15724
15743
16363
15725
15744
16364
15726
15745
16365
15727
15746
16366
15728
15747
16367
15729
15748
16368
15730
15749
16369
15731
15750
16370
15732
15751
16371
15733
15752
16372
15734
15753
16373
15735
15754
16374
15736
15755
16375
15737
15756
16376
15738
15757
16377
15739
15758
16378
15759
16379
15741
15760
16380
15742
15761
16381
15743
15762
16382
15744
15763
16383
15745
15764
16384
15746
15765
16385
15747
15766
16386
15748
15767
16387
15749
15768
16388
15750
15769
16389
15751
15770
16390
15752
15771
16391
15753
15772
16392
15754
15773
16393
15755
15774
16394
15756
15775
16395
15757
15776
16396
15758
15777
16397
15759
15778
16398
15779
16399
15761
15780
16400
15762
15781
16401
15763
15782
16402
15764
15783
16403
15765
15784
16404
15766
15785
16405
15767
15786
16406
15768
15787
16407
15769
15788
16408
15770
15789
16409
15771
15790
16410
15772
15791
16411
15773
15792
16412
15774
15793
16413
15775
15794
16414
15776
15795
16415
15777
15796
16416
15778
15797
16417
15779
15798
16418
15799
16419
15781
15800
16420
15782
15801
16421
15783
15802
16422
15784
15803
16423
15785
15804
16424
15786
15805
16425
15787
15806
16426
15788
15807
16427
15789
15808
16428
15790
15809
16429
15791
15810
16430
15792
15811
16431
15793
15812
16432
15794
15813
16433
15795
15814
16434
15796
15815
16435
15797
15816
16436
15798
15817
16437
15799
15818
16438
15819
16439
15801
15820
16440
15802
15821
16441
15803
15822
16442
15804
15823
16443
15805
15824
16444
15806
15825
16445
15807
15826
16446
15808
15827
16447
15809
15828
16448
15810
15829
16449
15811
15830
16450
15812
15831
16451
15813
15832
16452
15814
15833
16453
15815
15834
16454
15816
15835
16455
15817
15836
16456
15818
15837
16457
15819
15838
16458
15839
16459
15821
15840
16460
15822
15841
16461
15823
15842
16462
15824
15843
16463
15825
15844
16464
15826
15845
16465
15827
15846
16466
15828
15847
16467
15829
15848
16468
15830
15849
16469
15831
15850
16470
15832
15851
16471
15833
15852
16472
15834
15853
16473
15835
15854
16474
15836
15855
16475
15837
15856
16476
15838
15857
16477
15839
15858
16478
15859
16479
15841
15860
16480
15842
15861
16481
15843
15862
16482
15844
15863
16483
15845
15864
16484
15846
15865
16485
15847
15866
16486
15848
15867
16487
15849
15868
16488
15850
15869
16489
15851
15870
16490
15852
15871
16491
15853
15872
16492
15854
15873
16493
15855
15874
16494
15856
15875
16495
15857
15876
16496
15858
15877
16497
15859
15878
16498
15879
16499
15861
15880
16500
15862
15881
16501
15863
15882
16502
15864
15883
16503
15865
15884
16504
15866
15885
16505
15867
15886
16506
15868
15887
16507
15869
15888
16508
15870
15889
16509
15871
15890
16510
15872
15891
16511
15873
15892
16512
15874
15893
16513
15875
15894
16514
15876
15895
16515
15877
15896
16516
15878
15897
16517
15879
15898
16518
15899
16519
15881
15900
16520
15882
15901
16521
15883
15902
16522
15884
15903
16523
15885
15904
16524
15886
15905
16525
15887
15906
16526
15888
15907
16527
15889
15908
16528
15890
15909
16529
15891
15910
16530
15892
15911
16531
15893
15912
16532
15894
15913
16533
15895
15914
16534
15896
15915
16535
15897
15916
16536
15898
15917
16537
15899
15918
16538
15919
16539
15901
15920
16540
15902
15921
16541
15903
15922
16542
15904
15923
16543
15905
15924
16544
15906
15925
16545
15907
15926
16546
15908
15927
16547
15909
15928
16548
15910
15929
16549
15911
15930
16550
15912
15931
16551
15913
15932
16552
15914
15933
16553
15915
15934
16554
15916
15935
16555
15917
15936
16556
15918
15937
16557
15919
15938
16558
15939
16559
15921
15940
16560
15922
15941
16561
15923
15942
16562
15924
15943
16563
15925
15944
16564
15926
15945
16565
15927
15946
16566
15928
15947
16567
15929
15948
16568
15930
15949
16569
15931
15950
16570
15932
15951
16571
15933
15952
16572
15934
15953
16573
15935
15954
16574
15936
15955
16575
15937
15956
16576
15938
15957
16577
15939
15958
16578
15959
16579
15941
15960
16580
15942
15961
16581
15943
15962
16582
15944
15963
16583
15945
15964
16584
15946
15965
16585
15947
15966
16586
15948
15967
16587
15949
15968
16588
15950
15969
16589
15951
15970
16590
15952
15971
16591
15953
15972
16592
15954
15973
16593
15955
15974
16594
15956
15975
16595
15957
15976
16596
15958
15977
16597
15959
15978
16598
15979
16599
15961
15980
16600
15962
15981
16601
15963
15982
16602
15964
15983
16603
15965
15984
16604
15966
15985
16605
15967
15986
16606
15968
15987
16607
15969
15988
16608
15970
15989
16609
15971
15990
16610
15972
15991
16611
15973
15992
16612
15974
15993
16613
15975
15994
16614
15976
15995
16615
15977
15996
16616
15978
15997
16617
15979
15998
16618
15999
16619
15981
16620
15982
16621
15983
16622
15984
16623
15985
16624
15986
16625
15987
16626
15988
16627
15989
16628
15990
16629
15991
16630
15992
16631
15993
16632
15994
16633
15995
16634
15996
16635
15997
16636
15998
16637
15999
16638
16639
16001
16020
16640
16002
16021
16641
16003
16022
16642
16004
16023
16643
16005
16024
16644
16006
16025
16645
16007
16026
16646
16008
16027
16647
16009
16028
16648
16010
16029
16649
16011
16030
16650
16012
16031
16651
16013
16032
16652
16014
16033
16653
16015
16034
16654
16016
16035
16655
16017
16036
16656
16018
16037
16657
16019
16038
16658
16039
16659
16021
16040
16660
16022
16041
16661
16023
16042
16662
16024
16043
16663
16025
16044
16664
16026
16045
16665
16027
16046
16666
16028
16047
16667
16029
16048
16668
16030
16049
16669
16031
16050
16670
16032
16051
16671
16033
16052
16672
16034
16053
16673
16035
16054
16674
16036
16055
16675
16037
16056
16676
16038
16057
16677
16039
16058
16678
16059
16679
16041
16060
16680
16042
16061
16681
16043
16062
16682
16044
16063
16683
16045
16064
16684
16046
16065
16685
16047
16066
16686
16048
16067
16687
16049
16068
16688
16050
16069
16689
16051
16070
16690
16052
16071
16691
16053
16072
16692
16054
16073
16693
16055
16074
16694
16056
16075
16695
16057
16076
16696
16058
16077
16697
16059
16078
16698
16079
16699
16061
16080
16700
16062
16081
16701
16063
16082
16702
16064
16083
16703
16065
16084
16704
16066
16085
16705
16067
16086
16706
16068
16087
16707
16069
16088
16708
16070
16089
16709
16071
16090
16710
16072
16091
16711
16073
16092
16712
16074
16093
16713
16075
16094
16714
16076
16095
16715
16077
16096
16716
16078
16097
16717
16079
16098
16718
16099
16719
16081
16100
16720
16082
16101
16721
16083
16102
16722
16084
16103
16723
16085
16104
16724
16086
16105
16725
16087
16106
16726
16088
16107
16727
16089
16108
16728
16090
16109
16729
16091
16110
16730
16092
16111
16731
16093
16112
16732
16094
16113
16733
16095
16114
16734
16096
16115
16735
16097
16116
16736
16098
16117
16737
16099
16118
16738
16119
16739
16101
16120
16740
16102
16121
16741
16103
16122
16742
16104
16123
16743
16105
16124
16744
16106
16125
16745
16107
16126
16746
16108
16127
16747
16109
16128
16748
16110
16129
16749
16111
16130
16750
16112
16131
16751
16113
16132
16752
16114
16133
16753
16115
16134
16754
16116
16135
16755
16117
16136
16756
16118
16137
16757
16119
16138
16758
16139
16759
16121
16140
16760
16122
16141
16761
16123
16142
16762
16124
16143
16763
16125
16144
16764
16126
16145
16765
16127
16146
16766
16128
16147
16767
16129
16148
16768
16130
16149
16769
16131
16150
16770
16132
16151
16771
16133
16152
16772
16134
16153
16773
16135
16154
16774
16136
16155
16775
16137
16156
16776
16138
16157
16777
16139
16158
16778
16159
16779
16141
16160
16780
16142
16161
16781
16143
16162
16782
16144
16163
16783
16145
16164
16784
16146
16165
16785
16147
16166
16786
16148
16167
16787
16149
16168
16788
16150
16169
16789
16151
16170
16790
16152
16171
16791
16153
16172
16792
16154
16173
16793
16155
16174
16794
16156
16175
16795
16157
16176
16796
16158
16177
16797
16159
16178
16798
16179
16799
16161
16180
16800
16162
16181
16801
16163
16182
16802
16164
16183
16803
16165
16184
16804
16166
16185
16805
16167
16186
16806
16168
16187
16807
16169
16188
16808
16170
16189
16809
16171
16190
16810
16172
16191
16811
16173
16192
16812
16174
16193
16813
16175
16194
16814
16176
16195
16815
16177
16196
16816
16178
16197
16817
16179
16198
16818
16199
16819
16181
16200
16820
16182
16201
16821
16183
16202
16822
16184
16203
16823
16185
16204
16824
16186
16205
16825
16187
16206
16826
16188
16207
16827
16189
16208
16828
16190
16209
16829
16191
16210
16830
16192
16211
16831
16193
16212
16832
16194
16213
16833
16195
16214
16834
16196
16215
16835
16197
16216
16836
16198
16217
16837
16199
16218
16838
16219
16839
16201
16220
16840
16202
16221
16841
16203
16222
16842
16204
16223
16843
16205
16224
16844
16206
16225
16845
16207
16226
16846
16208
16227
16847
16209
16228
16848
16210
16229
16849
16211
16230
16850
16212
16231
16851
16213
16232
16852
16214
16233
16853
16215
16234
16854
16216
16235
16855
16217
16236
16856
16218
16237
16857
16219
16238
16858
16239
16859
16221
16240
16860
16222
16241
16861
16223
16242
16862
16224
16243
16863
16225
16244
16864
16226
16245
16865
16227
16246
16866
16228
16247
16867
16229
16248
16868
16230
16249
16869
16231
16250
16870
16232
16251
16871
16233
16252
16872
16234
16253
16873
16235
16254
16874
16236
16255
16875
16237
16256
16876
16238
16257
16877
16239
16258
16878
16259
16879
16241
16260
16880
16242
16261
16881
16243
16262
16882
16244
16263
16883
16245
16264
16884
16246
16265
16885
16247
16266
16886
16248
16267
16887
16249
16268
16888
16250
16269
16889
16251
16270
16890
16252
16271
16891
16253
16272
16892
16254
16273
16893
16255
16274
16894
16256
16275
16895
16257
16276
16896
16258
16277
16897
16259
16278
16898
16279
16899
16261
16280
16900
16262
16281
16901
16263
16282
16902
16264
16283
16903
16265
16284
16904
16266
16285
16905
16267
16286
16906
16268
16287
16907
16269
16288
16908
16270
16289
16909
16271
16290
16910
16272
16291
16911
16273
16292
16912
16274
16293
16913
16275
16294
16914
16276
16295
16915
16277
16296
16916
16278
16297
16917
16279
16298
16918
16299
16919
16281
16300
16920
16282
16301
16921
16283
16302
16922
16284
16303
16923
16285
16304
16924
16286
16305
16925
16287
16306
16926
16288
16307
16927
16289
16308
16928
16290
16309
16929
16291
16310
16930
16292
16311
16931
16293
16312
16932
16294
16313
16933
16295
16314
16934
16296
16315
16935
16297
16316
16936
16298
16317
16937
16299
16318
16938
16319
16939
16301
16320
16940
16302
16321
16941
16303
16322
16942
16304
16323
16943
16305
16324
16944
16306
16325
16945
16307
16326
16946
16308
16327
16947
16309
16328
16948
16310
16329
16949
16311
16330
16950
16312
16331
16951
16313
16332
16952
16314
16333
16953
16315
16334
16954
16316
16335
16955
16317
16336
16956
16318
16337
16957
16319
16338
16958
16339
16959
16321
16340
16960
16322
16341
16961
16323
16342
16962
16324
16343
16963
16325
16344
16964
16326
16345
16965
16327
16346
16966
16328
16347
16967
16329
16348
16968
16330
16349
16969
16331
16350
16970
16332
16351
16971
16333
16352
16972
16334
16353
16973
16335
16354
16974
16336
16355
16975
16337
16356
16976
16338
16357
16977
16339
16358
16978
16359
16979
16341
16360
16980
16342
16361
16981
16343
16362
16982
16344
16363
16983
16345
16364
16984
16346
16365
16985
16347
16366
16986
16348
16367
16987
16349
16368
16988
16350
16369
16989
16351
16370
16990
16352
16371
16991
16353
16372
16992
16354
16373
16993
16355
16374
16994
16356
16375
16995
16357
16376
16996
16358
16377
16997
16359
16378
16998
16379
16999
16361
16380
17000
16362
16381
17001
16363
16382
17002
16364
16383
17003
16365
16384
17004
16366
16385
17005
16367
16386
17006
16368
16387
17007
16369
16388
17008
16370
16389
17009
16371
16390
17010
16372
16391
17011
16373
16392
17012
16374
16393
17013
16375
16394
17014
16376
16395
17015
16377
16396
17016
16378
16397
17017
16379
16398
17018
16399
17019
16381
16400
17020
16382
16401
17021
16383
16402
17022
16384
16403
17023
16385
16404
17024
16386
16405
17025
16387
16406
17026
16388
16407
17027
16389
16408
17028
16390
16409
17029
16391
16410
17030
16392
16411
17031
16393
16412
17032
16394
16413
17033
16395
16414
17034
16396
16415
17035
16397
16416
17036
16398
16417
17037
16399
16418
17038
16419
17039
16401
16420
17040
16402
16421
17041
16403
16422
17042
16404
16423
17043
16405
16424
17044
16406
16425
17045
16407
16426
17046
16408
16427
17047
16409
16428
17048
16410
16429
17049
16411
16430
17050
16412
16431
17051
16413
16432
17052
16414
16433
17053
16415
16434
17054
16416
16435
17055
16417
16436
17056
16418
16437
17057
16419
16438
17058
16439
17059
16421
16440
17060
16422
16441
17061
16423
16442
17062
16424
16443
17063
16425
16444
17064
16426
16445
17065
16427
16446
17066
16428
16447
17067
16429
16448
17068
16430
16449
17069
16431
16450
17070
16432
16451
17071
16433
16452
17072
16434
16453
17073
16435
16454
17074
16436
16455
17075
16437
16456
17076
16438
16457
17077
16439
16458
17078
16459
17079
16441
16460
17080
16442
16461
17081
16443
16462
17082
16444
16463
17083
16445
16464
17084
16446
16465
17085
16447
16466
17086
16448
16467
17087
16449
16468
17088
16450
16469
17089
16451
16470
17090
16452
16471
17091
16453
16472
17092
16454
16473
17093
16455
16474
17094
16456
16475
17095
16457
16476
17096
16458
16477
17097
16459
16478
17098
16479
17099
16461
16480
17100
16462
16481
17101
16463
16482
17102
16464
16483
17103
16465
16484
17104
16466
16485
17105
16467
16486
17106
16468
16487
17107
16469
16488
17108
16470
16489
17109
16471
16490
17110
16472
16491
17111
16473
16492
17112
16474
16493
17113
16475
16494
17114
16476
16495
17115
16477
16496
17116
16478
16497
17117
16479
16498
17118
16499
17119
16481
16500
17120
16482
16501
17121
16483
16502
17122
16484
16503
17123
16485
16504
17124
16486
16505
17125
16487
16506
17126
16488
16507
17127
16489
16508
17128
16490
16509
17129
16491
16510
17130
16492
16511
17131
16493
16512
17132
16494
16513
17133
16495
16514
17134
16496
16515
17135
16497
16516
17136
16498
16517
17137
16499
16518
17138
16519
17139
16501
16520
17140
16502
16521
17141
16503
16522
17142
16504
16523
17143
16505
16524
17144
16506
16525
17145
16507
16526
17146
16508
16527
17147
16509
16528
17148
16510
16529
17149
16511
16530
17150
16512
16531
17151
16513
16532
17152
16514
16533
17153
16515
16534
17154
16516
16535
17155
16517
16536
17156
16518
16537
17157
16519
16538
17158
16539
17159
16521
16540
17160
16522
16541
17161
16523
16542
17162
16524
16543
17163
16525
16544
17164
16526
16545
17165
16527
16546
17166
16528
16547
17167
16529
16548
17168
16530
16549
17169
16531
16550
17170
16532
16551
17171
16533
16552
17172
16534
16553
17173
16535
16554
17174
16536
16555
17175
16537
16556
17176
16538
16557
17177
16539
16558
17178
16559
17179
16541
16560
17180
16542
16561
17181
16543
16562
17182
16544
16563
17183
16545
16564
17184
16546
16565
17185
16547
16566
17186
16548
16567
17187
16549
16568
17188
16550
16569
17189
16551
16570
17190
16552
16571
17191
16553
16572
17192
16554
16573
17193
16555
16574
17194
16556
16575
17195
16557
16576
17196
16558
16577
17197
16559
16578
17198
16579
17199
16561
16580
17200
16562
16581
17201
16563
16582
17202
16564
16583
17203
16565
16584
17204
16566
16585
17205
16567
16586
17206
16568
16587
17207
16569
16588
17208
16570
16589
17209
16571
16590
17210
16572
16591
17211
16573
16592
17212
16574
16593
17213
16575
16594
17214
16576
16595
17215
16577
16596
17216
16578
16597
17217
16579
16598
17218
16599
17219
16581
16600
17220
16582
16601
17221
16583
16602
17222
16584
16603
17223
16585
16604
17224
16586
16605
17225
16587
16606
17226
16588
16607
17227
16589
16608
17228
16590
16609
17229
16591
16610
17230
16592
16611
17231
16593
16612
17232
16594
16613
17233
16595
16614
17234
16596
16615
17235
16597
16616
17236
16598
16617
17237
16599
16618
17238
16619
17239
16601
16620
17240
16602
16621
17241
16603
16622
17242
16604
16623
17243
16605
16624
17244
16606
16625
17245
16607
16626
17246
16608
16627
17247
16609
16628
17248
16610
16629
17249
16611
16630
17250
16612
16631
17251
16613
16632
17252
16614
16633
17253
16615
16634
17254
16616
16635
17255
16617
16636
17256
16618
16637
17257
16619
16638
17258
16639
17259
16621
17260
16622
17261
16623
17262
16624
17263
16625
17264
16626
17265
16627
17266
16628
17267
16629
17268
16630
17269
16631
17270
16632
17271
16633
17272
16634
17273
16635
17274
16636
17275
16637
17276
16638
17277
16639
17278
17279
16641
16660
17280
16642
16661
17281
16643
16662
17282
16644
16663
17283
16645
16664
17284
16646
16665
17285
16647
16666
17286
16648
16667
17287
16649
16668
17288
16650
16669
17289
16651
16670
17290
16652
16671
17291
16653
16672
17292
16654
16673
17293
16655
16674
17294
16656
16675
17295
16657
16676
17296
16658
16677
17297
16659
16678
17298
16679
17299
16661
16680
17300
16662
16681
17301
16663
16682
17302
16664
16683
17303
16665
16684
17304
16666
16685
17305
16667
16686
17306
16668
16687
17307
16669
16688
17308
16670
16689
17309
16671
16690
17310
16672
16691
17311
16673
16692
17312
16674
16693
17313
16675
16694
17314
16676
16695
17315
16677
16696
17316
16678
16697
17317
16679
16698
17318
16699
17319
16681
16700
17320
16682
16701
17321
16683
16702
17322
16684
16703
17323
16685
16704
17324
16686
16705
17325
16687
16706
17326
16688
16707
17327
16689
16708
17328
16690
16709
17329
16691
16710
17330
16692
16711
17331
16693
16712
17332
16694
16713
17333
16695
16714
17334
16696
16715
17335
16697
16716
17336
16698
16717
17337
16699
16718
17338
16719
17339
16701
16720
17340
16702
16721
17341
16703
16722
17342
16704
16723
17343
16705
16724
17344
16706
16725
17345
16707
16726
17346
16708
16727
17347
16709
16728
17348
16710
16729
17349
16711
16730
17350
16712
16731
17351
16713
16732
17352
16714
16733
17353
16715
16734
17354
16716
16735
17355
16717
16736
17356
16718
16737
17357
16719
16738
17358
16739
17359
16721
16740
17360
16722
16741
17361
16723
16742
17362
16724
16743
17363
16725
16744
17364
16726
16745
17365
16727
16746
17366
16728
16747
17367
16729
16748
17368
16730
16749
17369
16731
16750
17370
16732
16751
17371
16733
16752
17372
16734
16753
17373
16735
16754
17374
16736
16755
17375
16737
16756
17376
16738
16757
17377
16739
16758
17378
16759
17379
16741
16760
17380
16742
16761
17381
16743
16762
17382
16744
16763
17383
16745
16764
17384
16746
16765
17385
16747
16766
17386
16748
16767
17387
16749
16768
17388
16750
16769
17389
16751
16770
17390
16752
16771
17391
16753
16772
17392
16754
16773
17393
16755
16774
17394
16756
16775
17395
16757
16776
17396
16758
16777
17397
16759
16778
17398
16779
17399
16761
16780
17400
16762
16781
17401
16763
16782
17402
16764
16783
17403
16765
16784
17404
16766
16785
17405
16767
16786
17406
16768
16787
17407
16769
16788
17408
16770
16789
17409
16771
16790
17410
16772
16791
17411
16773
16792
17412
16774
16793
17413
16775
16794
17414
16776
16795
17415
16777
16796
17416
16778
16797
17417
16779
16798
17418
16799
17419
16781
16800
17420
16782
16801
17421
16783
16802
17422
16784
16803
17423
16785
16804
17424
16786
16805
17425
16787
16806
17426
16788
16807
17427
16789
16808
17428
16790
16809
17429
16791
16810
17430
16792
16811
17431
16793
16812
17432
16794
16813
17433
16795
16814
17434
16796
16815
17435
16797
16816
17436
16798
16817
17437
16799
16818
17438
16819
17439
16801
16820
17440
16802
16821
17441
16803
16822
17442
16804
16823
17443
16805
16824
17444
16806
16825
17445
16807
16826
17446
16808
16827
17447
16809
16828
17448
16810
16829
17449
16811
16830
17450
16812
16831
17451
16813
16832
17452
16814
16833
17453
16815
16834
17454
16816
16835
17455
16817
16836
17456
16818
16837
17457
16819
16838
17458
16839
17459
16821
16840
17460
16822
16841
17461
16823
16842
17462
16824
16843
17463
16825
16844
17464
16826
16845
17465
16827
16846
17466
16828
16847
17467
16829
16848
17468
16830
16849
17469
16831
16850
17470
16832
16851
17471
16833
16852
17472
16834
16853
17473
16835
16854
17474
16836
16855
17475
16837
16856
17476
16838
16857
17477
16839
16858
17478
16859
17479
16841
16860
17480
16842
16861
17481
16843
16862
17482
16844
16863
17483
16845
16864
17484
16846
16865
17485
16847
16866
17486
16848
16867
17487
16849
16868
17488
16850
16869
17489
16851
16870
17490
16852
16871
17491
16853
16872
17492
16854
16873
17493
16855
16874
17494
16856
16875
17495
16857
16876
17496
16858
16877
17497
16859
16878
17498
16879
17499
16861
16880
17500
16862
16881
17501
16863
16882
17502
16864
16883
17503
16865
16884
17504
16866
16885
17505
16867
16886
17506
16868
16887
17507
16869
16888
17508
16870
16889
17509
16871
16890
17510
16872
16891
17511
16873
16892
17512
16874
16893
17513
16875
16894
17514
16876
16895
17515
16877
16896
17516
16878
16897
17517
16879
16898
17518
16899
17519
16881
16900
17520
16882
16901
17521
16883
16902
17522
16884
16903
17523
16885
16904
17524
16886
16905
17525
16887
16906
17526
16888
16907
17527
16889
16908
17528
16890
16909
17529
16891
16910
17530
16892
16911
17531
16893
16912
17532
16894
16913
17533
16895
16914
17534
16896
16915
17535
16897
16916
17536
16898
16917
17537
16899
16918
17538
16919
17539
16901
16920
17540
16902
16921
17541
16903
16922
17542
16904
16923
17543
16905
16924
17544
16906
16925
17545
16907
16926
17546
16908
16927
17547
16909
16928
17548
16910
16929
17549
16911
16930
17550
16912
16931
17551
16913
16932
17552
16914
16933
17553
16915
16934
17554
16916
16935
17555
16917
16936
17556
16918
16937
17557
16919
16938
17558
16939
17559
16921
16940
17560
16922
16941
17561
16923
16942
17562
16924
16943
17563
16925
16944
17564
16926
16945
17565
16927
16946
17566
16928
16947
17567
16929
16948
17568
16930
16949
17569
16931
16950
17570
16932
16951
17571
16933
16952
17572
16934
16953
17573
16935
16954
17574
16936
16955
17575
16937
16956
17576
16938
16957
17577
16939
16958
17578
16959
17579
16941
16960
17580
16942
16961
17581
16943
16962
17582
16944
16963
17583
16945
16964
17584
16946
16965
17585
16947
16966
17586
16948
16967
17587
16949
16968
17588
16950
16969
17589
16951
16970
17590
16952
16971
17591
16953
16972
17592
16954
16973
17593
16955
16974
17594
16956
16975
17595
16957
16976
17596
16958
16977
17597
16959
16978
17598
16979
17599
16961
16980
17600
16962
16981
17601
16963
16982
17602
16964
16983
17603
16965
16984
17604
16966
16985
17605
16967
16986
17606
16968
16987
17607
16969
16988
17608
16970
16989
17609
16971
16990
17610
16972
16991
17611
16973
16992
17612
16974
16993
17613
16975
16994
17614
16976
16995
17615
16977
16996
17616
16978
16997
17617
16979
16998
17618
16999
17619
16981
17000
17620
16982
17001
17621
16983
17002
17622
16984
17003
17623
16985
17004
17624
16986
17005
17625
16987
17006
17626
16988
17007
17627
16989
17008
17628
16990
17009
17629
16991
17010
17630
16992
17011
17631
16993
17012
17632
16994
17013
17633
16995
17014
17634
16996
17015
17635
16997
17016
17636
16998
17017
17637
16999
17018
17638
17019
17639
17001
17020
17640
17002
17021
17641
17003
17022
17642
17004
17023
17643
17005
17024
17644
17006
17025
17645
17007
17026
17646
17008
17027
17647
17009
17028
17648
17010
17029
17649
17011
17030
17650
17012
17031
17651
17013
17032
17652
17014
17033
17653
17015
17034
17654
17016
17035
17655
17017
17036
17656
17018
17037
17657
17019
17038
17658
17039
17659
17021
17040
17660
17022
17041
17661
17023
17042
17662
17024
17043
17663
17025
17044
17664
17026
17045
17665
17027
17046
17666
17028
17047
17667
17029
17048
17668
17030
17049
17669
17031
17050
17670
17032
17051
17671
17033
17052
17672
17034
17053
17673
17035
17054
17674
17036
17055
17675
17037
17056
17676
17038
17057
17677
17039
17058
17678
17059
17679
17041
17060
17680
17042
17061
17681
17043
17062
17682
17044
17063
17683
17045
17064
17684
17046
17065
17685
17047
17066
17686
17048
17067
17687
17049
17068
17688
17050
17069
17689
17051
17070
17690
17052
17071
17691
17053
17072
17692
17054
17073
17693
17055
17074
17694
17056
17075
17695
17057
17076
17696
17058
17077
17697
17059
17078
17698
17079
17699
17061
17080
17700
17062
17081
17701
17063
17082
17702
17064
17083
17703
17065
17084
17704
17066
17085
17705
17067
17086
17706
17068
17087
17707
17069
17088
17708
17070
17089
17709
17071
17090
17710
17072
17091
17711
17073
17092
17712
17074
17093
17713
17075
17094
17714
17076
17095
17715
17077
17096
17716
17078
17097
17717
17079
17098
17718
17099
17719
17081
17100
17720
17082
17101
17721
17083
17102
17722
17084
17103
17723
17085
17104
17724
17086
17105
17725
17087
17106
17726
17088
17107
17727
17089
17108
17728
17090
17109
17729
17091
17110
17730
17092
17111
17731
17093
17112
17732
17094
17113
17733
17095
17114
17734
17096
17115
17735
17097
17116
17736
17098
17117
17737
17099
17118
17738
17119
17739
17101
17120
17740
17102
17121
17741
17103
17122
17742
17104
17123
17743
17105
17124
17744
17106
17125
17745
17107
17126
17746
17108
17127
17747
17109
17128
17748
17110
17129
17749
17111
17130
17750
17112
17131
17751
17113
17132
17752
17114
17133
17753
17115
17134
17754
17116
17135
17755
17117
17136
17756
17118
17137
17757
17119
17138
17758
17139
17759
17121
17140
17760
17122
17141
17761
17123
17142
17762
17124
17143
17763
17125
17144
17764
17126
17145
17765
17127
17146
17766
17128
17147
17767
17129
17148
17768
17130
17149
17769
17131
17150
17770
17132
17151
17771
17133
17152
17772
17134
17153
17773
17135
17154
17774
17136
17155
17775
17137
17156
17776
17138
17157
17777
17139
17158
17778
17159
17779
17141
17160
17780
17142
17161
17781
17143
17162
17782
17144
17163
17783
17145
17164
17784
17146
17165
17785
17147
17166
17786
17148
17167
17787
17149
17168
17788
17150
17169
17789
17151
17170
17790
17152
17171
17791
17153
17172
17792
17154
17173
17793
17155
17174
17794
17156
17175
17795
17157
17176
17796
17158
17177
17797
17159
17178
17798
17179
17799
17161
17180
17800
17162
17181
17801
17163
17182
17802
17164
17183
17803
17165
17184
17804
17166
17185
17805
17167
17186
17806
17168
17187
17807
17169
17188
17808
17170
17189
17809
17171
17190
17810
17172
17191
17811
17173
17192
17812
17174
17193
17813
17175
17194
17814
17176
17195
17815
17177
17196
17816
17178
17197
17817
17179
17198
17818
17199
17819
17181
17200
17820
17182
17201
17821
17183
17202
17822
17184
17203
17823
17185
17204
17824
17186
17205
17825
17187
17206
17826
17188
17207
17827
17189
17208
17828
17190
17209
17829
17191
17210
17830
17192
17211
17831
17193
17212
17832
17194
17213
17833
17195
17214
17834
17196
17215
17835
17197
17216
17836
17198
17217
17837
17199
17218
17838
17219
17839
17201
17220
17840
17202
17221
17841
17203
17222
17842
17204
17223
17843
17205
17224
17844
17206
17225
17845
17207
17226
17846
17208
17227
17847
17209
17228
17848
17210
17229
17849
17211
17230
17850
17212
17231
17851
17213
17232
17852
17214
17233
17853
17215
17234
17854
17216
17235
17855
17217
17236
17856
17218
17237
17857
17219
17238
17858
17239
17859
17221
17240
17860
17222
17241
17861
17223
17242
17862
17224
17243
17863
17225
17244
17864
17226
17245
17865
17227
17246
17866
17228
17247
17867
17229
17248
17868
17230
17249
17869
17231
17250
17870
17232
17251
17871
17233
17252
17872
17234
17253
17873
17235
17254
17874
17236
17255
17875
17237
17256
17876
17238
17257
17877
17239
17258
17878
17259
17879
17241
17260
17880
17242
17261
17881
17243
17262
17882
17244
17263
17883
17245
17264
17884
17246
17265
17885
17247
17266
17886
17248
17267
17887
17249
17268
17888
17250
17269
17889
17251
17270
17890
17252
17271
17891
17253
17272
17892
17254
17273
17893
17255
17274
17894
17256
17275
17895
17257
17276
17896
17258
17277
17897
17259
17278
17898
17279
17899
17261
17900
17262
17901
17263
17902
17264
17903
17265
17904
17266
17905
17267
17906
17268
17907
17269
17908
17270
17909
17271
17910
17272
17911
17273
17912
17274
17913
17275
17914
17276
17915
17277
17916
17278
17917
17279
17918
17919
17281
17300
17920
17282
17301
17921
17283
17302
17922
17284
17303
17923
17285
17304
17924
17286
17305
17925
17287
17306
17926
17288
17307
17927
17289
17308
17928
17290
17309
17929
17291
17310
17930
17292
17311
17931
17293
17312
17932
17294
17313
17933
17295
17314
17934
17296
17315
17935
17297
17316
17936
17298
17317
17937
17299
17318
17938
17319
17939
17301
17320
17940
17302
17321
17941
17303
17322
17942
17304
17323
17943
17305
17324
17944
17306
17325
17945
17307
17326
17946
17308
17327
17947
17309
17328
17948
17310
17329
17949
17311
17330
17950
17312
17331
17951
17313
17332
17952
17314
17333
17953
17315
17334
17954
17316
17335
17955
17317
17336
17956
17318
17337
17957
17319
17338
17958
17339
17959
17321
17340
17960
17322
17341
17961
17323
17342
17962
17324
17343
17963
17325
17344
17964
17326
17345
17965
17327
17346
17966
17328
17347
17967
17329
17348
17968
17330
17349
17969
17331
17350
17970
17332
17351
17971
17333
17352
17972
17334
17353
17973
17335
17354
17974
17336
17355
17975
17337
17356
17976
17338
17357
17977
17339
17358
17978
17359
17979
17341
17360
17980
17342
17361
17981
17343
17362
17982
17344
17363
17983
17345
17364
17984
17346
17365
17985
17347
17366
17986
17348
17367
17987
17349
17368
17988
17350
17369
17989
17351
17370
17990
17352
17371
17991
17353
17372
17992
17354
17373
17993
17355
17374
17994
17356
17375
17995
17357
17376
17996
17358
17377
17997
17359
17378
17998
17379
17999
17361
17380
18000
17362
17381
18001
17363
17382
18002
17364
17383
18003
17365
17384
18004
17366
17385
18005
17367
17386
18006
17368
17387
18007
17369
17388
18008
17370
17389
18009
17371
17390
18010
17372
17391
18011
17373
17392
18012
17374
17393
18013
17375
17394
18014
17376
17395
18015
17377
17396
18016
17378
17397
18017
17379
17398
18018
17399
18019
17381
17400
18020
17382
17401
18021
17383
17402
18022
17384
17403
18023
17385
17404
18024
17386
17405
18025
17387
17406
18026
17388
17407
18027
17389
17408
18028
17390
17409
18029
17391
17410
18030
17392
17411
18031
17393
17412
18032
17394
17413
18033
17395
17414
18034
17396
17415
18035
17397
17416
18036
17398
17417
18037
17399
17418
18038
17419
18039
17401
17420
18040
17402
17421
18041
17403
17422
18042
17404
17423
18043
17405
17424
18044
17406
17425
18045
17407
17426
18046
17408
17427
18047
17409
17428
18048
17410
17429
18049
17411
17430
18050
17412
17431
18051
17413
17432
18052
17414
17433
18053
17415
17434
18054
17416
17435
18055
17417
17436
18056
17418
17437
18057
17419
17438
18058
17439
18059
17421
17440
18060
17422
17441
18061
17423
17442
18062
17424
17443
18063
17425
17444
18064
17426
17445
18065
17427
17446
18066
17428
17447
18067
17429
17448
18068
17430
17449
18069
17431
17450
18070
17432
17451
18071
17433
17452
18072
17434
17453
18073
17435
17454
18074
17436
17455
18075
17437
17456
18076
17438
17457
18077
17439
17458
18078
17459
18079
17441
17460
18080
17442
17461
18081
17443
17462
18082
17444
17463
18083
17445
17464
18084
17446
17465
18085
17447
17466
18086
17448
17467
18087
17449
17468
18088
17450
17469
18089
17451
17470
18090
17452
17471
18091
17453
17472
18092
17454
17473
18093
17455
17474
18094
17456
17475
18095
17457
17476
18096
17458
17477
18097
17459
17478
18098
17479
18099
17461
17480
18100
17462
17481
18101
17463
17482
18102
17464
17483
18103
17465
17484
18104
17466
17485
18105
17467
17486
18106
17468
17487
18107
17469
17488
18108
17470
17489
18109
17471
17490
18110
17472
17491
18111
17473
17492
18112
17474
17493
18113
17475
17494
18114
17476
17495
18115
17477
17496
18116
17478
17497
18117
17479
17498
18118
17499
18119
17481
17500
18120
17482
17501
18121
17483
17502
18122
17484
17503
18123
17485
17504
18124
17486
17505
18125
17487
17506
18126
17488
17507
18127
17489
17508
18128
17490
17509
18129
17491
17510
18130
17492
17511
18131
17493
17512
18132
17494
17513
18133
17495
17514
18134
17496
17515
18135
17497
17516
18136
17498
17517
18137
17499
17518
18138
17519
18139
17501
17520
18140
17502
17521
18141
17503
17522
18142
17504
17523
18143
17505
17524
18144
17506
17525
18145
17507
17526
18146
17508
17527
18147
17509
17528
18148
17510
17529
18149
17511
17530
18150
17512
17531
18151
17513
17532
18152
17514
17533
18153
17515
17534
18154
17516
17535
18155
17517
17536
18156
17518
17537
18157
17519
17538
18158
17539
18159
17521
17540
18160
17522
17541
18161
17523
17542
18162
17524
17543
18163
17525
17544
18164
17526
17545
18165
17527
17546
18166
17528
17547
18167
17529
17548
18168
17530
17549
18169
17531
17550
18170
17532
17551
18171
17533
17552
18172
17534
17553
18173
17535
17554
18174
17536
17555
18175
17537
17556
18176
17538
17557
18177
17539
17558
18178
17559
18179
17541
17560
18180
17542
17561
18181
17543
17562
18182
17544
17563
18183
17545
17564
18184
17546
17565
18185
17547
17566
18186
17548
17567
18187
17549
17568
18188
17550
17569
18189
17551
17570
18190
17552
17571
18191
17553
17572
18192
17554
17573
18193
17555
17574
18194
17556
17575
18195
17557
17576
18196
17558
17577
18197
17559
17578
18198
17579
18199
17561
17580
18200
17562
17581
18201
17563
17582
18202
17564
17583
18203
17565
17584
18204
17566
17585
18205
17567
17586
18206
17568
17587
18207
17569
17588
18208
17570
17589
18209
17571
17590
18210
17572
17591
18211
17573
17592
18212
17574
17593
18213
17575
17594
18214
17576
17595
18215
17577
17596
18216
17578
17597
18217
17579
17598
18218
17599
18219
17581
17600
18220
17582
17601
18221
17583
17602
18222
17584
17603
18223
17585
17604
18224
17586
17605
18225
17587
17606
18226
17588
17607
18227
17589
17608
18228
17590
17609
18229
17591
17610
18230
17592
17611
18231
17593
17612
18232
17594
17613
18233
17595
17614
18234
17596
17615
18235
17597
17616
18236
17598
17617
18237
17599
17618
18238
17619
18239
17601
17620
18240
17602
17621
18241
17603
17622
18242
17604
17623
18243
17605
17624
18244
17606
17625
18245
17607
17626
18246
17608
17627
18247
17609
17628
18248
17610
17629
18249
17611
17630
18250
17612
17631
18251
17613
17632
18252
17614
17633
18253
17615
17634
18254
17616
17635
18255
17617
17636
18256
17618
17637
18257
17619
17638
18258
17639
18259
17621
17640
18260
17622
17641
18261
17623
17642
18262
17624
17643
18263
17625
17644
18264
17626
17645
18265
17627
17646
18266
17628
17647
18267
17629
17648
18268
17630
17649
18269
17631
17650
18270
17632
17651
18271
17633
17652
18272
17634
17653
18273
17635
17654
18274
17636
17655
18275
17637
17656
18276
17638
17657
18277
17639
17658
18278
17659
18279
17641
17660
18280
17642
17661
18281
17643
17662
18282
17644
17663
18283
17645
17664
18284
17646
17665
18285
17647
17666
18286
17648
17667
18287
17649
17668
18288
17650
17669
18289
17651
17670
18290
17652
17671
18291
17653
17672
18292
17654
17673
18293
17655
17674
18294
17656
17675
18295
17657
17676
18296
17658
17677
18297
17659
17678
18298
17679
18299
17661
17680
18300
17662
17681
18301
17663
17682
18302
17664
17683
18303
17665
17684
18304
17666
17685
18305
17667
17686
18306
17668
17687
18307
17669
17688
18308
17670
17689
18309
17671
17690
18310
17672
17691
18311
17673
17692
18312
17674
17693
18313
17675
17694
18314
17676
17695
18315
17677
17696
18316
17678
17697
18317
17679
17698
18318
17699
18319
17681
17700
18320
17682
17701
18321
17683
17702
18322
17684
17703
18323
17685
17704
18324
17686
17705
18325
17687
17706
18326
17688
17707
18327
17689
17708
18328
17690
17709
18329
17691
17710
18330
17692
17711
18331
17693
17712
18332
17694
17713
18333
17695
17714
18334
17696
17715
18335
17697
17716
18336
17698
17717
18337
17699
17718
18338
17719
18339
17701
17720
18340
17702
17721
18341
17703
17722
18342
17704
17723
18343
17705
17724
18344
17706
17725
18345
17707
17726
18346
17708
17727
18347
17709
17728
18348
17710
17729
18349
17711
17730
18350
17712
17731
18351
17713
17732
18352
17714
17733
18353
17715
17734
18354
17716
17735
18355
17717
17736
18356
17718
17737
18357
17719
17738
18358
17739
18359
17721
17740
18360
17722
17741
18361
17723
17742
18362
17724
17743
18363
17725
17744
18364
17726
17745
18365
17727
17746
18366
17728
17747
18367
17729
17748
18368
17730
17749
18369
17731
17750
18370
17732
17751
18371
17733
17752
18372
17734
17753
18373
17735
17754
18374
17736
17755
18375
17737
17756
18376
17738
17757
18377
17739
17758
18378
17759
18379
17741
17760
18380
17742
17761
18381
17743
17762
18382
17744
17763
18383
17745
17764
18384
17746
17765
18385
17747
17766
18386
17748
17767
18387
17749
17768
18388
17750
17769
18389
17751
17770
18390
17752
17771
18391
17753
17772
18392
17754
17773
18393
17755
17774
18394
17756
17775
18395
17757
17776
18396
17758
17777
18397
17759
17778
18398
17779
18399
17761
17780
18400
17762
17781
18401
17763
17782
18402
17764
17783
18403
17765
17784
18404
17766
17785
18405
17767
17786
18406
17768
17787
18407
17769
17788
18408
17770
17789
18409
17771
17790
18410
17772
17791
18411
17773
17792
18412
17774
17793
18413
17775
17794
18414
17776
17795
18415
17777
17796
18416
17778
17797
18417
17779
17798
18418
17799
18419
17781
17800
18420
17782
17801
18421
17783
17802
18422
17784
17803
18423
17785
17804
18424
17786
17805
18425
17787
17806
18426
17788
17807
18427
17789
17808
18428
17790
17809
18429
17791
17810
18430
17792
17811
18431
17793
17812
18432
17794
17813
18433
17795
17814
18434
17796
17815
18435
17797
17816
18436
17798
17817
18437
17799
17818
18438
17819
18439
17801
17820
18440
17802
17821
18441
17803
17822
18442
17804
17823
18443
17805
17824
18444
17806
17825
18445
17807
17826
18446
17808
17827
18447
17809
17828
18448
17810
17829
18449
17811
17830
18450
17812
17831
18451
17813
17832
18452
17814
17833
18453
17815
17834
18454
17816
17835
18455
17817
17836
18456
17818
17837
18457
17819
17838
18458
17839
18459
17821
17840
18460
17822
17841
18461
17823
17842
18462
17824
17843
18463
17825
17844
18464
17826
17845
18465
17827
17846
18466
17828
17847
18467
17829
17848
18468
17830
17849
18469
17831
17850
18470
17832
17851
18471
17833
17852
18472
17834
17853
18473
17835
17854
18474
17836
17855
18475
17837
17856
18476
17838
17857
18477
17839
17858
18478
17859
18479
17841
17860
18480
17842
17861
18481
17843
17862
18482
17844
17863
18483
17845
17864
18484
17846
17865
18485
17847
17866
18486
17848
17867
18487
17849
17868
18488
17850
17869
18489
17851
17870
18490
17852
17871
18491
17853
17872
18492
17854
17873
18493
17855
17874
18494
17856
17875
18495
17857
17876
18496
17858
17877
18497
17859
17878
18498
17879
18499
17861
17880
18500
17862
17881
18501
17863
17882
18502
17864
17883
18503
17865
17884
18504
17866
17885
18505
17867
17886
18506
17868
17887
18507
17869
17888
18508
17870
17889
18509
17871
17890
18510
17872
17891
18511
17873
17892
18512
17874
17893
18513
17875
17894
18514
17876
17895
18515
17877
17896
18516
17878
17897
18517
17879
17898
18518
17899
18519
17881
17900
18520
17882
17901
18521
17883
17902
18522
17884
17903
18523
17885
17904
18524
17886
17905
18525
17887
17906
18526
17888
17907
18527
17889
17908
18528
17890
17909
18529
17891
17910
18530
17892
17911
18531
17893
17912
18532
17894
17913
18533
17895
17914
18534
17896
17915
18535
17897
17916
18536
17898
17917
18537
17899
17918
18538
17919
18539
17901
18540
17902
18541
17903
18542
17904
18543
17905
18544
17906
18545
17907
18546
17908
18547
17909
18548
17910
18549
17911
18550
17912
18551
17913
18552
17914
18553
17915
18554
17916
18555
17917
18556
17918
18557
17919
18558
18559
17921
17940
18560
17922
17941
18561
17923
17942
18562
17924
17943
18563
17925
17944
18564
17926
17945
18565
17927
17946
18566
17928
17947
18567
17929
17948
18568
17930
17949
18569
17931
17950
18570
17932
17951
18571
17933
17952
18572
17934
17953
18573
17935
17954
18574
17936
17955
18575
17937
17956
18576
17938
17957
18577
17939
17958
18578
17959
18579
17941
17960
18580
17942
17961
18581
17943
17962
18582
17944
17963
18583
17945
17964
18584
17946
17965
18585
17947
17966
18586
17948
17967
18587
17949
17968
18588
17950
17969
18589
17951
17970
18590
17952
17971
18591
17953
17972
18592
17954
17973
18593
17955
17974
18594
17956
17975
18595
17957
17976
18596
17958
17977
18597
17959
17978
18598
17979
18599
17961
17980
18600
17962
17981
18601
17963
17982
18602
17964
17983
18603
17965
17984
18604
17966
17985
18605
17967
17986
18606
17968
17987
18607
17969
17988
18608
17970
17989
18609
17971
17990
18610
17972
17991
18611
17973
17992
18612
17974
17993
18613
17975
17994
18614
17976
17995
18615
17977
17996
18616
17978
17997
18617
17979
17998
18618
17999
18619
17981
18000
18620
17982
18001
18621
17983
18002
18622
17984
18003
18623
17985
18004
18624
17986
18005
18625
17987
18006
18626
17988
18007
18627
17989
18008
18628
17990
18009
18629
17991
18010
18630
17992
18011
18631
17993
18012
18632
17994
18013
18633
17995
18014
18634
17996
18015
18635
17997
18016
18636
17998
18017
18637
17999
18018
18638
18019
18639
18001
18020
18640
18002
18021
18641
18003
18022
18642
18004
18023
18643
18005
18024
18644
18006
18025
18645
18007
18026
18646
18008
18027
18647
18009
18028
18648
18010
18029
18649
18011
18030
18650
18012
18031
18651
18013
18032
18652
18014
18033
18653
18015
18034
18654
18016
18035
18655
18017
18036
18656
18018
18037
18657
18019
18038
18658
18039
18659
18021
18040
18660
18022
18041
18661
18023
18042
18662
18024
18043
18663
18025
18044
18664
18026
18045
18665
18027
18046
18666
18028
18047
18667
18029
18048
18668
18030
18049
18669
18031
18050
18670
18032
18051
18671
18033
18052
18672
18034
18053
18673
18035
18054
18674
18036
18055
18675
18037
18056
18676
18038
18057
18677
18039
18058
18678
18059
18679
18041
18060
18680
18042
18061
18681
18043
18062
18682
18044
18063
18683
18045
18064
18684
18046
18065
18685
18047
18066
18686
18048
18067
18687
18049
18068
18688
18050
18069
18689
18051
18070
18690
18052
18071
18691
18053
18072
18692
18054
18073
18693
18055
18074
18694
18056
18075
18695
18057
18076
18696
18058
18077
18697
18059
18078
18698
18079
18699
18061
18080
18700
18062
18081
18701
18063
18082
18702
18064
18083
18703
18065
18084
18704
18066
18085
18705
18067
18086
18706
18068
18087
18707
18069
18088
18708
18070
18089
18709
18071
18090
18710
18072
18091
18711
18073
18092
18712
18074
18093
18713
18075
18094
18714
18076
18095
18715
18077
18096
18716
18078
18097
18717
18079
18098
18718
18099
18719
18081
18100
18720
18082
18101
18721
18083
18102
18722
18084
18103
18723
18085
18104
18724
18086
18105
18725
18087
18106
18726
18088
18107
18727
18089
18108
18728
18090
18109
18729
18091
18110
18730
18092
18111
18731
18093
18112
18732
18094
18113
18733
18095
18114
18734
18096
18115
18735
18097
18116
18736
18098
18117
18737
18099
18118
18738
18119
18739
18101
18120
18740
18102
18121
18741
18103
18122
18742
18104
18123
18743
18105
18124
18744
18106
18125
18745
18107
18126
18746
18108
18127
18747
18109
18128
18748
18110
18129
18749
18111
18130
18750
18112
18131
18751
18113
18132
18752
18114
18133
18753
18115
18134
18754
18116
18135
18755
18117
18136
18756
18118
18137
18757
18119
18138
18758
18139
18759
18121
18140
18760
18122
18141
18761
18123
18142
18762
18124
18143
18763
18125
18144
18764
18126
18145
18765
18127
18146
18766
18128
18147
18767
18129
18148
18768
18130
18149
18769
18131
18150
18770
18132
18151
18771
18133
18152
18772
18134
18153
18773
18135
18154
18774
18136
18155
18775
18137
18156
18776
18138
18157
18777
18139
18158
18778
18159
18779
18141
18160
18780
18142
18161
18781
18143
18162
18782
18144
18163
18783
18145
18164
18784
18146
18165
18785
18147
18166
18786
18148
18167
18787
18149
18168
18788
18150
18169
18789
18151
18170
18790
18152
18171
18791
18153
18172
18792
18154
18173
18793
18155
18174
18794
18156
18175
18795
18157
18176
18796
18158
18177
18797
18159
18178
18798
18179
18799
18161
18180
18800
18162
18181
18801
18163
18182
18802
18164
18183
18803
18165
18184
18804
18166
18185
18805
18167
18186
18806
18168
18187
18807
18169
18188
18808
18170
18189
18809
18171
18190
18810
18172
18191
18811
18173
18192
18812
18174
18193
18813
18175
18194
18814
18176
18195
18815
18177
18196
18816
18178
18197
18817
18179
18198
18818
18199
18819
18181
18200
18820
18182
18201
18821
18183
18202
18822
18184
18203
18823
18185
18204
18824
18186
18205
18825
18187
18206
18826
18188
18207
18827
18189
18208
18828
18190
18209
18829
18191
18210
18830
18192
18211
18831
18193
18212
18832
18194
18213
18833
18195
18214
18834
18196
18215
18835
18197
18216
18836
18198
18217
18837
18199
18218
18838
18219
18839
18201
18220
18840
18202
18221
18841
18203
18222
18842
18204
18223
18843
18205
18224
18844
18206
18225
18845
18207
18226
18846
18208
18227
18847
18209
18228
18848
18210
18229
18849
18211
18230
18850
18212
18231
18851
18213
18232
18852
18214
18233
18853
18215
18234
18854
18216
18235
18855
18217
18236
18856
18218
18237
18857
18219
18238
18858
18239
18859
18221
18240
18860
18222
18241
18861
18223
18242
18862
18224
18243
18863
18225
18244
18864
18226
18245
18865
18227
18246
18866
18228
18247
18867
18229
18248
18868
18230
18249
18869
18231
18250
18870
18232
18251
18871
18233
18252
18872
18234
18253
18873
18235
18254
18874
18236
18255
18875
18237
18256
18876
18238
18257
18877
18239
18258
18878
18259
18879
18241
18260
18880
18242
18261
18881
18243
18262
18882
18244
18263
18883
18245
18264
18884
18246
18265
18885
18247
18266
18886
18248
18267
18887
18249
18268
18888
18250
18269
18889
18251
18270
18890
18252
18271
18891
18253
18272
18892
18254
18273
18893
18255
18274
18894
18256
18275
18895
18257
18276
18896
18258
18277
18897
18259
18278
18898
18279
18899
18261
18280
18900
18262
18281
18901
18263
18282
18902
18264
18283
18903
18265
18284
18904
18266
18285
18905
18267
18286
18906
18268
18287
18907
18269
18288
18908
18270
18289
18909
18271
18290
18910
18272
18291
18911
18273
18292
18912
18274
18293
18913
18275
18294
18914
18276
18295
18915
18277
18296
18916
18278
18297
18917
18279
18298
18918
18299
18919
18281
18300
18920
18282
18301
18921
18283
18302
18922
18284
18303
18923
18285
18304
18924
18286
18305
18925
18287
18306
18926
18288
18307
18927
18289
18308
18928
18290
18309
18929
18291
18310
18930
18292
18311
18931
18293
18312
18932
18294
18313
18933
18295
18314
18934
18296
18315
18935
18297
18316
18936
18298
18317
18937
18299
18318
18938
18319
18939
18301
18320
18940
18302
18321
18941
18303
18322
18942
18304
18323
18943
18305
18324
18944
18306
18325
18945
18307
18326
18946
18308
18327
18947
18309
18328
18948
18310
18329
18949
18311
18330
18950
18312
18331
18951
18313
18332
18952
18314
18333
18953
18315
18334
18954
18316
18335
18955
18317
18336
18956
18318
18337
18957
18319
18338
18958
18339
18959
18321
18340
18960
18322
18341
18961
18323
18342
18962
18324
18343
18963
18325
18344
18964
18326
18345
18965
18327
18346
18966
18328
18347
18967
18329
18348
18968
18330
18349
18969
18331
18350
18970
18332
18351
18971
18333
18352
18972
18334
18353
18973
18335
18354
18974
18336
18355
18975
18337
18356
18976
18338
18357
18977
18339
18358
18978
18359
18979
18341
18360
18980
18342
18361
18981
18343
18362
18982
18344
18363
18983
18345
18364
18984
18346
18365
18985
18347
18366
18986
18348
18367
18987
18349
18368
18988
18350
18369
18989
18351
18370
18990
18352
18371
18991
18353
18372
18992
18354
18373
18993
18355
18374
18994
18356
18375
18995
18357
18376
18996
18358
18377
18997
18359
18378
18998
18379
18999
18361
18380
19000
18362
18381
19001
18363
18382
19002
18364
18383
19003
18365
18384
19004
18366
18385
19005
18367
18386
19006
18368
18387
19007
18369
18388
19008
18370
18389
19009
18371
18390
19010
18372
18391
19011
18373
18392
19012
18374
18393
19013
18375
18394
19014
18376
18395
19015
18377
18396
19016
18378
18397
19017
18379
18398
19018
18399
19019
18381
18400
19020
18382
18401
19021
18383
18402
19022
18384
18403
19023
18385
18404
19024
18386
18405
19025
18387
18406
19026
18388
18407
19027
18389
18408
19028
18390
18409
19029
18391
18410
19030
18392
18411
19031
18393
18412
19032
18394
18413
19033
18395
18414
19034
18396
18415
19035
18397
18416
19036
18398
18417
19037
18399
18418
19038
18419
19039
18401
18420
19040
18402
18421
19041
18403
18422
19042
18404
18423
19043
18405
18424
19044
18406
18425
19045
18407
18426
19046
18408
18427
19047
18409
18428
19048
18410
18429
19049
18411
18430
19050
18412
18431
19051
18413
18432
19052
18414
18433
19053
18415
18434
19054
18416
18435
19055
18417
18436
19056
18418
18437
19057
18419
18438
19058
18439
19059
18421
18440
19060
18422
18441
19061
18423
18442
19062
18424
18443
19063
18425
18444
19064
18426
18445
19065
18427
18446
19066
18428
18447
19067
18429
18448
19068
18430
18449
19069
18431
18450
19070
18432
18451
19071
18433
18452
19072
18434
18453
19073
18435
18454
19074
18436
18455
19075
18437
18456
19076
18438
18457
19077
18439
18458
19078
18459
19079
18441
18460
19080
18442
18461
19081
18443
18462
19082
18444
18463
19083
18445
18464
19084
18446
18465
19085
18447
18466
19086
18448
18467
19087
18449
18468
19088
18450
18469
19089
18451
18470
19090
18452
18471
19091
18453
18472
19092
18454
18473
19093
18455
18474
19094
18456
18475
19095
18457
18476
19096
18458
18477
19097
18459
18478
19098
18479
19099
18461
18480
19100
18462
18481
19101
18463
18482
19102
18464
18483
19103
18465
18484
19104
18466
18485
19105
18467
18486
19106
18468
18487
19107
18469
18488
19108
18470
18489
19109
18471
18490
19110
18472
18491
19111
18473
18492
19112
18474
18493
19113
18475
18494
19114
18476
18495
19115
18477
18496
19116
18478
18497
19117
18479
18498
19118
18499
19119
18481
18500
19120
18482
18501
19121
18483
18502
19122
18484
18503
19123
18485
18504
19124
18486
18505
19125
18487
18506
19126
18488
18507
19127
18489
18508
19128
18490
18509
19129
18491
18510
19130
18492
18511
19131
18493
18512
19132
18494
18513
19133
18495
18514
19134
18496
18515
19135
18497
18516
19136
18498
18517
19137
18499
18518
19138
18519
19139
18501
18520
19140
18502
18521
19141
18503
18522
19142
18504
18523
19143
18505
18524
19144
18506
18525
19145
18507
18526
19146
18508
18527
19147
18509
18528
19148
18510
18529
19149
18511
18530
19150
18512
18531
19151
18513
18532
19152
18514
18533
19153
18515
18534
19154
18516
18535
19155
18517
18536
19156
18518
18537
19157
18519
18538
19158
18539
19159
18521
18540
19160
18522
18541
19161
18523
18542
19162
18524
18543
19163
18525
18544
19164
18526
18545
19165
18527
18546
19166
18528
18547
19167
18529
18548
19168
18530
18549
19169
18531
18550
19170
18532
18551
19171
18533
18552
19172
18534
18553
19173
18535
18554
19174
18536
18555
19175
18537
18556
19176
18538
18557
19177
18539
18558
19178
18559
19179
18541
19180
18542
19181
18543
19182
18544
19183
18545
19184
18546
19185
18547
19186
18548
19187
18549
19188
18550
19189
18551
19190
18552
19191
18553
19192
18554
19193
18555
19194
18556
19195
18557
19196
18558
19197
18559
19198
19199
18561
18580
19200
18562
18581
19201
18563
18582
19202
18564
18583
19203
18565
18584
19204
18566
18585
19205
18567
18586
19206
18568
18587
19207
18569
18588
19208
18570
18589
19209
18571
18590
19210
18572
18591
19211
18573
18592
19212
18574
18593
19213
18575
18594
19214
18576
18595
19215
18577
18596
19216
18578
18597
19217
18579
18598
19218
18599
19219
18581
18600
19220
18582
18601
19221
18583
18602
19222
18584
18603
19223
18585
18604
19224
18586
18605
19225
18587
18606
19226
18588
18607
19227
18589
18608
19228
18590
18609
19229
18591
18610
19230
18592
18611
19231
18593
18612
19232
18594
18613
19233
18595
18614
19234
18596
18615
19235
18597
18616
19236
18598
18617
19237
18599
18618
19238
18619
19239
18601
18620
19240
18602
18621
19241
18603
18622
19242
18604
18623
19243
18605
18624
19244
18606
18625
19245
18607
18626
19246
18608
18627
19247
18609
18628
19248
18610
18629
19249
18611
18630
19250
18612
18631
19251
18613
18632
19252
18614
18633
19253
18615
18634
19254
18616
18635
19255
18617
18636
19256
18618
18637
19257
18619
18638
19258
18639
19259
18621
18640
19260
18622
18641
19261
18623
18642
19262
18624
18643
19263
18625
18644
19264
18626
18645
19265
18627
18646
19266
18628
18647
19267
18629
18648
19268
18630
18649
19269
18631
18650
19270
18632
18651
19271
18633
18652
19272
18634
18653
19273
18635
18654
19274
18636
18655
19275
18637
18656
19276
18638
18657
19277
18639
18658
19278
18659
19279
18641
18660
19280
18642
18661
19281
18643
18662
19282
18644
18663
19283
18645
18664
19284
18646
18665
19285
18647
18666
19286
18648
18667
19287
18649
18668
19288
18650
18669
19289
18651
18670
19290
18652
18671
19291
18653
18672
19292
18654
18673
19293
18655
18674
19294
18656
18675
19295
18657
18676
19296
18658
18677
19297
18659
18678
19298
18679
19299
18661
18680
19300
18662
18681
19301
18663
18682
19302
18664
18683
19303
18665
18684
19304
18666
18685
19305
18667
18686
19306
18668
18687
19307
18669
18688
19308
18670
18689
19309
18671
18690
19310
18672
18691
19311
18673
18692
19312
18674
18693
19313
18675
18694
19314
18676
18695
19315
18677
18696
19316
18678
18697
19317
18679
18698
19318
18699
19319
18681
18700
19320
18682
18701
19321
18683
18702
19322
18684
18703
19323
18685
18704
19324
18686
18705
19325
18687
18706
19326
18688
18707
19327
18689
18708
19328
18690
18709
19329
18691
18710
19330
18692
18711
19331
18693
18712
19332
18694
18713
19333
18695
18714
19334
18696
18715
19335
18697
18716
19336
18698
18717
19337
18699
18718
19338
18719
19339
18701
18720
19340
18702
18721
19341
18703
18722
19342
18704
18723
19343
18705
18724
19344
18706
18725
19345
18707
18726
19346
18708
18727
19347
18709
18728
19348
18710
18729
19349
18711
18730
19350
18712
18731
19351
18713
18732
19352
18714
18733
19353
18715
18734
19354
18716
18735
19355
18717
18736
19356
18718
18737
19357
18719
18738
19358
18739
19359
18721
18740
19360
18722
18741
19361
18723
18742
19362
18724
18743
19363
18725
18744
19364
18726
18745
19365
18727
18746
19366
18728
18747
19367
18729
18748
19368
18730
18749
19369
18731
18750
19370
18732
18751
19371
18733
18752
19372
18734
18753
19373
18735
18754
19374
18736
18755
19375
18737
18756
19376
18738
18757
19377
18739
18758
19378
18759
19379
18741
18760
19380
18742
18761
19381
18743
18762
19382
18744
18763
19383
18745
18764
19384
18746
18765
19385
18747
18766
19386
18748
18767
19387
18749
18768
19388
18750
18769
19389
18751
18770
19390
18752
18771
19391
18753
18772
19392
18754
18773
19393
18755
18774
19394
18756
18775
19395
18757
18776
19396
18758
18777
19397
18759
18778
19398
18779
19399
18761
18780
19400
18762
18781
19401
18763
18782
19402
18764
18783
19403
18765
18784
19404
18766
18785
19405
18767
18786
19406
18768
18787
19407
18769
18788
19408
18770
18789
19409
18771
18790
19410
18772
18791
19411
18773
18792
19412
18774
18793
19413
18775
18794
19414
18776
18795
19415
18777
18796
19416
18778
18797
19417
18779
18798
19418
18799
19419
18781
18800
19420
18782
18801
19421
18783
18802
19422
18784
18803
19423
18785
18804
19424
18786
18805
19425
18787
18806
19426
18788
18807
19427
18789
18808
19428
18790
18809
19429
18791
18810
19430
18792
18811
19431
18793
18812
19432
18794
18813
19433
18795
18814
19434
18796
18815
19435
18797
18816
19436
18798
18817
19437
18799
18818
19438
18819
19439
18801
18820
19440
18802
18821
19441
18803
18822
19442
18804
18823
19443
18805
18824
19444
18806
18825
19445
18807
18826
19446
18808
18827
19447
18809
18828
19448
18810
18829
19449
18811
18830
19450
18812
18831
19451
18813
18832
19452
18814
18833
19453
18815
18834
19454
18816
18835
19455
18817
18836
19456
18818
18837
19457
18819
18838
19458
18839
19459
18821
18840
19460
18822
18841
19461
18823
18842
19462
18824
18843
19463
18825
18844
19464
18826
18845
19465
18827
18846
19466
18828
18847
19467
18829
18848
19468
18830
18849
19469
18831
18850
19470
18832
18851
19471
18833
18852
19472
18834
18853
19473
18835
18854
19474
18836
18855
19475
18837
18856
19476
18838
18857
19477
18839
18858
19478
18859
19479
18841
18860
19480
18842
18861
19481
18843
18862
19482
18844
18863
19483
18845
18864
19484
18846
18865
19485
18847
18866
19486
18848
18867
19487
18849
18868
19488
18850
18869
19489
18851
18870
19490
18852
18871
19491
18853
18872
19492
18854
18873
19493
18855
18874
19494
18856
18875
19495
18857
18876
19496
18858
18877
19497
18859
18878
19498
18879
19499
18861
18880
19500
18862
18881
19501
18863
18882
19502
18864
18883
19503
18865
18884
19504
18866
18885
19505
18867
18886
19506
18868
18887
19507
18869
18888
19508
18870
18889
19509
18871
18890
19510
18872
18891
19511
18873
18892
19512
18874
18893
19513
18875
18894
19514
18876
18895
19515
18877
18896
19516
18878
18897
19517
18879
18898
19518
18899
19519
18881
18900
19520
18882
18901
19521
18883
18902
19522
18884
18903
19523
18885
18904
19524
18886
18905
19525
18887
18906
19526
18888
18907
19527
18889
18908
19528
18890
18909
19529
18891
18910
19530
18892
18911
19531
18893
18912
19532
18894
18913
19533
18895
18914
19534
18896
18915
19535
18897
18916
19536
18898
18917
19537
18899
18918
19538
18919
19539
18901
18920
19540
18902
18921
19541
18903
18922
19542
18904
18923
19543
18905
18924
19544
18906
18925
19545
18907
18926
19546
18908
18927
19547
18909
18928
19548
18910
18929
19549
18911
18930
19550
18912
18931
19551
18913
18932
19552
18914
18933
19553
18915
18934
19554
18916
18935
19555
18917
18936
19556
18918
18937
19557
18919
18938
19558
18939
19559
18921
18940
19560
18922
18941
19561
18923
18942
19562
18924
18943
19563
18925
18944
19564
18926
18945
19565
18927
18946
19566
18928
18947
19567
18929
18948
19568
18930
18949
19569
18931
18950
19570
18932
18951
19571
18933
18952
19572
18934
18953
19573
18935
18954
19574
18936
18955
19575
18937
18956
19576
18938
18957
19577
18939
18958
19578
18959
19579
18941
18960
19580
18942
18961
19581
18943
18962
19582
18944
18963
19583
18945
18964
19584
18946
18965
19585
18947
18966
19586
18948
18967
19587
18949
18968
19588
18950
18969
19589
18951
18970
19590
18952
18971
19591
18953
18972
19592
18954
18973
19593
18955
18974
19594
18956
18975
19595
18957
18976
19596
18958
18977
19597
18959
18978
19598
18979
19599
18961
18980
19600
18962
18981
19601
18963
18982
19602
18964
18983
19603
18965
18984
19604
18966
18985
19605
18967
18986
19606
18968
18987
19607
18969
18988
19608
18970
18989
19609
18971
18990
19610
18972
18991
19611
18973
18992
19612
18974
18993
19613
18975
18994
19614
18976
18995
19615
18977
18996
19616
18978
18997
19617
18979
18998
19618
18999
19619
18981
19000
19620
18982
19001
19621
18983
19002
19622
18984
19003
19623
18985
19004
19624
18986
19005
19625
18987
19006
19626
18988
19007
19627
18989
19008
19628
18990
19009
19629
18991
19010
19630
18992
19011
19631
18993
19012
19632
18994
19013
19633
18995
19014
19634
18996
19015
19635
18997
19016
19636
18998
19017
19637
18999
19018
19638
19019
19639
19001
19020
19640
19002
19021
19641
19003
19022
19642
19004
19023
19643
19005
19024
19644
19006
19025
19645
19007
19026
19646
19008
19027
19647
19009
19028
19648
19010
19029
19649
19011
19030
19650
19012
19031
19651
19013
19032
19652
19014
19033
19653
19015
19034
19654
19016
19035
19655
19017
19036
19656
19018
19037
19657
19019
19038
19658
19039
19659
19021
19040
19660
19022
19041
19661
19023
19042
19662
19024
19043
19663
19025
19044
19664
19026
19045
19665
19027
19046
19666
19028
19047
19667
19029
19048
19668
19030
19049
19669
19031
19050
19670
19032
19051
19671
19033
19052
19672
19034
19053
19673
19035
19054
19674
19036
19055
19675
19037
19056
19676
19038
19057
19677
19039
19058
19678
19059
19679
19041
19060
19680
19042
19061
19681
19043
19062
19682
19044
19063
19683
19045
19064
19684
19046
19065
19685
19047
19066
19686
19048
19067
19687
19049
19068
19688
19050
19069
19689
19051
19070
19690
19052
19071
19691
19053
19072
19692
19054
19073
19693
19055
19074
19694
19056
19075
19695
19057
19076
19696
19058
19077
19697
19059
19078
19698
19079
19699
19061
19080
19700
19062
19081
19701
19063
19082
19702
19064
19083
19703
19065
19084
19704
19066
19085
19705
19067
19086
19706
19068
19087
19707
19069
19088
19708
19070
19089
19709
19071
19090
19710
19072
19091
19711
19073
19092
19712
19074
19093
19713
19075
19094
19714
19076
19095
19715
19077
19096
19716
19078
19097
19717
19079
19098
19718
19099
19719
19081
19100
19720
19082
19101
19721
19083
19102
19722
19084
19103
19723
19085
19104
19724
19086
19105
19725
19087
19106
19726
19088
19107
19727
19089
19108
19728
19090
19109
19729
19091
19110
19730
19092
19111
19731
19093
19112
19732
19094
19113
19733
19095
19114
19734
19096
19115
19735
19097
19116
19736
19098
19117
19737
19099
19118
19738
19119
19739
19101
19120
19740
19102
19121
19741
19103
19122
19742
19104
19123
19743
19105
19124
19744
19106
19125
19745
19107
19126
19746
19108
19127
19747
19109
19128
19748
19110
19129
19749
19111
19130
19750
19112
19131
19751
19113
19132
19752
19114
19133
19753
19115
19134
19754
19116
19135
19755
19117
19136
19756
19118
19137
19757
19119
19138
19758
19139
19759
19121
19140
19760
19122
19141
19761
19123
19142
19762
19124
19143
19763
19125
19144
19764
19126
19145
19765
19127
19146
19766
19128
19147
19767
19129
19148
19768
19130
19149
19769
19131
19150
19770
19132
19151
19771
19133
19152
19772
19134
19153
19773
19135
19154
19774
19136
19155
19775
19137
19156
19776
19138
19157
19777
19139
19158
19778
19159
19779
19141
19160
19780
19142
19161
19781
19143
19162
19782
19144
19163
19783
19145
19164
19784
19146
19165
19785
19147
19166
19786
19148
19167
19787
19149
19168
19788
19150
19169
19789
19151
19170
19790
19152
19171
19791
19153
19172
19792
19154
19173
19793
19155
19174
19794
19156
19175
19795
19157
19176
19796
19158
19177
19797
19159
19178
19798
19179
19799
19161
19180
19800
19162
19181
19801
19163
19182
19802
19164
19183
19803
19165
19184
19804
19166
19185
19805
19167
19186
19806
19168
19187
19807
19169
19188
19808
19170
19189
19809
19171
19190
19810
19172
19191
19811
19173
19192
19812
19174
19193
19813
19175
19194
19814
19176
19195
19815
19177
19196
19816
19178
19197
19817
19179
19198
19818
19199
19819
19181
19820
19182
19821
19183
19822
19184
19823
19185
19824
19186
19825
19187
19826
19188
19827
19189
19828
19190
19829
19191
19830
19192
19831
19193
19832
19194
19833
19195
19834
19196
19835
19197
19836
19198
19837
19199
19838
19839
19201
19220
19840
19202
19221
19841
19203
19222
19842
19204
19223
19843
19205
19224
19844
19206
19225
19845
19207
19226
19846
19208
19227
19847
19209
19228
19848
19210
19229
19849
19211
19230
19850
19212
19231
19851
19213
19232
19852
19214
19233
19853
19215
19234
19854
19216
19235
19855
19217
19236
19856
19218
19237
19857
19219
19238
19858
19239
19859
19221
19240
19860
19222
19241
19861
19223
19242
19862
19224
19243
19863
19225
19244
19864
19226
19245
19865
19227
19246
19866
19228
19247
19867
19229
19248
19868
19230
19249
19869
19231
19250
19870
19232
19251
19871
19233
19252
19872
19234
19253
19873
19235
19254
19874
19236
19255
19875
19237
19256
19876
19238
19257
19877
19239
19258
19878
19259
19879
19241
19260
19880
19242
19261
19881
19243
19262
19882
19244
19263
19883
19245
19264
19884
19246
19265
19885
19247
19266
19886
19248
19267
19887
19249
19268
19888
19250
19269
19889
19251
19270
19890
19252
19271
19891
19253
19272
19892
19254
19273
19893
19255
19274
19894
19256
19275
19895
19257
19276
19896
19258
19277
19897
19259
19278
19898
19279
19899
19261
19280
19900
19262
19281
19901
19263
19282
19902
19264
19283
19903
19265
19284
19904
19266
19285
19905
19267
19286
19906
19268
19287
19907
19269
19288
19908
19270
19289
19909
19271
19290
19910
19272
19291
19911
19273
19292
19912
19274
19293
19913
19275
19294
19914
19276
19295
19915
19277
19296
19916
19278
19297
19917
19279
19298
19918
19299
19919
19281
19300
19920
19282
19301
19921
19283
19302
19922
19284
19303
19923
19285
19304
19924
19286
19305
19925
19287
19306
19926
19288
19307
19927
19289
19308
19928
19290
19309
19929
19291
19310
19930
19292
19311
19931
19293
19312
19932
19294
19313
19933
19295
19314
19934
19296
19315
19935
19297
19316
19936
19298
19317
19937
19299
19318
19938
19319
19939
19301
19320
19940
19302
19321
19941
19303
19322
19942
19304
19323
19943
19305
19324
19944
19306
19325
19945
19307
19326
19946
19308
19327
19947
19309
19328
19948
19310
19329
19949
19311
19330
19950
19312
19331
19951
19313
19332
19952
19314
19333
19953
19315
19334
19954
19316
19335
19955
19317
19336
19956
19318
19337
19957
19319
19338
19958
19339
19959
19321
19340
19960
19322
19341
19961
19323
19342
19962
19324
19343
19963
19325
19344
19964
19326
19345
19965
19327
19346
19966
19328
19347
19967
19329
19348
19968
19330
19349
19969
19331
19350
19970
19332
19351
19971
19333
19352
19972
19334
19353
19973
19335
19354
19974
19336
19355
19975
19337
19356
19976
19338
19357
19977
19339
19358
19978
19359
19979
19341
19360
19980
19342
19361
19981
19343
19362
19982
19344
19363
19983
19345
19364
19984
19346
19365
19985
19347
19366
19986
19348
19367
19987
19349
19368
19988
19350
19369
19989
19351
19370
19990
19352
19371
19991
19353
19372
19992
19354
19373
19993
19355
19374
19994
19356
19375
19995
19357
19376
19996
19358
19377
19997
19359
19378
19998
19379
19999
19361
19380
20000
19362
19381
20001
19363
19382
20002
19364
19383
20003
19365
19384
20004
19366
19385
20005
19367
19386
20006
19368
19387
20007
19369
19388
20008
19370
19389
20009
19371
19390
20010
19372
19391
20011
19373
19392
20012
19374
19393
20013
19375
19394
20014
19376
19395
20015
19377
19396
20016
19378
19397
20017
19379
19398
20018
19399
20019
19381
19400
20020
19382
19401
20021
19383
19402
20022
19384
19403
20023
19385
19404
20024
19386
19405
20025
19387
19406
20026
19388
19407
20027
19389
19408
20028
19390
19409
20029
19391
19410
20030
19392
19411
20031
19393
19412
20032
19394
19413
20033
19395
19414
20034
19396
19415
20035
19397
19416
20036
19398
19417
20037
19399
19418
20038
19419
20039
19401
19420
20040
19402
19421
20041
19403
19422
20042
19404
19423
20043
19405
19424
20044
19406
19425
20045
19407
19426
20046
19408
19427
20047
19409
19428
20048
19410
19429
20049
19411
19430
20050
19412
19431
20051
19413
19432
20052
19414
19433
20053
19415
19434
20054
19416
19435
20055
19417
19436
20056
19418
19437
20057
19419
19438
20058
19439
20059
19421
19440
20060
19422
19441
20061
19423
19442
20062
19424
19443
20063
19425
19444
20064
19426
19445
20065
19427
19446
20066
19428
19447
20067
19429
19448
20068
19430
19449
20069
19431
19450
20070
19432
19451
20071
19433
19452
20072
19434
19453
20073
19435
19454
20074
19436
19455
20075
19437
19456
20076
19438
19457
20077
19439
19458
20078
19459
20079
19441
19460
20080
19442
19461
20081
19443
19462
20082
19444
19463
20083
19445
19464
20084
19446
19465
20085
19447
19466
20086
19448
19467
20087
19449
19468
20088
19450
19469
20089
19451
19470
20090
19452
19471
20091
19453
19472
20092
19454
19473
20093
19455
19474
20094
19456
19475
20095
19457
19476
20096
19458
19477
20097
19459
19478
20098
19479
20099
19461
19480
20100
19462
19481
20101
19463
19482
20102
19464
19483
20103
19465
19484
20104
19466
19485
20105
19467
19486
20106
19468
19487
20107
19469
19488
20108
19470
19489
20109
19471
19490
20110
19472
19491
20111
19473
19492
20112
19474
19493
20113
19475
19494
20114
19476
19495
20115
19477
19496
20116
19478
19497
20117
19479
19498
20118
19499
20119
19481
19500
20120
19482
19501
20121
19483
19502
20122
19484
19503
20123
19485
19504
20124
19486
19505
20125
19487
19506
20126
19488
19507
20127
19489
19508
20128
19490
19509
20129
19491
19510
20130
19492
19511
20131
19493
19512
20132
19494
19513
20133
19495
19514
20134
19496
19515
20135
19497
19516
20136
19498
19517
20137
19499
19518
20138
19519
20139
19501
19520
20140
19502
19521
20141
19503
19522
20142
19504
19523
20143
19505
19524
20144
19506
19525
20145
19507
19526
20146
19508
19527
20147
19509
19528
20148
19510
19529
20149
19511
19530
20150
19512
19531
20151
19513
19532
20152
19514
19533
20153
19515
19534
20154
19516
19535
20155
19517
19536
20156
19518
19537
20157
19519
19538
20158
19539
20159
19521
19540
20160
19522
19541
20161
19523
19542
20162
19524
19543
20163
19525
19544
20164
19526
19545
20165
19527
19546
20166
19528
19547
20167
19529
19548
20168
19530
19549
20169
19531
19550
20170
19532
19551
20171
19533
19552
20172
19534
19553
20173
19535
19554
20174
19536
19555
20175
19537
19556
20176
19538
19557
20177
19539
19558
20178
19559
20179
19541
19560
20180
19542
19561
20181
19543
19562
20182
19544
19563
20183
19545
19564
20184
19546
19565
20185
19547
19566
20186
19548
19567
20187
19549
19568
20188
19550
19569
20189
19551
19570
20190
19552
19571
20191
19553
19572
20192
19554
19573
20193
19555
19574
20194
19556
19575
20195
19557
19576
20196
19558
19577
20197
19559
19578
20198
19579
20199
19561
19580
20200
19562
19581
20201
19563
19582
20202
19564
19583
20203
19565
19584
20204
19566
19585
20205
19567
19586
20206
19568
19587
20207
19569
19588
20208
19570
19589
20209
19571
19590
20210
19572
19591
20211
19573
19592
20212
19574
19593
20213
19575
19594
20214
19576
19595
20215
19577
19596
20216
19578
19597
20217
19579
19598
20218
19599
20219
19581
19600
20220
19582
19601
20221
19583
19602
20222
19584
19603
20223
19585
19604
20224
19586
19605
20225
19587
19606
20226
19588
19607
20227
19589
19608
20228
19590
19609
20229
19591
19610
20230
19592
19611
20231
19593
19612
20232
19594
19613
20233
19595
19614
20234
19596
19615
20235
19597
19616
20236
19598
19617
20237
19599
19618
20238
19619
20239
19601
19620
20240
19602
19621
20241
19603
19622
20242
19604
19623
20243
19605
19624
20244
19606
19625
20245
19607
19626
20246
19608
19627
20247
19609
19628
20248
19610
19629
20249
19611
19630
20250
19612
19631
20251
19613
19632
20252
19614
19633
20253
19615
19634
20254
19616
19635
20255
19617
19636
20256
19618
19637
20257
19619
19638
20258
19639
20259
19621
19640
20260
19622
19641
20261
19623
19642
20262
19624
19643
20263
19625
19644
20264
19626
19645
20265
19627
19646
20266
19628
19647
20267
19629
19648
20268
19630
19649
20269
19631
19650
20270
19632
19651
20271
19633
19652
20272
19634
19653
20273
19635
19654
20274
19636
19655
20275
19637
19656
20276
19638
19657
20277
19639
19658
20278
19659
20279
19641
19660
20280
19642
19661
20281
19643
19662
20282
19644
19663
20283
19645
19664
20284
19646
19665
20285
19647
19666
20286
19648
19667
20287
19649
19668
20288
19650
19669
20289
19651
19670
20290
19652
19671
20291
19653
19672
20292
19654
19673
20293
19655
19674
20294
19656
19675
20295
19657
19676
20296
19658
19677
20297
19659
19678
20298
19679
20299
19661
19680
20300
19662
19681
20301
19663
19682
20302
19664
19683
20303
19665
19684
20304
19666
19685
20305
19667
19686
20306
19668
19687
20307
19669
19688
20308
19670
19689
20309
19671
19690
20310
19672
19691
20311
19673
19692
20312
19674
19693
20313
19675
19694
20314
19676
19695
20315
19677
19696
20316
19678
19697
20317
19679
19698
20318
19699
20319
19681
19700
20320
19682
19701
20321
19683
19702
20322
19684
19703
20323
19685
19704
20324
19686
19705
20325
19687
19706
20326
19688
19707
20327
19689
19708
20328
19690
19709
20329
19691
19710
20330
19692
19711
20331
19693
19712
20332
19694
19713
20333
19695
19714
20334
19696
19715
20335
19697
19716
20336
19698
19717
20337
19699
19718
20338
19719
20339
19701
19720
20340
19702
19721
20341
19703
19722
20342
19704
19723
20343
19705
19724
20344
19706
19725
20345
19707
19726
20346
19708
19727
20347
19709
19728
20348
19710
19729
20349
19711
19730
20350
19712
19731
20351
19713
19732
20352
19714
19733
20353
19715
19734
20354
19716
19735
20355
19717
19736
20356
19718
19737
20357
19719
19738
20358
19739
20359
19721
19740
20360
19722
19741
20361
19723
19742
20362
19724
19743
20363
19725
19744
20364
19726
19745
20365
19727
19746
20366
19728
19747
20367
19729
19748
20368
19730
19749
20369
19731
19750
20370
19732
19751
20371
19733
19752
20372
19734
19753
20373
19735
19754
20374
19736
19755
20375
19737
19756
20376
19738
19757
20377
19739
19758
20378
19759
20379
19741
19760
20380
19742
19761
20381
19743
19762
20382
19744
19763
20383
19745
19764
20384
19746
19765
20385
19747
19766
20386
19748
19767
20387
19749
19768
20388
19750
19769
20389
19751
19770
20390
19752
19771
20391
19753
19772
20392
19754
19773
20393
19755
19774
20394
19756
19775
20395
19757
19776
20396
19758
19777
20397
19759
19778
20398
19779
20399
19761
19780
20400
19762
19781
20401
19763
19782
20402
19764
19783
20403
19765
19784
20404
19766
19785
20405
19767
19786
20406
19768
19787
20407
19769
19788
20408
19770
19789
20409
19771
19790
20410
19772
19791
20411
19773
19792
20412
19774
19793
20413
19775
19794
20414
19776
19795
20415
19777
19796
20416
19778
19797
20417
19779
19798
20418
19799
20419
19781
19800
20420
19782
19801
20421
19783
19802
20422
19784
19803
20423
19785
19804
20424
19786
19805
20425
19787
19806
20426
19788
19807
20427
19789
19808
20428
19790
19809
20429
19791
19810
20430
19792
19811
20431
19793
19812
20432
19794
19813
20433
19795
19814
20434
19796
19815
20435
19797
19816
20436
19798
19817
20437
19799
19818
20438
19819
20439
19801
19820
20440
19802
19821
20441
19803
19822
20442
19804
19823
20443
19805
19824
20444
19806
19825
20445
19807
19826
20446
19808
19827
20447
19809
19828
20448
19810
19829
20449
19811
19830
20450
19812
19831
20451
19813
19832
20452
19814
19833
20453
19815
19834
20454
19816
19835
20455
19817
19836
20456
19818
19837
20457
19819
19838
20458
19839
20459
19821
20460
19822
20461
19823
20462
19824
20463
19825
20464
19826
20465
19827
20466
19828
20467
19829
20468
19830
20469
19831
20470
19832
20471
19833
20472
19834
20473
19835
20474
19836
20475
19837
20476
19838
20477
19839
20478
20479
19841
19860
19842
19861
19843
19862
19844
19863
19845
19864
19846
19865
19847
19866
19848
19867
19849
19868
19850
19869
19851
19870
19852
19871
19853
19872
19854
19873
19855
19874
19856
19875
19857
19876
19858
19877
19859
19878
19879
19861
19880
19862
19881
19863
19882
19864
19883
19865
19884
19866
19885
19867
19886
19868
19887
19869
19888
19870
19889
19871
19890
19872
19891
19873
19892
19874
19893
19875
19894
19876
19895
19877
19896
19878
19897
19879
19898
19899
19881
19900
19882
19901
19883
19902
19884
19903
19885
19904
19886
19905
19887
19906
19888
19907
19889
19908
19890
19909
19891
19910
19892
19911
19893
19912
19894
19913
19895
19914
19896
19915
19897
19916
19898
19917
19899
19918
19919
19901
19920
19902
19921
19903
19922
19904
19923
19905
19924
19906
19925
19907
19926
19908
19927
19909
19928
19910
19929
19911
19930
19912
19931
19913
19932
19914
19933
19915
19934
19916
19935
19917
19936
19918
19937
19919
19938
19939
19921
19940
19922
19941
19923
19942
19924
19943
19925
19944
19926
19945
19927
19946
19928
19947
19929
19948
19930
19949
19931
19950
19932
19951
19933
19952
19934
19953
19935
19954
19936
19955
19937
19956
19938
19957
19939
19958
19959
19941
19960
19942
19961
19943
19962
19944
19963
19945
19964
19946
19965
19947
19966
19948
19967
19949
19968
19950
19969
19951
19970
19952
19971
19953
19972
19954
19973
19955
19974
19956
19975
19957
19976
19958
19977
19959
19978
19979
19961
19980
19962
19981
19963
19982
19964
19983
19965
19984
19966
19985
19967
19986
19968
19987
19969
19988
19970
19989
19971
19990
19972
19991
19973
19992
19974
19993
19975
19994
19976
19995
19977
19996
19978
19997
19979
19998
19999
19981
20000
19982
20001
19983
20002
19984
20003
19985
20004
19986
20005
19987
20006
19988
20007
19989
20008
19990
20009
19991
20010
19992
20011
19993
20012
19994
20013
19995
20014
19996
20015
19997
20016
19998
20017
19999
20018
20019
20001
20020
20002
20021
20003
20022
20004
20023
20005
20024
20006
20025
20007
20026
20008
20027
20009
20028
20010
20029
20011
20030
20012
20031
20013
20032
20014
20033
20015
20034
20016
20035
20017
20036
20018
20037
20019
20038
20039
20021
20040
20022
20041
20023
20042
20024
20043
20025
20044
20026
20045
20027
20046
20028
20047
20029
20048
20030
20049
20031
20050
20032
20051
20033
20052
20034
20053
20035
20054
20036
20055
20037
20056
20038
20057
20039
20058
20059
20041
20060
20042
20061
20043
20062
20044
20063
20045
20064
20046
20065
20047
20066
20048
20067
20049
20068
20050
20069
20051
20070
20052
20071
20053
20072
20054
20073
20055
20074
20056
20075
20057
20076
20058
20077
20059
20078
20079
20061
20080
20062
20081
20063
20082
20064
20083
20065
20084
20066
20085
20067
20086
20068
20087
20069
20088
20070
20089
20071
20090
20072
20091
20073
20092
20074
20093
20075
20094
20076
20095
20077
20096
20078
20097
20079
20098
20099
20081
20100
20082
20101
20083
20102
20084
20103
20085
20104
20086
20105
20087
20106
20088
20107
20089
20108
20090
20109
20091
20110
20092
20111
20093
20112
20094
20113
20095
20114
20096
20115
20097
20116
20098
20117
20099
20118
20119
20101
20120
20102
20121
20103
20122
20104
20123
20105
20124
20106
20125
20107
20126
20108
20127
20109
20128
20110
20129
20111
20130
20112
20131
20113
20132
20114
20133
20115
20134
20116
20135
20117
20136
20118
20137
20119
20138
20139
20121
20140
20122
20141
20123
20142
20124
20143
20125
20144
20126
20145
20127
20146
20128
20147
20129
20148
20130
20149
20131
20150
20132
20151
20133
20152
20134
20153
20135
20154
20136
20155
20137
20156
20138
20157
20139
20158
20159
20141
20160
20142
20161
20143
20162
20144
20163
20145
20164
20146
20165
20147
20166
20148
20167
20149
20168
20150
20169
20151
20170
20152
20171
20153
20172
20154
20173
20155
20174
20156
20175
20157
20176
20158
20177
20159
20178
20179
20161
20180
20162
20181
20163
20182
20164
20183
20165
20184
20166
20185
20167
20186
20168
20187
20169
20188
20170
20189
20171
20190
20172
20191
20173
20192
20174
20193
20175
20194
20176
20195
20177
20196
20178
20197
20179
20198
20199
20181
20200
20182
20201
20183
20202
20184
20203
20185
20204
20186
20205
20187
20206
20188
20207
20189
20208
20190
20209
20191
20210
20192
20211
20193
20212
20194
20213
20195
20214
20196
20215
20197
20216
20198
20217
20199
20218
20219
20201
20220
20202
20221
20203
20222
20204
20223
20205
20224
20206
20225
20207
20226
20208
20227
20209
20228
20210
20229
20211
20230
20212
20231
20213
20232
20214
20233
20215
20234
20216
20235
20217
20236
20218
20237
20219
20238
20239
20221
20240
20222
20241
20223
20242
20224
20243
20225
20244
20226
20245
20227
20246
20228
20247
20229
20248
20230
20249
20231
20250
20232
20251
20233
20252
20234
20253
20235
20254
20236
20255
20237
20256
20238
20257
20239
20258
20259
20241
20260
20242
20261
20243
20262
20244
20263
20245
20264
20246
20265
20247
20266
20248
20267
20249
20268
20250
20269
20251
20270
20252
20271
20253
20272
20254
20273
20255
20274
20256
20275
20257
20276
20258
20277
20259
20278
20279
20261
20280
20262
20281
20263
20282
20264
20283
20265
20284
20266
20285
20267
20286
20268
20287
20269
20288
20270
20289
20271
20290
20272
20291
20273
20292
20274
20293
20275
20294
20276
20295
20277
20296
20278
20297
20279
20298
20299
20281
20300
20282
20301
20283
20302
20284
20303
20285
20304
20286
20305
20287
20306
20288
20307
20289
20308
20290
20309
20291
20310
20292
20311
20293
20312
20294
20313
20295
20314
20296
20315
20297
20316
20298
20317
20299
20318
20319
20301
20320
20302
20321
20303
20322
20304
20323
20305
20324
20306
20325
20307
20326
20308
20327
20309
20328
20310
20329
20311
20330
20312
20331
20313
20332
20314
20333
20315
20334
20316
20335
20317
20336
20318
20337
20319
20338
20339
20321
20340
20322
20341
20323
20342
20324
20343
20325
20344
20326
20345
20327
20346
20328
20347
20329
20348
20330
20349
20331
20350
20332
20351
20333
20352
20334
20353
20335
20354
20336
20355
20337
20356
20338
20357
20339
20358
20359
20341
20360
20342
20361
20343
20362
20344
20363
20345
20364
20346
20365
20347
20366
20348
20367
20349
20368
20350
20369
20351
20370
20352
20371
20353
20372
20354
20373
20355
20374
20356
20375
20357
20376
20358
20377
20359
20378
20379
20361
20380
20362
20381
20363
20382
20364
20383
20365
20384
20366
20385
20367
20386
20368
20387
20369
20388
20370
20389
20371
20390
20372
20391
20373
20392
20374
20393
20375
20394
20376
20395
20377
20396
20378
20397
20379
20398
20399
20381
20400
20382
20401
20383
20402
20384
20403
20385
20404
20386
20405
20387
20406
20388
20407
20389
20408
20390
20409
20391
20410
20392
20411
20393
20412
20394
20413
20395
20414
20396
20415
20397
20416
20398
20417
20399
20418
20419
20401
20420
20402
20421
20403
20422
20404
20423
20405
20424
20406
20425
20407
20426
20408
20427
20409
20428
20410
20429
20411
20430
20412
20431
20413
20432
20414
20433
20415
20434
20416
20435
20417
20436
20418
20437
20419
20438
20439
20421
20440
20422
20441
20423
20442
20424
20443
20425
20444
20426
20445
20427
20446
20428
20447
20429
20448
20430
20449
20431
20450
20432
20451
20433
20452
20434
20453
20435
20454
20436
20455
20437
20456
20438
20457
20439
20458
20459
20441
20460
20442
20461
20443
20462
20444
20463
20445
20464
20446
20465
20447
20466
20448
20467
20449
20468
20450
20469
20451
20470
20452
20471
20453
20472
20454
20473
20455
20474
20456
20475
20457
20476
20458
20477
20459
20478
20479
20461
20462
20463
20464
20465
20466
20467
20468
20469
20470
20471
20472
20473
20474
20475
20476
20477
20478
20479
)


// ************************************************************************* //
