/*--------------------------------*- C++ -*----------------------------------*\
  =========                 |
  \\      /  F ield         | OpenFOAM: The Open Source CFD Toolbox
   \\    /   O peration     | Website:  https://openfoam.org
    \\  /    A nd           | Version:  7
     \\/     M anipulation  |
\*---------------------------------------------------------------------------*/
FoamFile
{
    version     2.0;
    format      ascii;
    class       vectorField;
    location    "constant/polyMesh";
    object      points;
}
// * * * * * * * * * * * * * * * * * * * * * * * * * * * * * * * * * * * * * //


22869
(
(0 0 0)
(0.1 0 0)
(0.2 0 0)
(0.3 0 0)
(0.4 0 0)
(0.5 0 0)
(0.6 0 0)
(0.7 0 0)
(0.8 0 0)
(0.9 0 0)
(1 0 0)
(1.1 0 0)
(1.2 0 0)
(1.3 0 0)
(1.4 0 0)
(1.5 0 0)
(1.6 0 0)
(1.7 0 0)
(1.8 0 0)
(1.9 0 0)
(2 0 0)
(0 0.009183236716 0)
(0.1 0.009183236716 0)
(0.2 0.009183236716 0)
(0.3 0.009183236716 0)
(0.4 0.009183236716 0)
(0.5 0.009183236716 0)
(0.6 0.009183236716 0)
(0.7 0.009183236716 0)
(0.8 0.009183236716 0)
(0.9 0.009183236716 0)
(1 0.009183236716 0)
(1.1 0.009183236716 0)
(1.2 0.009183236716 0)
(1.3 0.009183236716 0)
(1.4 0.009183236716 0)
(1.5 0.009183236716 0)
(1.6 0.009183236716 0)
(1.7 0.009183236716 0)
(1.8 0.009183236716 0)
(1.9 0.009183236716 0)
(2 0.009183236716 0)
(0 0.01900360363 0)
(0.1 0.01900360363 0)
(0.2 0.01900360363 0)
(0.3 0.01900360363 0)
(0.4 0.01900360363 0)
(0.5 0.01900360363 0)
(0.6 0.01900360363 0)
(0.7 0.01900360363 0)
(0.8 0.01900360363 0)
(0.9 0.01900360363 0)
(1 0.01900360363 0)
(1.1 0.01900360363 0)
(1.2 0.01900360363 0)
(1.3 0.01900360363 0)
(1.4 0.01900360363 0)
(1.5 0.01900360363 0)
(1.6 0.01900360363 0)
(1.7 0.01900360363 0)
(1.8 0.01900360363 0)
(1.9 0.01900360363 0)
(2 0.01900360363 0)
(0 0.02950530463 0)
(0.1 0.02950530463 0)
(0.2 0.02950530463 0)
(0.3 0.02950530463 0)
(0.4 0.02950530463 0)
(0.5 0.02950530463 0)
(0.6 0.02950530463 0)
(0.7 0.02950530463 0)
(0.8 0.02950530463 0)
(0.9 0.02950530463 0)
(1 0.02950530463 0)
(1.1 0.02950530463 0)
(1.2 0.02950530463 0)
(1.3 0.02950530463 0)
(1.4 0.02950530463 0)
(1.5 0.02950530463 0)
(1.6 0.02950530463 0)
(1.7 0.02950530463 0)
(1.8 0.02950530463 0)
(1.9 0.02950530463 0)
(2 0.02950530463 0)
(0 0.04073561049 0)
(0.1 0.04073561049 0)
(0.2 0.04073561049 0)
(0.3 0.04073561049 0)
(0.4 0.04073561049 0)
(0.5 0.04073561049 0)
(0.6 0.04073561049 0)
(0.7 0.04073561049 0)
(0.8 0.04073561049 0)
(0.9 0.04073561049 0)
(1 0.04073561049 0)
(1.1 0.04073561049 0)
(1.2 0.04073561049 0)
(1.3 0.04073561049 0)
(1.4 0.04073561049 0)
(1.5 0.04073561049 0)
(1.6 0.04073561049 0)
(1.7 0.04073561049 0)
(1.8 0.04073561049 0)
(1.9 0.04073561049 0)
(2 0.04073561049 0)
(0 0.05274507158 0)
(0.1 0.05274507158 0)
(0.2 0.05274507158 0)
(0.3 0.05274507158 0)
(0.4 0.05274507158 0)
(0.5 0.05274507158 0)
(0.6 0.05274507158 0)
(0.7 0.05274507158 0)
(0.8 0.05274507158 0)
(0.9 0.05274507158 0)
(1 0.05274507158 0)
(1.1 0.05274507158 0)
(1.2 0.05274507158 0)
(1.3 0.05274507158 0)
(1.4 0.05274507158 0)
(1.5 0.05274507158 0)
(1.6 0.05274507158 0)
(1.7 0.05274507158 0)
(1.8 0.05274507158 0)
(1.9 0.05274507158 0)
(2 0.05274507158 0)
(0 0.06558774547 0)
(0.1 0.06558774547 0)
(0.2 0.06558774547 0)
(0.3 0.06558774547 0)
(0.4 0.06558774547 0)
(0.5 0.06558774547 0)
(0.6 0.06558774547 0)
(0.7 0.06558774547 0)
(0.8 0.06558774547 0)
(0.9 0.06558774547 0)
(1 0.06558774547 0)
(1.1 0.06558774547 0)
(1.2 0.06558774547 0)
(1.3 0.06558774547 0)
(1.4 0.06558774547 0)
(1.5 0.06558774547 0)
(1.6 0.06558774547 0)
(1.7 0.06558774547 0)
(1.8 0.06558774547 0)
(1.9 0.06558774547 0)
(2 0.06558774547 0)
(0 0.07932144019 0)
(0.1 0.07932144019 0)
(0.2 0.07932144019 0)
(0.3 0.07932144019 0)
(0.4 0.07932144019 0)
(0.5 0.07932144019 0)
(0.6 0.07932144019 0)
(0.7 0.07932144019 0)
(0.8 0.07932144019 0)
(0.9 0.07932144019 0)
(1 0.07932144019 0)
(1.1 0.07932144019 0)
(1.2 0.07932144019 0)
(1.3 0.07932144019 0)
(1.4 0.07932144019 0)
(1.5 0.07932144019 0)
(1.6 0.07932144019 0)
(1.7 0.07932144019 0)
(1.8 0.07932144019 0)
(1.9 0.07932144019 0)
(2 0.07932144019 0)
(0 0.09400797452 0)
(0.1 0.09400797452 0)
(0.2 0.09400797452 0)
(0.3 0.09400797452 0)
(0.4 0.09400797452 0)
(0.5 0.09400797452 0)
(0.6 0.09400797452 0)
(0.7 0.09400797452 0)
(0.8 0.09400797452 0)
(0.9 0.09400797452 0)
(1 0.09400797452 0)
(1.1 0.09400797452 0)
(1.2 0.09400797452 0)
(1.3 0.09400797452 0)
(1.4 0.09400797452 0)
(1.5 0.09400797452 0)
(1.6 0.09400797452 0)
(1.7 0.09400797452 0)
(1.8 0.09400797452 0)
(1.9 0.09400797452 0)
(2 0.09400797452 0)
(0 0.1097134562 0)
(0.1 0.1097134562 0)
(0.2 0.1097134562 0)
(0.3 0.1097134562 0)
(0.4 0.1097134562 0)
(0.5 0.1097134562 0)
(0.6 0.1097134562 0)
(0.7 0.1097134562 0)
(0.8 0.1097134562 0)
(0.9 0.1097134562 0)
(1 0.1097134562 0)
(1.1 0.1097134562 0)
(1.2 0.1097134562 0)
(1.3 0.1097134562 0)
(1.4 0.1097134562 0)
(1.5 0.1097134562 0)
(1.6 0.1097134562 0)
(1.7 0.1097134562 0)
(1.8 0.1097134562 0)
(1.9 0.1097134562 0)
(2 0.1097134562 0)
(0 0.1265085794 0)
(0.1 0.1265085794 0)
(0.2 0.1265085794 0)
(0.3 0.1265085794 0)
(0.4 0.1265085794 0)
(0.5 0.1265085794 0)
(0.6 0.1265085794 0)
(0.7 0.1265085794 0)
(0.8 0.1265085794 0)
(0.9 0.1265085794 0)
(1 0.1265085794 0)
(1.1 0.1265085794 0)
(1.2 0.1265085794 0)
(1.3 0.1265085794 0)
(1.4 0.1265085794 0)
(1.5 0.1265085794 0)
(1.6 0.1265085794 0)
(1.7 0.1265085794 0)
(1.8 0.1265085794 0)
(1.9 0.1265085794 0)
(2 0.1265085794 0)
(0 0.1444689432 0)
(0.1 0.1444689432 0)
(0.2 0.1444689432 0)
(0.3 0.1444689432 0)
(0.4 0.1444689432 0)
(0.5 0.1444689432 0)
(0.6 0.1444689432 0)
(0.7 0.1444689432 0)
(0.8 0.1444689432 0)
(0.9 0.1444689432 0)
(1 0.1444689432 0)
(1.1 0.1444689432 0)
(1.2 0.1444689432 0)
(1.3 0.1444689432 0)
(1.4 0.1444689432 0)
(1.5 0.1444689432 0)
(1.6 0.1444689432 0)
(1.7 0.1444689432 0)
(1.8 0.1444689432 0)
(1.9 0.1444689432 0)
(2 0.1444689432 0)
(0 0.1636753917 0)
(0.1 0.1636753917 0)
(0.2 0.1636753917 0)
(0.3 0.1636753917 0)
(0.4 0.1636753917 0)
(0.5 0.1636753917 0)
(0.6 0.1636753917 0)
(0.7 0.1636753917 0)
(0.8 0.1636753917 0)
(0.9 0.1636753917 0)
(1 0.1636753917 0)
(1.1 0.1636753917 0)
(1.2 0.1636753917 0)
(1.3 0.1636753917 0)
(1.4 0.1636753917 0)
(1.5 0.1636753917 0)
(1.6 0.1636753917 0)
(1.7 0.1636753917 0)
(1.8 0.1636753917 0)
(1.9 0.1636753917 0)
(2 0.1636753917 0)
(0 0.1842143777 0)
(0.1 0.1842143777 0)
(0.2 0.1842143777 0)
(0.3 0.1842143777 0)
(0.4 0.1842143777 0)
(0.5 0.1842143777 0)
(0.6 0.1842143777 0)
(0.7 0.1842143777 0)
(0.8 0.1842143777 0)
(0.9 0.1842143777 0)
(1 0.1842143777 0)
(1.1 0.1842143777 0)
(1.2 0.1842143777 0)
(1.3 0.1842143777 0)
(1.4 0.1842143777 0)
(1.5 0.1842143777 0)
(1.6 0.1842143777 0)
(1.7 0.1842143777 0)
(1.8 0.1842143777 0)
(1.9 0.1842143777 0)
(2 0.1842143777 0)
(0 0.2061783524 0)
(0.1 0.2061783524 0)
(0.2 0.2061783524 0)
(0.3 0.2061783524 0)
(0.4 0.2061783524 0)
(0.5 0.2061783524 0)
(0.6 0.2061783524 0)
(0.7 0.2061783524 0)
(0.8 0.2061783524 0)
(0.9 0.2061783524 0)
(1 0.2061783524 0)
(1.1 0.2061783524 0)
(1.2 0.2061783524 0)
(1.3 0.2061783524 0)
(1.4 0.2061783524 0)
(1.5 0.2061783524 0)
(1.6 0.2061783524 0)
(1.7 0.2061783524 0)
(1.8 0.2061783524 0)
(1.9 0.2061783524 0)
(2 0.2061783524 0)
(0 0.2296661811 0)
(0.1 0.2296661811 0)
(0.2 0.2296661811 0)
(0.3 0.2296661811 0)
(0.4 0.2296661811 0)
(0.5 0.2296661811 0)
(0.6 0.2296661811 0)
(0.7 0.2296661811 0)
(0.8 0.2296661811 0)
(0.9 0.2296661811 0)
(1 0.2296661811 0)
(1.1 0.2296661811 0)
(1.2 0.2296661811 0)
(1.3 0.2296661811 0)
(1.4 0.2296661811 0)
(1.5 0.2296661811 0)
(1.6 0.2296661811 0)
(1.7 0.2296661811 0)
(1.8 0.2296661811 0)
(1.9 0.2296661811 0)
(2 0.2296661811 0)
(0 0.2547835882 0)
(0.1 0.2547835882 0)
(0.2 0.2547835882 0)
(0.3 0.2547835882 0)
(0.4 0.2547835882 0)
(0.5 0.2547835882 0)
(0.6 0.2547835882 0)
(0.7 0.2547835882 0)
(0.8 0.2547835882 0)
(0.9 0.2547835882 0)
(1 0.2547835882 0)
(1.1 0.2547835882 0)
(1.2 0.2547835882 0)
(1.3 0.2547835882 0)
(1.4 0.2547835882 0)
(1.5 0.2547835882 0)
(1.6 0.2547835882 0)
(1.7 0.2547835882 0)
(1.8 0.2547835882 0)
(1.9 0.2547835882 0)
(2 0.2547835882 0)
(0 0.2816436335 0)
(0.1 0.2816436335 0)
(0.2 0.2816436335 0)
(0.3 0.2816436335 0)
(0.4 0.2816436335 0)
(0.5 0.2816436335 0)
(0.6 0.2816436335 0)
(0.7 0.2816436335 0)
(0.8 0.2816436335 0)
(0.9 0.2816436335 0)
(1 0.2816436335 0)
(1.1 0.2816436335 0)
(1.2 0.2816436335 0)
(1.3 0.2816436335 0)
(1.4 0.2816436335 0)
(1.5 0.2816436335 0)
(1.6 0.2816436335 0)
(1.7 0.2816436335 0)
(1.8 0.2816436335 0)
(1.9 0.2816436335 0)
(2 0.2816436335 0)
(0 0.3103672206 0)
(0.1 0.3103672206 0)
(0.2 0.3103672206 0)
(0.3 0.3103672206 0)
(0.4 0.3103672206 0)
(0.5 0.3103672206 0)
(0.6 0.3103672206 0)
(0.7 0.3103672206 0)
(0.8 0.3103672206 0)
(0.9 0.3103672206 0)
(1 0.3103672206 0)
(1.1 0.3103672206 0)
(1.2 0.3103672206 0)
(1.3 0.3103672206 0)
(1.4 0.3103672206 0)
(1.5 0.3103672206 0)
(1.6 0.3103672206 0)
(1.7 0.3103672206 0)
(1.8 0.3103672206 0)
(1.9 0.3103672206 0)
(2 0.3103672206 0)
(0 0.3410836415 0)
(0.1 0.3410836415 0)
(0.2 0.3410836415 0)
(0.3 0.3410836415 0)
(0.4 0.3410836415 0)
(0.5 0.3410836415 0)
(0.6 0.3410836415 0)
(0.7 0.3410836415 0)
(0.8 0.3410836415 0)
(0.9 0.3410836415 0)
(1 0.3410836415 0)
(1.1 0.3410836415 0)
(1.2 0.3410836415 0)
(1.3 0.3410836415 0)
(1.4 0.3410836415 0)
(1.5 0.3410836415 0)
(1.6 0.3410836415 0)
(1.7 0.3410836415 0)
(1.8 0.3410836415 0)
(1.9 0.3410836415 0)
(2 0.3410836415 0)
(0 0.3739311585 0)
(0.1 0.3739311585 0)
(0.2 0.3739311585 0)
(0.3 0.3739311585 0)
(0.4 0.3739311585 0)
(0.5 0.3739311585 0)
(0.6 0.3739311585 0)
(0.7 0.3739311585 0)
(0.8 0.3739311585 0)
(0.9 0.3739311585 0)
(1 0.3739311585 0)
(1.1 0.3739311585 0)
(1.2 0.3739311585 0)
(1.3 0.3739311585 0)
(1.4 0.3739311585 0)
(1.5 0.3739311585 0)
(1.6 0.3739311585 0)
(1.7 0.3739311585 0)
(1.8 0.3739311585 0)
(1.9 0.3739311585 0)
(2 0.3739311585 0)
(0 0.4090576263 0)
(0.1 0.4090576263 0)
(0.2 0.4090576263 0)
(0.3 0.4090576263 0)
(0.4 0.4090576263 0)
(0.5 0.4090576263 0)
(0.6 0.4090576263 0)
(0.7 0.4090576263 0)
(0.8 0.4090576263 0)
(0.9 0.4090576263 0)
(1 0.4090576263 0)
(1.1 0.4090576263 0)
(1.2 0.4090576263 0)
(1.3 0.4090576263 0)
(1.4 0.4090576263 0)
(1.5 0.4090576263 0)
(1.6 0.4090576263 0)
(1.7 0.4090576263 0)
(1.8 0.4090576263 0)
(1.9 0.4090576263 0)
(2 0.4090576263 0)
(0 0.4466211578 0)
(0.1 0.4466211578 0)
(0.2 0.4466211578 0)
(0.3 0.4466211578 0)
(0.4 0.4466211578 0)
(0.5 0.4466211578 0)
(0.6 0.4466211578 0)
(0.7 0.4466211578 0)
(0.8 0.4466211578 0)
(0.9 0.4466211578 0)
(1 0.4466211578 0)
(1.1 0.4466211578 0)
(1.2 0.4466211578 0)
(1.3 0.4466211578 0)
(1.4 0.4466211578 0)
(1.5 0.4466211578 0)
(1.6 0.4466211578 0)
(1.7 0.4466211578 0)
(1.8 0.4466211578 0)
(1.9 0.4466211578 0)
(2 0.4466211578 0)
(0 0.4867908358 0)
(0.1 0.4867908358 0)
(0.2 0.4867908358 0)
(0.3 0.4867908358 0)
(0.4 0.4867908358 0)
(0.5 0.4867908358 0)
(0.6 0.4867908358 0)
(0.7 0.4867908358 0)
(0.8 0.4867908358 0)
(0.9 0.4867908358 0)
(1 0.4867908358 0)
(1.1 0.4867908358 0)
(1.2 0.4867908358 0)
(1.3 0.4867908358 0)
(1.4 0.4867908358 0)
(1.5 0.4867908358 0)
(1.6 0.4867908358 0)
(1.7 0.4867908358 0)
(1.8 0.4867908358 0)
(1.9 0.4867908358 0)
(2 0.4867908358 0)
(0 0.529747474 0)
(0.1 0.529747474 0)
(0.2 0.529747474 0)
(0.3 0.529747474 0)
(0.4 0.529747474 0)
(0.5 0.529747474 0)
(0.6 0.529747474 0)
(0.7 0.529747474 0)
(0.8 0.529747474 0)
(0.9 0.529747474 0)
(1 0.529747474 0)
(1.1 0.529747474 0)
(1.2 0.529747474 0)
(1.3 0.529747474 0)
(1.4 0.529747474 0)
(1.5 0.529747474 0)
(1.6 0.529747474 0)
(1.7 0.529747474 0)
(1.8 0.529747474 0)
(1.9 0.529747474 0)
(2 0.529747474 0)
(0 0.5756844308 0)
(0.1 0.5756844308 0)
(0.2 0.5756844308 0)
(0.3 0.5756844308 0)
(0.4 0.5756844308 0)
(0.5 0.5756844308 0)
(0.6 0.5756844308 0)
(0.7 0.5756844308 0)
(0.8 0.5756844308 0)
(0.9 0.5756844308 0)
(1 0.5756844308 0)
(1.1 0.5756844308 0)
(1.2 0.5756844308 0)
(1.3 0.5756844308 0)
(1.4 0.5756844308 0)
(1.5 0.5756844308 0)
(1.6 0.5756844308 0)
(1.7 0.5756844308 0)
(1.8 0.5756844308 0)
(1.9 0.5756844308 0)
(2 0.5756844308 0)
(0 0.6248084798 0)
(0.1 0.6248084798 0)
(0.2 0.6248084798 0)
(0.3 0.6248084798 0)
(0.4 0.6248084798 0)
(0.5 0.6248084798 0)
(0.6 0.6248084798 0)
(0.7 0.6248084798 0)
(0.8 0.6248084798 0)
(0.9 0.6248084798 0)
(1 0.6248084798 0)
(1.1 0.6248084798 0)
(1.2 0.6248084798 0)
(1.3 0.6248084798 0)
(1.4 0.6248084798 0)
(1.5 0.6248084798 0)
(1.6 0.6248084798 0)
(1.7 0.6248084798 0)
(1.8 0.6248084798 0)
(1.9 0.6248084798 0)
(2 0.6248084798 0)
(0 0.6773407405 0)
(0.1 0.6773407405 0)
(0.2 0.6773407405 0)
(0.3 0.6773407405 0)
(0.4 0.6773407405 0)
(0.5 0.6773407405 0)
(0.6 0.6773407405 0)
(0.7 0.6773407405 0)
(0.8 0.6773407405 0)
(0.9 0.6773407405 0)
(1 0.6773407405 0)
(1.1 0.6773407405 0)
(1.2 0.6773407405 0)
(1.3 0.6773407405 0)
(1.4 0.6773407405 0)
(1.5 0.6773407405 0)
(1.6 0.6773407405 0)
(1.7 0.6773407405 0)
(1.8 0.6773407405 0)
(1.9 0.6773407405 0)
(2 0.6773407405 0)
(0 0.7335176736 0)
(0.1 0.7335176736 0)
(0.2 0.7335176736 0)
(0.3 0.7335176736 0)
(0.4 0.7335176736 0)
(0.5 0.7335176736 0)
(0.6 0.7335176736 0)
(0.7 0.7335176736 0)
(0.8 0.7335176736 0)
(0.9 0.7335176736 0)
(1 0.7335176736 0)
(1.1 0.7335176736 0)
(1.2 0.7335176736 0)
(1.3 0.7335176736 0)
(1.4 0.7335176736 0)
(1.5 0.7335176736 0)
(1.6 0.7335176736 0)
(1.7 0.7335176736 0)
(1.8 0.7335176736 0)
(1.9 0.7335176736 0)
(2 0.7335176736 0)
(0 0.7935921454 0)
(0.1 0.7935921454 0)
(0.2 0.7935921454 0)
(0.3 0.7935921454 0)
(0.4 0.7935921454 0)
(0.5 0.7935921454 0)
(0.6 0.7935921454 0)
(0.7 0.7935921454 0)
(0.8 0.7935921454 0)
(0.9 0.7935921454 0)
(1 0.7935921454 0)
(1.1 0.7935921454 0)
(1.2 0.7935921454 0)
(1.3 0.7935921454 0)
(1.4 0.7935921454 0)
(1.5 0.7935921454 0)
(1.6 0.7935921454 0)
(1.7 0.7935921454 0)
(1.8 0.7935921454 0)
(1.9 0.7935921454 0)
(2 0.7935921454 0)
(0 0.857834566 0)
(0.1 0.857834566 0)
(0.2 0.857834566 0)
(0.3 0.857834566 0)
(0.4 0.857834566 0)
(0.5 0.857834566 0)
(0.6 0.857834566 0)
(0.7 0.857834566 0)
(0.8 0.857834566 0)
(0.9 0.857834566 0)
(1 0.857834566 0)
(1.1 0.857834566 0)
(1.2 0.857834566 0)
(1.3 0.857834566 0)
(1.4 0.857834566 0)
(1.5 0.857834566 0)
(1.6 0.857834566 0)
(1.7 0.857834566 0)
(1.8 0.857834566 0)
(1.9 0.857834566 0)
(2 0.857834566 0)
(0 0.9265341063 0)
(0.1 0.9265341063 0)
(0.2 0.9265341063 0)
(0.3 0.9265341063 0)
(0.4 0.9265341063 0)
(0.5 0.9265341063 0)
(0.6 0.9265341063 0)
(0.7 0.9265341063 0)
(0.8 0.9265341063 0)
(0.9 0.9265341063 0)
(1 0.9265341063 0)
(1.1 0.9265341063 0)
(1.2 0.9265341063 0)
(1.3 0.9265341063 0)
(1.4 0.9265341063 0)
(1.5 0.9265341063 0)
(1.6 0.9265341063 0)
(1.7 0.9265341063 0)
(1.8 0.9265341063 0)
(1.9 0.9265341063 0)
(2 0.9265341063 0)
(0 1 0)
(0.1 1 0)
(0.2 1 0)
(0.3 1 0)
(0.4 1 0)
(0.5 1 0)
(0.6 1 0)
(0.7 1 0)
(0.8 1 0)
(0.9 1 0)
(1 1 0)
(1.1 1 0)
(1.2 1 0)
(1.3 1 0)
(1.4 1 0)
(1.5 1 0)
(1.6 1 0)
(1.7 1 0)
(1.8 1 0)
(1.9 1 0)
(2 1 0)
(0 0 0.009183236716)
(0.1 0 0.009183236716)
(0.2 0 0.009183236716)
(0.3 0 0.009183236716)
(0.4 0 0.009183236716)
(0.5 0 0.009183236716)
(0.6 0 0.009183236716)
(0.7 0 0.009183236716)
(0.8 0 0.009183236716)
(0.9 0 0.009183236716)
(1 0 0.009183236716)
(1.1 0 0.009183236716)
(1.2 0 0.009183236716)
(1.3 0 0.009183236716)
(1.4 0 0.009183236716)
(1.5 0 0.009183236716)
(1.6 0 0.009183236716)
(1.7 0 0.009183236716)
(1.8 0 0.009183236716)
(1.9 0 0.009183236716)
(2 0 0.009183236716)
(0 0.009183236716 0.009183236716)
(0.1 0.009183236716 0.009183236716)
(0.2 0.009183236716 0.009183236716)
(0.3 0.009183236716 0.009183236716)
(0.4 0.009183236716 0.009183236716)
(0.5 0.009183236716 0.009183236716)
(0.6 0.009183236716 0.009183236716)
(0.7 0.009183236716 0.009183236716)
(0.8 0.009183236716 0.009183236716)
(0.9 0.009183236716 0.009183236716)
(1 0.009183236716 0.009183236716)
(1.1 0.009183236716 0.009183236716)
(1.2 0.009183236716 0.009183236716)
(1.3 0.009183236716 0.009183236716)
(1.4 0.009183236716 0.009183236716)
(1.5 0.009183236716 0.009183236716)
(1.6 0.009183236716 0.009183236716)
(1.7 0.009183236716 0.009183236716)
(1.8 0.009183236716 0.009183236716)
(1.9 0.009183236716 0.009183236716)
(2 0.009183236716 0.009183236716)
(0 0.01900360363 0.009183236716)
(0.1 0.01900360363 0.009183236716)
(0.2 0.01900360363 0.009183236716)
(0.3 0.01900360363 0.009183236716)
(0.4 0.01900360363 0.009183236716)
(0.5 0.01900360363 0.009183236716)
(0.6 0.01900360363 0.009183236716)
(0.7 0.01900360363 0.009183236716)
(0.8 0.01900360363 0.009183236716)
(0.9 0.01900360363 0.009183236716)
(1 0.01900360363 0.009183236716)
(1.1 0.01900360363 0.009183236716)
(1.2 0.01900360363 0.009183236716)
(1.3 0.01900360363 0.009183236716)
(1.4 0.01900360363 0.009183236716)
(1.5 0.01900360363 0.009183236716)
(1.6 0.01900360363 0.009183236716)
(1.7 0.01900360363 0.009183236716)
(1.8 0.01900360363 0.009183236716)
(1.9 0.01900360363 0.009183236716)
(2 0.01900360363 0.009183236716)
(0 0.02950530463 0.009183236716)
(0.1 0.02950530463 0.009183236716)
(0.2 0.02950530463 0.009183236716)
(0.3 0.02950530463 0.009183236716)
(0.4 0.02950530463 0.009183236716)
(0.5 0.02950530463 0.009183236716)
(0.6 0.02950530463 0.009183236716)
(0.7 0.02950530463 0.009183236716)
(0.8 0.02950530463 0.009183236716)
(0.9 0.02950530463 0.009183236716)
(1 0.02950530463 0.009183236716)
(1.1 0.02950530463 0.009183236716)
(1.2 0.02950530463 0.009183236716)
(1.3 0.02950530463 0.009183236716)
(1.4 0.02950530463 0.009183236716)
(1.5 0.02950530463 0.009183236716)
(1.6 0.02950530463 0.009183236716)
(1.7 0.02950530463 0.009183236716)
(1.8 0.02950530463 0.009183236716)
(1.9 0.02950530463 0.009183236716)
(2 0.02950530463 0.009183236716)
(0 0.04073561049 0.009183236716)
(0.1 0.04073561049 0.009183236716)
(0.2 0.04073561049 0.009183236716)
(0.3 0.04073561049 0.009183236716)
(0.4 0.04073561049 0.009183236716)
(0.5 0.04073561049 0.009183236716)
(0.6 0.04073561049 0.009183236716)
(0.7 0.04073561049 0.009183236716)
(0.8 0.04073561049 0.009183236716)
(0.9 0.04073561049 0.009183236716)
(1 0.04073561049 0.009183236716)
(1.1 0.04073561049 0.009183236716)
(1.2 0.04073561049 0.009183236716)
(1.3 0.04073561049 0.009183236716)
(1.4 0.04073561049 0.009183236716)
(1.5 0.04073561049 0.009183236716)
(1.6 0.04073561049 0.009183236716)
(1.7 0.04073561049 0.009183236716)
(1.8 0.04073561049 0.009183236716)
(1.9 0.04073561049 0.009183236716)
(2 0.04073561049 0.009183236716)
(0 0.05274507158 0.009183236716)
(0.1 0.05274507158 0.009183236716)
(0.2 0.05274507158 0.009183236716)
(0.3 0.05274507158 0.009183236716)
(0.4 0.05274507158 0.009183236716)
(0.5 0.05274507158 0.009183236716)
(0.6 0.05274507158 0.009183236716)
(0.7 0.05274507158 0.009183236716)
(0.8 0.05274507158 0.009183236716)
(0.9 0.05274507158 0.009183236716)
(1 0.05274507158 0.009183236716)
(1.1 0.05274507158 0.009183236716)
(1.2 0.05274507158 0.009183236716)
(1.3 0.05274507158 0.009183236716)
(1.4 0.05274507158 0.009183236716)
(1.5 0.05274507158 0.009183236716)
(1.6 0.05274507158 0.009183236716)
(1.7 0.05274507158 0.009183236716)
(1.8 0.05274507158 0.009183236716)
(1.9 0.05274507158 0.009183236716)
(2 0.05274507158 0.009183236716)
(0 0.06558774547 0.009183236716)
(0.1 0.06558774547 0.009183236716)
(0.2 0.06558774547 0.009183236716)
(0.3 0.06558774547 0.009183236716)
(0.4 0.06558774547 0.009183236716)
(0.5 0.06558774547 0.009183236716)
(0.6 0.06558774547 0.009183236716)
(0.7 0.06558774547 0.009183236716)
(0.8 0.06558774547 0.009183236716)
(0.9 0.06558774547 0.009183236716)
(1 0.06558774547 0.009183236716)
(1.1 0.06558774547 0.009183236716)
(1.2 0.06558774547 0.009183236716)
(1.3 0.06558774547 0.009183236716)
(1.4 0.06558774547 0.009183236716)
(1.5 0.06558774547 0.009183236716)
(1.6 0.06558774547 0.009183236716)
(1.7 0.06558774547 0.009183236716)
(1.8 0.06558774547 0.009183236716)
(1.9 0.06558774547 0.009183236716)
(2 0.06558774547 0.009183236716)
(0 0.07932144019 0.009183236716)
(0.1 0.07932144019 0.009183236716)
(0.2 0.07932144019 0.009183236716)
(0.3 0.07932144019 0.009183236716)
(0.4 0.07932144019 0.009183236716)
(0.5 0.07932144019 0.009183236716)
(0.6 0.07932144019 0.009183236716)
(0.7 0.07932144019 0.009183236716)
(0.8 0.07932144019 0.009183236716)
(0.9 0.07932144019 0.009183236716)
(1 0.07932144019 0.009183236716)
(1.1 0.07932144019 0.009183236716)
(1.2 0.07932144019 0.009183236716)
(1.3 0.07932144019 0.009183236716)
(1.4 0.07932144019 0.009183236716)
(1.5 0.07932144019 0.009183236716)
(1.6 0.07932144019 0.009183236716)
(1.7 0.07932144019 0.009183236716)
(1.8 0.07932144019 0.009183236716)
(1.9 0.07932144019 0.009183236716)
(2 0.07932144019 0.009183236716)
(0 0.09400797452 0.009183236716)
(0.1 0.09400797452 0.009183236716)
(0.2 0.09400797452 0.009183236716)
(0.3 0.09400797452 0.009183236716)
(0.4 0.09400797452 0.009183236716)
(0.5 0.09400797452 0.009183236716)
(0.6 0.09400797452 0.009183236716)
(0.7 0.09400797452 0.009183236716)
(0.8 0.09400797452 0.009183236716)
(0.9 0.09400797452 0.009183236716)
(1 0.09400797452 0.009183236716)
(1.1 0.09400797452 0.009183236716)
(1.2 0.09400797452 0.009183236716)
(1.3 0.09400797452 0.009183236716)
(1.4 0.09400797452 0.009183236716)
(1.5 0.09400797452 0.009183236716)
(1.6 0.09400797452 0.009183236716)
(1.7 0.09400797452 0.009183236716)
(1.8 0.09400797452 0.009183236716)
(1.9 0.09400797452 0.009183236716)
(2 0.09400797452 0.009183236716)
(0 0.1097134562 0.009183236716)
(0.1 0.1097134562 0.009183236716)
(0.2 0.1097134562 0.009183236716)
(0.3 0.1097134562 0.009183236716)
(0.4 0.1097134562 0.009183236716)
(0.5 0.1097134562 0.009183236716)
(0.6 0.1097134562 0.009183236716)
(0.7 0.1097134562 0.009183236716)
(0.8 0.1097134562 0.009183236716)
(0.9 0.1097134562 0.009183236716)
(1 0.1097134562 0.009183236716)
(1.1 0.1097134562 0.009183236716)
(1.2 0.1097134562 0.009183236716)
(1.3 0.1097134562 0.009183236716)
(1.4 0.1097134562 0.009183236716)
(1.5 0.1097134562 0.009183236716)
(1.6 0.1097134562 0.009183236716)
(1.7 0.1097134562 0.009183236716)
(1.8 0.1097134562 0.009183236716)
(1.9 0.1097134562 0.009183236716)
(2 0.1097134562 0.009183236716)
(0 0.1265085794 0.009183236716)
(0.1 0.1265085794 0.009183236716)
(0.2 0.1265085794 0.009183236716)
(0.3 0.1265085794 0.009183236716)
(0.4 0.1265085794 0.009183236716)
(0.5 0.1265085794 0.009183236716)
(0.6 0.1265085794 0.009183236716)
(0.7 0.1265085794 0.009183236716)
(0.8 0.1265085794 0.009183236716)
(0.9 0.1265085794 0.009183236716)
(1 0.1265085794 0.009183236716)
(1.1 0.1265085794 0.009183236716)
(1.2 0.1265085794 0.009183236716)
(1.3 0.1265085794 0.009183236716)
(1.4 0.1265085794 0.009183236716)
(1.5 0.1265085794 0.009183236716)
(1.6 0.1265085794 0.009183236716)
(1.7 0.1265085794 0.009183236716)
(1.8 0.1265085794 0.009183236716)
(1.9 0.1265085794 0.009183236716)
(2 0.1265085794 0.009183236716)
(0 0.1444689432 0.009183236716)
(0.1 0.1444689432 0.009183236716)
(0.2 0.1444689432 0.009183236716)
(0.3 0.1444689432 0.009183236716)
(0.4 0.1444689432 0.009183236716)
(0.5 0.1444689432 0.009183236716)
(0.6 0.1444689432 0.009183236716)
(0.7 0.1444689432 0.009183236716)
(0.8 0.1444689432 0.009183236716)
(0.9 0.1444689432 0.009183236716)
(1 0.1444689432 0.009183236716)
(1.1 0.1444689432 0.009183236716)
(1.2 0.1444689432 0.009183236716)
(1.3 0.1444689432 0.009183236716)
(1.4 0.1444689432 0.009183236716)
(1.5 0.1444689432 0.009183236716)
(1.6 0.1444689432 0.009183236716)
(1.7 0.1444689432 0.009183236716)
(1.8 0.1444689432 0.009183236716)
(1.9 0.1444689432 0.009183236716)
(2 0.1444689432 0.009183236716)
(0 0.1636753917 0.009183236716)
(0.1 0.1636753917 0.009183236716)
(0.2 0.1636753917 0.009183236716)
(0.3 0.1636753917 0.009183236716)
(0.4 0.1636753917 0.009183236716)
(0.5 0.1636753917 0.009183236716)
(0.6 0.1636753917 0.009183236716)
(0.7 0.1636753917 0.009183236716)
(0.8 0.1636753917 0.009183236716)
(0.9 0.1636753917 0.009183236716)
(1 0.1636753917 0.009183236716)
(1.1 0.1636753917 0.009183236716)
(1.2 0.1636753917 0.009183236716)
(1.3 0.1636753917 0.009183236716)
(1.4 0.1636753917 0.009183236716)
(1.5 0.1636753917 0.009183236716)
(1.6 0.1636753917 0.009183236716)
(1.7 0.1636753917 0.009183236716)
(1.8 0.1636753917 0.009183236716)
(1.9 0.1636753917 0.009183236716)
(2 0.1636753917 0.009183236716)
(0 0.1842143777 0.009183236716)
(0.1 0.1842143777 0.009183236716)
(0.2 0.1842143777 0.009183236716)
(0.3 0.1842143777 0.009183236716)
(0.4 0.1842143777 0.009183236716)
(0.5 0.1842143777 0.009183236716)
(0.6 0.1842143777 0.009183236716)
(0.7 0.1842143777 0.009183236716)
(0.8 0.1842143777 0.009183236716)
(0.9 0.1842143777 0.009183236716)
(1 0.1842143777 0.009183236716)
(1.1 0.1842143777 0.009183236716)
(1.2 0.1842143777 0.009183236716)
(1.3 0.1842143777 0.009183236716)
(1.4 0.1842143777 0.009183236716)
(1.5 0.1842143777 0.009183236716)
(1.6 0.1842143777 0.009183236716)
(1.7 0.1842143777 0.009183236716)
(1.8 0.1842143777 0.009183236716)
(1.9 0.1842143777 0.009183236716)
(2 0.1842143777 0.009183236716)
(0 0.2061783524 0.009183236716)
(0.1 0.2061783524 0.009183236716)
(0.2 0.2061783524 0.009183236716)
(0.3 0.2061783524 0.009183236716)
(0.4 0.2061783524 0.009183236716)
(0.5 0.2061783524 0.009183236716)
(0.6 0.2061783524 0.009183236716)
(0.7 0.2061783524 0.009183236716)
(0.8 0.2061783524 0.009183236716)
(0.9 0.2061783524 0.009183236716)
(1 0.2061783524 0.009183236716)
(1.1 0.2061783524 0.009183236716)
(1.2 0.2061783524 0.009183236716)
(1.3 0.2061783524 0.009183236716)
(1.4 0.2061783524 0.009183236716)
(1.5 0.2061783524 0.009183236716)
(1.6 0.2061783524 0.009183236716)
(1.7 0.2061783524 0.009183236716)
(1.8 0.2061783524 0.009183236716)
(1.9 0.2061783524 0.009183236716)
(2 0.2061783524 0.009183236716)
(0 0.2296661811 0.009183236716)
(0.1 0.2296661811 0.009183236716)
(0.2 0.2296661811 0.009183236716)
(0.3 0.2296661811 0.009183236716)
(0.4 0.2296661811 0.009183236716)
(0.5 0.2296661811 0.009183236716)
(0.6 0.2296661811 0.009183236716)
(0.7 0.2296661811 0.009183236716)
(0.8 0.2296661811 0.009183236716)
(0.9 0.2296661811 0.009183236716)
(1 0.2296661811 0.009183236716)
(1.1 0.2296661811 0.009183236716)
(1.2 0.2296661811 0.009183236716)
(1.3 0.2296661811 0.009183236716)
(1.4 0.2296661811 0.009183236716)
(1.5 0.2296661811 0.009183236716)
(1.6 0.2296661811 0.009183236716)
(1.7 0.2296661811 0.009183236716)
(1.8 0.2296661811 0.009183236716)
(1.9 0.2296661811 0.009183236716)
(2 0.2296661811 0.009183236716)
(0 0.2547835882 0.009183236716)
(0.1 0.2547835882 0.009183236716)
(0.2 0.2547835882 0.009183236716)
(0.3 0.2547835882 0.009183236716)
(0.4 0.2547835882 0.009183236716)
(0.5 0.2547835882 0.009183236716)
(0.6 0.2547835882 0.009183236716)
(0.7 0.2547835882 0.009183236716)
(0.8 0.2547835882 0.009183236716)
(0.9 0.2547835882 0.009183236716)
(1 0.2547835882 0.009183236716)
(1.1 0.2547835882 0.009183236716)
(1.2 0.2547835882 0.009183236716)
(1.3 0.2547835882 0.009183236716)
(1.4 0.2547835882 0.009183236716)
(1.5 0.2547835882 0.009183236716)
(1.6 0.2547835882 0.009183236716)
(1.7 0.2547835882 0.009183236716)
(1.8 0.2547835882 0.009183236716)
(1.9 0.2547835882 0.009183236716)
(2 0.2547835882 0.009183236716)
(0 0.2816436335 0.009183236716)
(0.1 0.2816436335 0.009183236716)
(0.2 0.2816436335 0.009183236716)
(0.3 0.2816436335 0.009183236716)
(0.4 0.2816436335 0.009183236716)
(0.5 0.2816436335 0.009183236716)
(0.6 0.2816436335 0.009183236716)
(0.7 0.2816436335 0.009183236716)
(0.8 0.2816436335 0.009183236716)
(0.9 0.2816436335 0.009183236716)
(1 0.2816436335 0.009183236716)
(1.1 0.2816436335 0.009183236716)
(1.2 0.2816436335 0.009183236716)
(1.3 0.2816436335 0.009183236716)
(1.4 0.2816436335 0.009183236716)
(1.5 0.2816436335 0.009183236716)
(1.6 0.2816436335 0.009183236716)
(1.7 0.2816436335 0.009183236716)
(1.8 0.2816436335 0.009183236716)
(1.9 0.2816436335 0.009183236716)
(2 0.2816436335 0.009183236716)
(0 0.3103672206 0.009183236716)
(0.1 0.3103672206 0.009183236716)
(0.2 0.3103672206 0.009183236716)
(0.3 0.3103672206 0.009183236716)
(0.4 0.3103672206 0.009183236716)
(0.5 0.3103672206 0.009183236716)
(0.6 0.3103672206 0.009183236716)
(0.7 0.3103672206 0.009183236716)
(0.8 0.3103672206 0.009183236716)
(0.9 0.3103672206 0.009183236716)
(1 0.3103672206 0.009183236716)
(1.1 0.3103672206 0.009183236716)
(1.2 0.3103672206 0.009183236716)
(1.3 0.3103672206 0.009183236716)
(1.4 0.3103672206 0.009183236716)
(1.5 0.3103672206 0.009183236716)
(1.6 0.3103672206 0.009183236716)
(1.7 0.3103672206 0.009183236716)
(1.8 0.3103672206 0.009183236716)
(1.9 0.3103672206 0.009183236716)
(2 0.3103672206 0.009183236716)
(0 0.3410836415 0.009183236716)
(0.1 0.3410836415 0.009183236716)
(0.2 0.3410836415 0.009183236716)
(0.3 0.3410836415 0.009183236716)
(0.4 0.3410836415 0.009183236716)
(0.5 0.3410836415 0.009183236716)
(0.6 0.3410836415 0.009183236716)
(0.7 0.3410836415 0.009183236716)
(0.8 0.3410836415 0.009183236716)
(0.9 0.3410836415 0.009183236716)
(1 0.3410836415 0.009183236716)
(1.1 0.3410836415 0.009183236716)
(1.2 0.3410836415 0.009183236716)
(1.3 0.3410836415 0.009183236716)
(1.4 0.3410836415 0.009183236716)
(1.5 0.3410836415 0.009183236716)
(1.6 0.3410836415 0.009183236716)
(1.7 0.3410836415 0.009183236716)
(1.8 0.3410836415 0.009183236716)
(1.9 0.3410836415 0.009183236716)
(2 0.3410836415 0.009183236716)
(0 0.3739311585 0.009183236716)
(0.1 0.3739311585 0.009183236716)
(0.2 0.3739311585 0.009183236716)
(0.3 0.3739311585 0.009183236716)
(0.4 0.3739311585 0.009183236716)
(0.5 0.3739311585 0.009183236716)
(0.6 0.3739311585 0.009183236716)
(0.7 0.3739311585 0.009183236716)
(0.8 0.3739311585 0.009183236716)
(0.9 0.3739311585 0.009183236716)
(1 0.3739311585 0.009183236716)
(1.1 0.3739311585 0.009183236716)
(1.2 0.3739311585 0.009183236716)
(1.3 0.3739311585 0.009183236716)
(1.4 0.3739311585 0.009183236716)
(1.5 0.3739311585 0.009183236716)
(1.6 0.3739311585 0.009183236716)
(1.7 0.3739311585 0.009183236716)
(1.8 0.3739311585 0.009183236716)
(1.9 0.3739311585 0.009183236716)
(2 0.3739311585 0.009183236716)
(0 0.4090576263 0.009183236716)
(0.1 0.4090576263 0.009183236716)
(0.2 0.4090576263 0.009183236716)
(0.3 0.4090576263 0.009183236716)
(0.4 0.4090576263 0.009183236716)
(0.5 0.4090576263 0.009183236716)
(0.6 0.4090576263 0.009183236716)
(0.7 0.4090576263 0.009183236716)
(0.8 0.4090576263 0.009183236716)
(0.9 0.4090576263 0.009183236716)
(1 0.4090576263 0.009183236716)
(1.1 0.4090576263 0.009183236716)
(1.2 0.4090576263 0.009183236716)
(1.3 0.4090576263 0.009183236716)
(1.4 0.4090576263 0.009183236716)
(1.5 0.4090576263 0.009183236716)
(1.6 0.4090576263 0.009183236716)
(1.7 0.4090576263 0.009183236716)
(1.8 0.4090576263 0.009183236716)
(1.9 0.4090576263 0.009183236716)
(2 0.4090576263 0.009183236716)
(0 0.4466211578 0.009183236716)
(0.1 0.4466211578 0.009183236716)
(0.2 0.4466211578 0.009183236716)
(0.3 0.4466211578 0.009183236716)
(0.4 0.4466211578 0.009183236716)
(0.5 0.4466211578 0.009183236716)
(0.6 0.4466211578 0.009183236716)
(0.7 0.4466211578 0.009183236716)
(0.8 0.4466211578 0.009183236716)
(0.9 0.4466211578 0.009183236716)
(1 0.4466211578 0.009183236716)
(1.1 0.4466211578 0.009183236716)
(1.2 0.4466211578 0.009183236716)
(1.3 0.4466211578 0.009183236716)
(1.4 0.4466211578 0.009183236716)
(1.5 0.4466211578 0.009183236716)
(1.6 0.4466211578 0.009183236716)
(1.7 0.4466211578 0.009183236716)
(1.8 0.4466211578 0.009183236716)
(1.9 0.4466211578 0.009183236716)
(2 0.4466211578 0.009183236716)
(0 0.4867908358 0.009183236716)
(0.1 0.4867908358 0.009183236716)
(0.2 0.4867908358 0.009183236716)
(0.3 0.4867908358 0.009183236716)
(0.4 0.4867908358 0.009183236716)
(0.5 0.4867908358 0.009183236716)
(0.6 0.4867908358 0.009183236716)
(0.7 0.4867908358 0.009183236716)
(0.8 0.4867908358 0.009183236716)
(0.9 0.4867908358 0.009183236716)
(1 0.4867908358 0.009183236716)
(1.1 0.4867908358 0.009183236716)
(1.2 0.4867908358 0.009183236716)
(1.3 0.4867908358 0.009183236716)
(1.4 0.4867908358 0.009183236716)
(1.5 0.4867908358 0.009183236716)
(1.6 0.4867908358 0.009183236716)
(1.7 0.4867908358 0.009183236716)
(1.8 0.4867908358 0.009183236716)
(1.9 0.4867908358 0.009183236716)
(2 0.4867908358 0.009183236716)
(0 0.529747474 0.009183236716)
(0.1 0.529747474 0.009183236716)
(0.2 0.529747474 0.009183236716)
(0.3 0.529747474 0.009183236716)
(0.4 0.529747474 0.009183236716)
(0.5 0.529747474 0.009183236716)
(0.6 0.529747474 0.009183236716)
(0.7 0.529747474 0.009183236716)
(0.8 0.529747474 0.009183236716)
(0.9 0.529747474 0.009183236716)
(1 0.529747474 0.009183236716)
(1.1 0.529747474 0.009183236716)
(1.2 0.529747474 0.009183236716)
(1.3 0.529747474 0.009183236716)
(1.4 0.529747474 0.009183236716)
(1.5 0.529747474 0.009183236716)
(1.6 0.529747474 0.009183236716)
(1.7 0.529747474 0.009183236716)
(1.8 0.529747474 0.009183236716)
(1.9 0.529747474 0.009183236716)
(2 0.529747474 0.009183236716)
(0 0.5756844308 0.009183236716)
(0.1 0.5756844308 0.009183236716)
(0.2 0.5756844308 0.009183236716)
(0.3 0.5756844308 0.009183236716)
(0.4 0.5756844308 0.009183236716)
(0.5 0.5756844308 0.009183236716)
(0.6 0.5756844308 0.009183236716)
(0.7 0.5756844308 0.009183236716)
(0.8 0.5756844308 0.009183236716)
(0.9 0.5756844308 0.009183236716)
(1 0.5756844308 0.009183236716)
(1.1 0.5756844308 0.009183236716)
(1.2 0.5756844308 0.009183236716)
(1.3 0.5756844308 0.009183236716)
(1.4 0.5756844308 0.009183236716)
(1.5 0.5756844308 0.009183236716)
(1.6 0.5756844308 0.009183236716)
(1.7 0.5756844308 0.009183236716)
(1.8 0.5756844308 0.009183236716)
(1.9 0.5756844308 0.009183236716)
(2 0.5756844308 0.009183236716)
(0 0.6248084798 0.009183236716)
(0.1 0.6248084798 0.009183236716)
(0.2 0.6248084798 0.009183236716)
(0.3 0.6248084798 0.009183236716)
(0.4 0.6248084798 0.009183236716)
(0.5 0.6248084798 0.009183236716)
(0.6 0.6248084798 0.009183236716)
(0.7 0.6248084798 0.009183236716)
(0.8 0.6248084798 0.009183236716)
(0.9 0.6248084798 0.009183236716)
(1 0.6248084798 0.009183236716)
(1.1 0.6248084798 0.009183236716)
(1.2 0.6248084798 0.009183236716)
(1.3 0.6248084798 0.009183236716)
(1.4 0.6248084798 0.009183236716)
(1.5 0.6248084798 0.009183236716)
(1.6 0.6248084798 0.009183236716)
(1.7 0.6248084798 0.009183236716)
(1.8 0.6248084798 0.009183236716)
(1.9 0.6248084798 0.009183236716)
(2 0.6248084798 0.009183236716)
(0 0.6773407405 0.009183236716)
(0.1 0.6773407405 0.009183236716)
(0.2 0.6773407405 0.009183236716)
(0.3 0.6773407405 0.009183236716)
(0.4 0.6773407405 0.009183236716)
(0.5 0.6773407405 0.009183236716)
(0.6 0.6773407405 0.009183236716)
(0.7 0.6773407405 0.009183236716)
(0.8 0.6773407405 0.009183236716)
(0.9 0.6773407405 0.009183236716)
(1 0.6773407405 0.009183236716)
(1.1 0.6773407405 0.009183236716)
(1.2 0.6773407405 0.009183236716)
(1.3 0.6773407405 0.009183236716)
(1.4 0.6773407405 0.009183236716)
(1.5 0.6773407405 0.009183236716)
(1.6 0.6773407405 0.009183236716)
(1.7 0.6773407405 0.009183236716)
(1.8 0.6773407405 0.009183236716)
(1.9 0.6773407405 0.009183236716)
(2 0.6773407405 0.009183236716)
(0 0.7335176736 0.009183236716)
(0.1 0.7335176736 0.009183236716)
(0.2 0.7335176736 0.009183236716)
(0.3 0.7335176736 0.009183236716)
(0.4 0.7335176736 0.009183236716)
(0.5 0.7335176736 0.009183236716)
(0.6 0.7335176736 0.009183236716)
(0.7 0.7335176736 0.009183236716)
(0.8 0.7335176736 0.009183236716)
(0.9 0.7335176736 0.009183236716)
(1 0.7335176736 0.009183236716)
(1.1 0.7335176736 0.009183236716)
(1.2 0.7335176736 0.009183236716)
(1.3 0.7335176736 0.009183236716)
(1.4 0.7335176736 0.009183236716)
(1.5 0.7335176736 0.009183236716)
(1.6 0.7335176736 0.009183236716)
(1.7 0.7335176736 0.009183236716)
(1.8 0.7335176736 0.009183236716)
(1.9 0.7335176736 0.009183236716)
(2 0.7335176736 0.009183236716)
(0 0.7935921454 0.009183236716)
(0.1 0.7935921454 0.009183236716)
(0.2 0.7935921454 0.009183236716)
(0.3 0.7935921454 0.009183236716)
(0.4 0.7935921454 0.009183236716)
(0.5 0.7935921454 0.009183236716)
(0.6 0.7935921454 0.009183236716)
(0.7 0.7935921454 0.009183236716)
(0.8 0.7935921454 0.009183236716)
(0.9 0.7935921454 0.009183236716)
(1 0.7935921454 0.009183236716)
(1.1 0.7935921454 0.009183236716)
(1.2 0.7935921454 0.009183236716)
(1.3 0.7935921454 0.009183236716)
(1.4 0.7935921454 0.009183236716)
(1.5 0.7935921454 0.009183236716)
(1.6 0.7935921454 0.009183236716)
(1.7 0.7935921454 0.009183236716)
(1.8 0.7935921454 0.009183236716)
(1.9 0.7935921454 0.009183236716)
(2 0.7935921454 0.009183236716)
(0 0.857834566 0.009183236716)
(0.1 0.857834566 0.009183236716)
(0.2 0.857834566 0.009183236716)
(0.3 0.857834566 0.009183236716)
(0.4 0.857834566 0.009183236716)
(0.5 0.857834566 0.009183236716)
(0.6 0.857834566 0.009183236716)
(0.7 0.857834566 0.009183236716)
(0.8 0.857834566 0.009183236716)
(0.9 0.857834566 0.009183236716)
(1 0.857834566 0.009183236716)
(1.1 0.857834566 0.009183236716)
(1.2 0.857834566 0.009183236716)
(1.3 0.857834566 0.009183236716)
(1.4 0.857834566 0.009183236716)
(1.5 0.857834566 0.009183236716)
(1.6 0.857834566 0.009183236716)
(1.7 0.857834566 0.009183236716)
(1.8 0.857834566 0.009183236716)
(1.9 0.857834566 0.009183236716)
(2 0.857834566 0.009183236716)
(0 0.9265341063 0.009183236716)
(0.1 0.9265341063 0.009183236716)
(0.2 0.9265341063 0.009183236716)
(0.3 0.9265341063 0.009183236716)
(0.4 0.9265341063 0.009183236716)
(0.5 0.9265341063 0.009183236716)
(0.6 0.9265341063 0.009183236716)
(0.7 0.9265341063 0.009183236716)
(0.8 0.9265341063 0.009183236716)
(0.9 0.9265341063 0.009183236716)
(1 0.9265341063 0.009183236716)
(1.1 0.9265341063 0.009183236716)
(1.2 0.9265341063 0.009183236716)
(1.3 0.9265341063 0.009183236716)
(1.4 0.9265341063 0.009183236716)
(1.5 0.9265341063 0.009183236716)
(1.6 0.9265341063 0.009183236716)
(1.7 0.9265341063 0.009183236716)
(1.8 0.9265341063 0.009183236716)
(1.9 0.9265341063 0.009183236716)
(2 0.9265341063 0.009183236716)
(0 1 0.009183236716)
(0.1 1 0.009183236716)
(0.2 1 0.009183236716)
(0.3 1 0.009183236716)
(0.4 1 0.009183236716)
(0.5 1 0.009183236716)
(0.6 1 0.009183236716)
(0.7 1 0.009183236716)
(0.8 1 0.009183236716)
(0.9 1 0.009183236716)
(1 1 0.009183236716)
(1.1 1 0.009183236716)
(1.2 1 0.009183236716)
(1.3 1 0.009183236716)
(1.4 1 0.009183236716)
(1.5 1 0.009183236716)
(1.6 1 0.009183236716)
(1.7 1 0.009183236716)
(1.8 1 0.009183236716)
(1.9 1 0.009183236716)
(2 1 0.009183236716)
(0 0 0.01900360363)
(0.1 0 0.01900360363)
(0.2 0 0.01900360363)
(0.3 0 0.01900360363)
(0.4 0 0.01900360363)
(0.5 0 0.01900360363)
(0.6 0 0.01900360363)
(0.7 0 0.01900360363)
(0.8 0 0.01900360363)
(0.9 0 0.01900360363)
(1 0 0.01900360363)
(1.1 0 0.01900360363)
(1.2 0 0.01900360363)
(1.3 0 0.01900360363)
(1.4 0 0.01900360363)
(1.5 0 0.01900360363)
(1.6 0 0.01900360363)
(1.7 0 0.01900360363)
(1.8 0 0.01900360363)
(1.9 0 0.01900360363)
(2 0 0.01900360363)
(0 0.009183236716 0.01900360363)
(0.1 0.009183236716 0.01900360363)
(0.2 0.009183236716 0.01900360363)
(0.3 0.009183236716 0.01900360363)
(0.4 0.009183236716 0.01900360363)
(0.5 0.009183236716 0.01900360363)
(0.6 0.009183236716 0.01900360363)
(0.7 0.009183236716 0.01900360363)
(0.8 0.009183236716 0.01900360363)
(0.9 0.009183236716 0.01900360363)
(1 0.009183236716 0.01900360363)
(1.1 0.009183236716 0.01900360363)
(1.2 0.009183236716 0.01900360363)
(1.3 0.009183236716 0.01900360363)
(1.4 0.009183236716 0.01900360363)
(1.5 0.009183236716 0.01900360363)
(1.6 0.009183236716 0.01900360363)
(1.7 0.009183236716 0.01900360363)
(1.8 0.009183236716 0.01900360363)
(1.9 0.009183236716 0.01900360363)
(2 0.009183236716 0.01900360363)
(0 0.01900360363 0.01900360363)
(0.1 0.01900360363 0.01900360363)
(0.2 0.01900360363 0.01900360363)
(0.3 0.01900360363 0.01900360363)
(0.4 0.01900360363 0.01900360363)
(0.5 0.01900360363 0.01900360363)
(0.6 0.01900360363 0.01900360363)
(0.7 0.01900360363 0.01900360363)
(0.8 0.01900360363 0.01900360363)
(0.9 0.01900360363 0.01900360363)
(1 0.01900360363 0.01900360363)
(1.1 0.01900360363 0.01900360363)
(1.2 0.01900360363 0.01900360363)
(1.3 0.01900360363 0.01900360363)
(1.4 0.01900360363 0.01900360363)
(1.5 0.01900360363 0.01900360363)
(1.6 0.01900360363 0.01900360363)
(1.7 0.01900360363 0.01900360363)
(1.8 0.01900360363 0.01900360363)
(1.9 0.01900360363 0.01900360363)
(2 0.01900360363 0.01900360363)
(0 0.02950530463 0.01900360363)
(0.1 0.02950530463 0.01900360363)
(0.2 0.02950530463 0.01900360363)
(0.3 0.02950530463 0.01900360363)
(0.4 0.02950530463 0.01900360363)
(0.5 0.02950530463 0.01900360363)
(0.6 0.02950530463 0.01900360363)
(0.7 0.02950530463 0.01900360363)
(0.8 0.02950530463 0.01900360363)
(0.9 0.02950530463 0.01900360363)
(1 0.02950530463 0.01900360363)
(1.1 0.02950530463 0.01900360363)
(1.2 0.02950530463 0.01900360363)
(1.3 0.02950530463 0.01900360363)
(1.4 0.02950530463 0.01900360363)
(1.5 0.02950530463 0.01900360363)
(1.6 0.02950530463 0.01900360363)
(1.7 0.02950530463 0.01900360363)
(1.8 0.02950530463 0.01900360363)
(1.9 0.02950530463 0.01900360363)
(2 0.02950530463 0.01900360363)
(0 0.04073561049 0.01900360363)
(0.1 0.04073561049 0.01900360363)
(0.2 0.04073561049 0.01900360363)
(0.3 0.04073561049 0.01900360363)
(0.4 0.04073561049 0.01900360363)
(0.5 0.04073561049 0.01900360363)
(0.6 0.04073561049 0.01900360363)
(0.7 0.04073561049 0.01900360363)
(0.8 0.04073561049 0.01900360363)
(0.9 0.04073561049 0.01900360363)
(1 0.04073561049 0.01900360363)
(1.1 0.04073561049 0.01900360363)
(1.2 0.04073561049 0.01900360363)
(1.3 0.04073561049 0.01900360363)
(1.4 0.04073561049 0.01900360363)
(1.5 0.04073561049 0.01900360363)
(1.6 0.04073561049 0.01900360363)
(1.7 0.04073561049 0.01900360363)
(1.8 0.04073561049 0.01900360363)
(1.9 0.04073561049 0.01900360363)
(2 0.04073561049 0.01900360363)
(0 0.05274507158 0.01900360363)
(0.1 0.05274507158 0.01900360363)
(0.2 0.05274507158 0.01900360363)
(0.3 0.05274507158 0.01900360363)
(0.4 0.05274507158 0.01900360363)
(0.5 0.05274507158 0.01900360363)
(0.6 0.05274507158 0.01900360363)
(0.7 0.05274507158 0.01900360363)
(0.8 0.05274507158 0.01900360363)
(0.9 0.05274507158 0.01900360363)
(1 0.05274507158 0.01900360363)
(1.1 0.05274507158 0.01900360363)
(1.2 0.05274507158 0.01900360363)
(1.3 0.05274507158 0.01900360363)
(1.4 0.05274507158 0.01900360363)
(1.5 0.05274507158 0.01900360363)
(1.6 0.05274507158 0.01900360363)
(1.7 0.05274507158 0.01900360363)
(1.8 0.05274507158 0.01900360363)
(1.9 0.05274507158 0.01900360363)
(2 0.05274507158 0.01900360363)
(0 0.06558774547 0.01900360363)
(0.1 0.06558774547 0.01900360363)
(0.2 0.06558774547 0.01900360363)
(0.3 0.06558774547 0.01900360363)
(0.4 0.06558774547 0.01900360363)
(0.5 0.06558774547 0.01900360363)
(0.6 0.06558774547 0.01900360363)
(0.7 0.06558774547 0.01900360363)
(0.8 0.06558774547 0.01900360363)
(0.9 0.06558774547 0.01900360363)
(1 0.06558774547 0.01900360363)
(1.1 0.06558774547 0.01900360363)
(1.2 0.06558774547 0.01900360363)
(1.3 0.06558774547 0.01900360363)
(1.4 0.06558774547 0.01900360363)
(1.5 0.06558774547 0.01900360363)
(1.6 0.06558774547 0.01900360363)
(1.7 0.06558774547 0.01900360363)
(1.8 0.06558774547 0.01900360363)
(1.9 0.06558774547 0.01900360363)
(2 0.06558774547 0.01900360363)
(0 0.07932144019 0.01900360363)
(0.1 0.07932144019 0.01900360363)
(0.2 0.07932144019 0.01900360363)
(0.3 0.07932144019 0.01900360363)
(0.4 0.07932144019 0.01900360363)
(0.5 0.07932144019 0.01900360363)
(0.6 0.07932144019 0.01900360363)
(0.7 0.07932144019 0.01900360363)
(0.8 0.07932144019 0.01900360363)
(0.9 0.07932144019 0.01900360363)
(1 0.07932144019 0.01900360363)
(1.1 0.07932144019 0.01900360363)
(1.2 0.07932144019 0.01900360363)
(1.3 0.07932144019 0.01900360363)
(1.4 0.07932144019 0.01900360363)
(1.5 0.07932144019 0.01900360363)
(1.6 0.07932144019 0.01900360363)
(1.7 0.07932144019 0.01900360363)
(1.8 0.07932144019 0.01900360363)
(1.9 0.07932144019 0.01900360363)
(2 0.07932144019 0.01900360363)
(0 0.09400797452 0.01900360363)
(0.1 0.09400797452 0.01900360363)
(0.2 0.09400797452 0.01900360363)
(0.3 0.09400797452 0.01900360363)
(0.4 0.09400797452 0.01900360363)
(0.5 0.09400797452 0.01900360363)
(0.6 0.09400797452 0.01900360363)
(0.7 0.09400797452 0.01900360363)
(0.8 0.09400797452 0.01900360363)
(0.9 0.09400797452 0.01900360363)
(1 0.09400797452 0.01900360363)
(1.1 0.09400797452 0.01900360363)
(1.2 0.09400797452 0.01900360363)
(1.3 0.09400797452 0.01900360363)
(1.4 0.09400797452 0.01900360363)
(1.5 0.09400797452 0.01900360363)
(1.6 0.09400797452 0.01900360363)
(1.7 0.09400797452 0.01900360363)
(1.8 0.09400797452 0.01900360363)
(1.9 0.09400797452 0.01900360363)
(2 0.09400797452 0.01900360363)
(0 0.1097134562 0.01900360363)
(0.1 0.1097134562 0.01900360363)
(0.2 0.1097134562 0.01900360363)
(0.3 0.1097134562 0.01900360363)
(0.4 0.1097134562 0.01900360363)
(0.5 0.1097134562 0.01900360363)
(0.6 0.1097134562 0.01900360363)
(0.7 0.1097134562 0.01900360363)
(0.8 0.1097134562 0.01900360363)
(0.9 0.1097134562 0.01900360363)
(1 0.1097134562 0.01900360363)
(1.1 0.1097134562 0.01900360363)
(1.2 0.1097134562 0.01900360363)
(1.3 0.1097134562 0.01900360363)
(1.4 0.1097134562 0.01900360363)
(1.5 0.1097134562 0.01900360363)
(1.6 0.1097134562 0.01900360363)
(1.7 0.1097134562 0.01900360363)
(1.8 0.1097134562 0.01900360363)
(1.9 0.1097134562 0.01900360363)
(2 0.1097134562 0.01900360363)
(0 0.1265085794 0.01900360363)
(0.1 0.1265085794 0.01900360363)
(0.2 0.1265085794 0.01900360363)
(0.3 0.1265085794 0.01900360363)
(0.4 0.1265085794 0.01900360363)
(0.5 0.1265085794 0.01900360363)
(0.6 0.1265085794 0.01900360363)
(0.7 0.1265085794 0.01900360363)
(0.8 0.1265085794 0.01900360363)
(0.9 0.1265085794 0.01900360363)
(1 0.1265085794 0.01900360363)
(1.1 0.1265085794 0.01900360363)
(1.2 0.1265085794 0.01900360363)
(1.3 0.1265085794 0.01900360363)
(1.4 0.1265085794 0.01900360363)
(1.5 0.1265085794 0.01900360363)
(1.6 0.1265085794 0.01900360363)
(1.7 0.1265085794 0.01900360363)
(1.8 0.1265085794 0.01900360363)
(1.9 0.1265085794 0.01900360363)
(2 0.1265085794 0.01900360363)
(0 0.1444689432 0.01900360363)
(0.1 0.1444689432 0.01900360363)
(0.2 0.1444689432 0.01900360363)
(0.3 0.1444689432 0.01900360363)
(0.4 0.1444689432 0.01900360363)
(0.5 0.1444689432 0.01900360363)
(0.6 0.1444689432 0.01900360363)
(0.7 0.1444689432 0.01900360363)
(0.8 0.1444689432 0.01900360363)
(0.9 0.1444689432 0.01900360363)
(1 0.1444689432 0.01900360363)
(1.1 0.1444689432 0.01900360363)
(1.2 0.1444689432 0.01900360363)
(1.3 0.1444689432 0.01900360363)
(1.4 0.1444689432 0.01900360363)
(1.5 0.1444689432 0.01900360363)
(1.6 0.1444689432 0.01900360363)
(1.7 0.1444689432 0.01900360363)
(1.8 0.1444689432 0.01900360363)
(1.9 0.1444689432 0.01900360363)
(2 0.1444689432 0.01900360363)
(0 0.1636753917 0.01900360363)
(0.1 0.1636753917 0.01900360363)
(0.2 0.1636753917 0.01900360363)
(0.3 0.1636753917 0.01900360363)
(0.4 0.1636753917 0.01900360363)
(0.5 0.1636753917 0.01900360363)
(0.6 0.1636753917 0.01900360363)
(0.7 0.1636753917 0.01900360363)
(0.8 0.1636753917 0.01900360363)
(0.9 0.1636753917 0.01900360363)
(1 0.1636753917 0.01900360363)
(1.1 0.1636753917 0.01900360363)
(1.2 0.1636753917 0.01900360363)
(1.3 0.1636753917 0.01900360363)
(1.4 0.1636753917 0.01900360363)
(1.5 0.1636753917 0.01900360363)
(1.6 0.1636753917 0.01900360363)
(1.7 0.1636753917 0.01900360363)
(1.8 0.1636753917 0.01900360363)
(1.9 0.1636753917 0.01900360363)
(2 0.1636753917 0.01900360363)
(0 0.1842143777 0.01900360363)
(0.1 0.1842143777 0.01900360363)
(0.2 0.1842143777 0.01900360363)
(0.3 0.1842143777 0.01900360363)
(0.4 0.1842143777 0.01900360363)
(0.5 0.1842143777 0.01900360363)
(0.6 0.1842143777 0.01900360363)
(0.7 0.1842143777 0.01900360363)
(0.8 0.1842143777 0.01900360363)
(0.9 0.1842143777 0.01900360363)
(1 0.1842143777 0.01900360363)
(1.1 0.1842143777 0.01900360363)
(1.2 0.1842143777 0.01900360363)
(1.3 0.1842143777 0.01900360363)
(1.4 0.1842143777 0.01900360363)
(1.5 0.1842143777 0.01900360363)
(1.6 0.1842143777 0.01900360363)
(1.7 0.1842143777 0.01900360363)
(1.8 0.1842143777 0.01900360363)
(1.9 0.1842143777 0.01900360363)
(2 0.1842143777 0.01900360363)
(0 0.2061783524 0.01900360363)
(0.1 0.2061783524 0.01900360363)
(0.2 0.2061783524 0.01900360363)
(0.3 0.2061783524 0.01900360363)
(0.4 0.2061783524 0.01900360363)
(0.5 0.2061783524 0.01900360363)
(0.6 0.2061783524 0.01900360363)
(0.7 0.2061783524 0.01900360363)
(0.8 0.2061783524 0.01900360363)
(0.9 0.2061783524 0.01900360363)
(1 0.2061783524 0.01900360363)
(1.1 0.2061783524 0.01900360363)
(1.2 0.2061783524 0.01900360363)
(1.3 0.2061783524 0.01900360363)
(1.4 0.2061783524 0.01900360363)
(1.5 0.2061783524 0.01900360363)
(1.6 0.2061783524 0.01900360363)
(1.7 0.2061783524 0.01900360363)
(1.8 0.2061783524 0.01900360363)
(1.9 0.2061783524 0.01900360363)
(2 0.2061783524 0.01900360363)
(0 0.2296661811 0.01900360363)
(0.1 0.2296661811 0.01900360363)
(0.2 0.2296661811 0.01900360363)
(0.3 0.2296661811 0.01900360363)
(0.4 0.2296661811 0.01900360363)
(0.5 0.2296661811 0.01900360363)
(0.6 0.2296661811 0.01900360363)
(0.7 0.2296661811 0.01900360363)
(0.8 0.2296661811 0.01900360363)
(0.9 0.2296661811 0.01900360363)
(1 0.2296661811 0.01900360363)
(1.1 0.2296661811 0.01900360363)
(1.2 0.2296661811 0.01900360363)
(1.3 0.2296661811 0.01900360363)
(1.4 0.2296661811 0.01900360363)
(1.5 0.2296661811 0.01900360363)
(1.6 0.2296661811 0.01900360363)
(1.7 0.2296661811 0.01900360363)
(1.8 0.2296661811 0.01900360363)
(1.9 0.2296661811 0.01900360363)
(2 0.2296661811 0.01900360363)
(0 0.2547835882 0.01900360363)
(0.1 0.2547835882 0.01900360363)
(0.2 0.2547835882 0.01900360363)
(0.3 0.2547835882 0.01900360363)
(0.4 0.2547835882 0.01900360363)
(0.5 0.2547835882 0.01900360363)
(0.6 0.2547835882 0.01900360363)
(0.7 0.2547835882 0.01900360363)
(0.8 0.2547835882 0.01900360363)
(0.9 0.2547835882 0.01900360363)
(1 0.2547835882 0.01900360363)
(1.1 0.2547835882 0.01900360363)
(1.2 0.2547835882 0.01900360363)
(1.3 0.2547835882 0.01900360363)
(1.4 0.2547835882 0.01900360363)
(1.5 0.2547835882 0.01900360363)
(1.6 0.2547835882 0.01900360363)
(1.7 0.2547835882 0.01900360363)
(1.8 0.2547835882 0.01900360363)
(1.9 0.2547835882 0.01900360363)
(2 0.2547835882 0.01900360363)
(0 0.2816436335 0.01900360363)
(0.1 0.2816436335 0.01900360363)
(0.2 0.2816436335 0.01900360363)
(0.3 0.2816436335 0.01900360363)
(0.4 0.2816436335 0.01900360363)
(0.5 0.2816436335 0.01900360363)
(0.6 0.2816436335 0.01900360363)
(0.7 0.2816436335 0.01900360363)
(0.8 0.2816436335 0.01900360363)
(0.9 0.2816436335 0.01900360363)
(1 0.2816436335 0.01900360363)
(1.1 0.2816436335 0.01900360363)
(1.2 0.2816436335 0.01900360363)
(1.3 0.2816436335 0.01900360363)
(1.4 0.2816436335 0.01900360363)
(1.5 0.2816436335 0.01900360363)
(1.6 0.2816436335 0.01900360363)
(1.7 0.2816436335 0.01900360363)
(1.8 0.2816436335 0.01900360363)
(1.9 0.2816436335 0.01900360363)
(2 0.2816436335 0.01900360363)
(0 0.3103672206 0.01900360363)
(0.1 0.3103672206 0.01900360363)
(0.2 0.3103672206 0.01900360363)
(0.3 0.3103672206 0.01900360363)
(0.4 0.3103672206 0.01900360363)
(0.5 0.3103672206 0.01900360363)
(0.6 0.3103672206 0.01900360363)
(0.7 0.3103672206 0.01900360363)
(0.8 0.3103672206 0.01900360363)
(0.9 0.3103672206 0.01900360363)
(1 0.3103672206 0.01900360363)
(1.1 0.3103672206 0.01900360363)
(1.2 0.3103672206 0.01900360363)
(1.3 0.3103672206 0.01900360363)
(1.4 0.3103672206 0.01900360363)
(1.5 0.3103672206 0.01900360363)
(1.6 0.3103672206 0.01900360363)
(1.7 0.3103672206 0.01900360363)
(1.8 0.3103672206 0.01900360363)
(1.9 0.3103672206 0.01900360363)
(2 0.3103672206 0.01900360363)
(0 0.3410836415 0.01900360363)
(0.1 0.3410836415 0.01900360363)
(0.2 0.3410836415 0.01900360363)
(0.3 0.3410836415 0.01900360363)
(0.4 0.3410836415 0.01900360363)
(0.5 0.3410836415 0.01900360363)
(0.6 0.3410836415 0.01900360363)
(0.7 0.3410836415 0.01900360363)
(0.8 0.3410836415 0.01900360363)
(0.9 0.3410836415 0.01900360363)
(1 0.3410836415 0.01900360363)
(1.1 0.3410836415 0.01900360363)
(1.2 0.3410836415 0.01900360363)
(1.3 0.3410836415 0.01900360363)
(1.4 0.3410836415 0.01900360363)
(1.5 0.3410836415 0.01900360363)
(1.6 0.3410836415 0.01900360363)
(1.7 0.3410836415 0.01900360363)
(1.8 0.3410836415 0.01900360363)
(1.9 0.3410836415 0.01900360363)
(2 0.3410836415 0.01900360363)
(0 0.3739311585 0.01900360363)
(0.1 0.3739311585 0.01900360363)
(0.2 0.3739311585 0.01900360363)
(0.3 0.3739311585 0.01900360363)
(0.4 0.3739311585 0.01900360363)
(0.5 0.3739311585 0.01900360363)
(0.6 0.3739311585 0.01900360363)
(0.7 0.3739311585 0.01900360363)
(0.8 0.3739311585 0.01900360363)
(0.9 0.3739311585 0.01900360363)
(1 0.3739311585 0.01900360363)
(1.1 0.3739311585 0.01900360363)
(1.2 0.3739311585 0.01900360363)
(1.3 0.3739311585 0.01900360363)
(1.4 0.3739311585 0.01900360363)
(1.5 0.3739311585 0.01900360363)
(1.6 0.3739311585 0.01900360363)
(1.7 0.3739311585 0.01900360363)
(1.8 0.3739311585 0.01900360363)
(1.9 0.3739311585 0.01900360363)
(2 0.3739311585 0.01900360363)
(0 0.4090576263 0.01900360363)
(0.1 0.4090576263 0.01900360363)
(0.2 0.4090576263 0.01900360363)
(0.3 0.4090576263 0.01900360363)
(0.4 0.4090576263 0.01900360363)
(0.5 0.4090576263 0.01900360363)
(0.6 0.4090576263 0.01900360363)
(0.7 0.4090576263 0.01900360363)
(0.8 0.4090576263 0.01900360363)
(0.9 0.4090576263 0.01900360363)
(1 0.4090576263 0.01900360363)
(1.1 0.4090576263 0.01900360363)
(1.2 0.4090576263 0.01900360363)
(1.3 0.4090576263 0.01900360363)
(1.4 0.4090576263 0.01900360363)
(1.5 0.4090576263 0.01900360363)
(1.6 0.4090576263 0.01900360363)
(1.7 0.4090576263 0.01900360363)
(1.8 0.4090576263 0.01900360363)
(1.9 0.4090576263 0.01900360363)
(2 0.4090576263 0.01900360363)
(0 0.4466211578 0.01900360363)
(0.1 0.4466211578 0.01900360363)
(0.2 0.4466211578 0.01900360363)
(0.3 0.4466211578 0.01900360363)
(0.4 0.4466211578 0.01900360363)
(0.5 0.4466211578 0.01900360363)
(0.6 0.4466211578 0.01900360363)
(0.7 0.4466211578 0.01900360363)
(0.8 0.4466211578 0.01900360363)
(0.9 0.4466211578 0.01900360363)
(1 0.4466211578 0.01900360363)
(1.1 0.4466211578 0.01900360363)
(1.2 0.4466211578 0.01900360363)
(1.3 0.4466211578 0.01900360363)
(1.4 0.4466211578 0.01900360363)
(1.5 0.4466211578 0.01900360363)
(1.6 0.4466211578 0.01900360363)
(1.7 0.4466211578 0.01900360363)
(1.8 0.4466211578 0.01900360363)
(1.9 0.4466211578 0.01900360363)
(2 0.4466211578 0.01900360363)
(0 0.4867908358 0.01900360363)
(0.1 0.4867908358 0.01900360363)
(0.2 0.4867908358 0.01900360363)
(0.3 0.4867908358 0.01900360363)
(0.4 0.4867908358 0.01900360363)
(0.5 0.4867908358 0.01900360363)
(0.6 0.4867908358 0.01900360363)
(0.7 0.4867908358 0.01900360363)
(0.8 0.4867908358 0.01900360363)
(0.9 0.4867908358 0.01900360363)
(1 0.4867908358 0.01900360363)
(1.1 0.4867908358 0.01900360363)
(1.2 0.4867908358 0.01900360363)
(1.3 0.4867908358 0.01900360363)
(1.4 0.4867908358 0.01900360363)
(1.5 0.4867908358 0.01900360363)
(1.6 0.4867908358 0.01900360363)
(1.7 0.4867908358 0.01900360363)
(1.8 0.4867908358 0.01900360363)
(1.9 0.4867908358 0.01900360363)
(2 0.4867908358 0.01900360363)
(0 0.529747474 0.01900360363)
(0.1 0.529747474 0.01900360363)
(0.2 0.529747474 0.01900360363)
(0.3 0.529747474 0.01900360363)
(0.4 0.529747474 0.01900360363)
(0.5 0.529747474 0.01900360363)
(0.6 0.529747474 0.01900360363)
(0.7 0.529747474 0.01900360363)
(0.8 0.529747474 0.01900360363)
(0.9 0.529747474 0.01900360363)
(1 0.529747474 0.01900360363)
(1.1 0.529747474 0.01900360363)
(1.2 0.529747474 0.01900360363)
(1.3 0.529747474 0.01900360363)
(1.4 0.529747474 0.01900360363)
(1.5 0.529747474 0.01900360363)
(1.6 0.529747474 0.01900360363)
(1.7 0.529747474 0.01900360363)
(1.8 0.529747474 0.01900360363)
(1.9 0.529747474 0.01900360363)
(2 0.529747474 0.01900360363)
(0 0.5756844308 0.01900360363)
(0.1 0.5756844308 0.01900360363)
(0.2 0.5756844308 0.01900360363)
(0.3 0.5756844308 0.01900360363)
(0.4 0.5756844308 0.01900360363)
(0.5 0.5756844308 0.01900360363)
(0.6 0.5756844308 0.01900360363)
(0.7 0.5756844308 0.01900360363)
(0.8 0.5756844308 0.01900360363)
(0.9 0.5756844308 0.01900360363)
(1 0.5756844308 0.01900360363)
(1.1 0.5756844308 0.01900360363)
(1.2 0.5756844308 0.01900360363)
(1.3 0.5756844308 0.01900360363)
(1.4 0.5756844308 0.01900360363)
(1.5 0.5756844308 0.01900360363)
(1.6 0.5756844308 0.01900360363)
(1.7 0.5756844308 0.01900360363)
(1.8 0.5756844308 0.01900360363)
(1.9 0.5756844308 0.01900360363)
(2 0.5756844308 0.01900360363)
(0 0.6248084798 0.01900360363)
(0.1 0.6248084798 0.01900360363)
(0.2 0.6248084798 0.01900360363)
(0.3 0.6248084798 0.01900360363)
(0.4 0.6248084798 0.01900360363)
(0.5 0.6248084798 0.01900360363)
(0.6 0.6248084798 0.01900360363)
(0.7 0.6248084798 0.01900360363)
(0.8 0.6248084798 0.01900360363)
(0.9 0.6248084798 0.01900360363)
(1 0.6248084798 0.01900360363)
(1.1 0.6248084798 0.01900360363)
(1.2 0.6248084798 0.01900360363)
(1.3 0.6248084798 0.01900360363)
(1.4 0.6248084798 0.01900360363)
(1.5 0.6248084798 0.01900360363)
(1.6 0.6248084798 0.01900360363)
(1.7 0.6248084798 0.01900360363)
(1.8 0.6248084798 0.01900360363)
(1.9 0.6248084798 0.01900360363)
(2 0.6248084798 0.01900360363)
(0 0.6773407405 0.01900360363)
(0.1 0.6773407405 0.01900360363)
(0.2 0.6773407405 0.01900360363)
(0.3 0.6773407405 0.01900360363)
(0.4 0.6773407405 0.01900360363)
(0.5 0.6773407405 0.01900360363)
(0.6 0.6773407405 0.01900360363)
(0.7 0.6773407405 0.01900360363)
(0.8 0.6773407405 0.01900360363)
(0.9 0.6773407405 0.01900360363)
(1 0.6773407405 0.01900360363)
(1.1 0.6773407405 0.01900360363)
(1.2 0.6773407405 0.01900360363)
(1.3 0.6773407405 0.01900360363)
(1.4 0.6773407405 0.01900360363)
(1.5 0.6773407405 0.01900360363)
(1.6 0.6773407405 0.01900360363)
(1.7 0.6773407405 0.01900360363)
(1.8 0.6773407405 0.01900360363)
(1.9 0.6773407405 0.01900360363)
(2 0.6773407405 0.01900360363)
(0 0.7335176736 0.01900360363)
(0.1 0.7335176736 0.01900360363)
(0.2 0.7335176736 0.01900360363)
(0.3 0.7335176736 0.01900360363)
(0.4 0.7335176736 0.01900360363)
(0.5 0.7335176736 0.01900360363)
(0.6 0.7335176736 0.01900360363)
(0.7 0.7335176736 0.01900360363)
(0.8 0.7335176736 0.01900360363)
(0.9 0.7335176736 0.01900360363)
(1 0.7335176736 0.01900360363)
(1.1 0.7335176736 0.01900360363)
(1.2 0.7335176736 0.01900360363)
(1.3 0.7335176736 0.01900360363)
(1.4 0.7335176736 0.01900360363)
(1.5 0.7335176736 0.01900360363)
(1.6 0.7335176736 0.01900360363)
(1.7 0.7335176736 0.01900360363)
(1.8 0.7335176736 0.01900360363)
(1.9 0.7335176736 0.01900360363)
(2 0.7335176736 0.01900360363)
(0 0.7935921454 0.01900360363)
(0.1 0.7935921454 0.01900360363)
(0.2 0.7935921454 0.01900360363)
(0.3 0.7935921454 0.01900360363)
(0.4 0.7935921454 0.01900360363)
(0.5 0.7935921454 0.01900360363)
(0.6 0.7935921454 0.01900360363)
(0.7 0.7935921454 0.01900360363)
(0.8 0.7935921454 0.01900360363)
(0.9 0.7935921454 0.01900360363)
(1 0.7935921454 0.01900360363)
(1.1 0.7935921454 0.01900360363)
(1.2 0.7935921454 0.01900360363)
(1.3 0.7935921454 0.01900360363)
(1.4 0.7935921454 0.01900360363)
(1.5 0.7935921454 0.01900360363)
(1.6 0.7935921454 0.01900360363)
(1.7 0.7935921454 0.01900360363)
(1.8 0.7935921454 0.01900360363)
(1.9 0.7935921454 0.01900360363)
(2 0.7935921454 0.01900360363)
(0 0.857834566 0.01900360363)
(0.1 0.857834566 0.01900360363)
(0.2 0.857834566 0.01900360363)
(0.3 0.857834566 0.01900360363)
(0.4 0.857834566 0.01900360363)
(0.5 0.857834566 0.01900360363)
(0.6 0.857834566 0.01900360363)
(0.7 0.857834566 0.01900360363)
(0.8 0.857834566 0.01900360363)
(0.9 0.857834566 0.01900360363)
(1 0.857834566 0.01900360363)
(1.1 0.857834566 0.01900360363)
(1.2 0.857834566 0.01900360363)
(1.3 0.857834566 0.01900360363)
(1.4 0.857834566 0.01900360363)
(1.5 0.857834566 0.01900360363)
(1.6 0.857834566 0.01900360363)
(1.7 0.857834566 0.01900360363)
(1.8 0.857834566 0.01900360363)
(1.9 0.857834566 0.01900360363)
(2 0.857834566 0.01900360363)
(0 0.9265341063 0.01900360363)
(0.1 0.9265341063 0.01900360363)
(0.2 0.9265341063 0.01900360363)
(0.3 0.9265341063 0.01900360363)
(0.4 0.9265341063 0.01900360363)
(0.5 0.9265341063 0.01900360363)
(0.6 0.9265341063 0.01900360363)
(0.7 0.9265341063 0.01900360363)
(0.8 0.9265341063 0.01900360363)
(0.9 0.9265341063 0.01900360363)
(1 0.9265341063 0.01900360363)
(1.1 0.9265341063 0.01900360363)
(1.2 0.9265341063 0.01900360363)
(1.3 0.9265341063 0.01900360363)
(1.4 0.9265341063 0.01900360363)
(1.5 0.9265341063 0.01900360363)
(1.6 0.9265341063 0.01900360363)
(1.7 0.9265341063 0.01900360363)
(1.8 0.9265341063 0.01900360363)
(1.9 0.9265341063 0.01900360363)
(2 0.9265341063 0.01900360363)
(0 1 0.01900360363)
(0.1 1 0.01900360363)
(0.2 1 0.01900360363)
(0.3 1 0.01900360363)
(0.4 1 0.01900360363)
(0.5 1 0.01900360363)
(0.6 1 0.01900360363)
(0.7 1 0.01900360363)
(0.8 1 0.01900360363)
(0.9 1 0.01900360363)
(1 1 0.01900360363)
(1.1 1 0.01900360363)
(1.2 1 0.01900360363)
(1.3 1 0.01900360363)
(1.4 1 0.01900360363)
(1.5 1 0.01900360363)
(1.6 1 0.01900360363)
(1.7 1 0.01900360363)
(1.8 1 0.01900360363)
(1.9 1 0.01900360363)
(2 1 0.01900360363)
(0 0 0.02950530463)
(0.1 0 0.02950530463)
(0.2 0 0.02950530463)
(0.3 0 0.02950530463)
(0.4 0 0.02950530463)
(0.5 0 0.02950530463)
(0.6 0 0.02950530463)
(0.7 0 0.02950530463)
(0.8 0 0.02950530463)
(0.9 0 0.02950530463)
(1 0 0.02950530463)
(1.1 0 0.02950530463)
(1.2 0 0.02950530463)
(1.3 0 0.02950530463)
(1.4 0 0.02950530463)
(1.5 0 0.02950530463)
(1.6 0 0.02950530463)
(1.7 0 0.02950530463)
(1.8 0 0.02950530463)
(1.9 0 0.02950530463)
(2 0 0.02950530463)
(0 0.009183236716 0.02950530463)
(0.1 0.009183236716 0.02950530463)
(0.2 0.009183236716 0.02950530463)
(0.3 0.009183236716 0.02950530463)
(0.4 0.009183236716 0.02950530463)
(0.5 0.009183236716 0.02950530463)
(0.6 0.009183236716 0.02950530463)
(0.7 0.009183236716 0.02950530463)
(0.8 0.009183236716 0.02950530463)
(0.9 0.009183236716 0.02950530463)
(1 0.009183236716 0.02950530463)
(1.1 0.009183236716 0.02950530463)
(1.2 0.009183236716 0.02950530463)
(1.3 0.009183236716 0.02950530463)
(1.4 0.009183236716 0.02950530463)
(1.5 0.009183236716 0.02950530463)
(1.6 0.009183236716 0.02950530463)
(1.7 0.009183236716 0.02950530463)
(1.8 0.009183236716 0.02950530463)
(1.9 0.009183236716 0.02950530463)
(2 0.009183236716 0.02950530463)
(0 0.01900360363 0.02950530463)
(0.1 0.01900360363 0.02950530463)
(0.2 0.01900360363 0.02950530463)
(0.3 0.01900360363 0.02950530463)
(0.4 0.01900360363 0.02950530463)
(0.5 0.01900360363 0.02950530463)
(0.6 0.01900360363 0.02950530463)
(0.7 0.01900360363 0.02950530463)
(0.8 0.01900360363 0.02950530463)
(0.9 0.01900360363 0.02950530463)
(1 0.01900360363 0.02950530463)
(1.1 0.01900360363 0.02950530463)
(1.2 0.01900360363 0.02950530463)
(1.3 0.01900360363 0.02950530463)
(1.4 0.01900360363 0.02950530463)
(1.5 0.01900360363 0.02950530463)
(1.6 0.01900360363 0.02950530463)
(1.7 0.01900360363 0.02950530463)
(1.8 0.01900360363 0.02950530463)
(1.9 0.01900360363 0.02950530463)
(2 0.01900360363 0.02950530463)
(0 0.02950530463 0.02950530463)
(0.1 0.02950530463 0.02950530463)
(0.2 0.02950530463 0.02950530463)
(0.3 0.02950530463 0.02950530463)
(0.4 0.02950530463 0.02950530463)
(0.5 0.02950530463 0.02950530463)
(0.6 0.02950530463 0.02950530463)
(0.7 0.02950530463 0.02950530463)
(0.8 0.02950530463 0.02950530463)
(0.9 0.02950530463 0.02950530463)
(1 0.02950530463 0.02950530463)
(1.1 0.02950530463 0.02950530463)
(1.2 0.02950530463 0.02950530463)
(1.3 0.02950530463 0.02950530463)
(1.4 0.02950530463 0.02950530463)
(1.5 0.02950530463 0.02950530463)
(1.6 0.02950530463 0.02950530463)
(1.7 0.02950530463 0.02950530463)
(1.8 0.02950530463 0.02950530463)
(1.9 0.02950530463 0.02950530463)
(2 0.02950530463 0.02950530463)
(0 0.04073561049 0.02950530463)
(0.1 0.04073561049 0.02950530463)
(0.2 0.04073561049 0.02950530463)
(0.3 0.04073561049 0.02950530463)
(0.4 0.04073561049 0.02950530463)
(0.5 0.04073561049 0.02950530463)
(0.6 0.04073561049 0.02950530463)
(0.7 0.04073561049 0.02950530463)
(0.8 0.04073561049 0.02950530463)
(0.9 0.04073561049 0.02950530463)
(1 0.04073561049 0.02950530463)
(1.1 0.04073561049 0.02950530463)
(1.2 0.04073561049 0.02950530463)
(1.3 0.04073561049 0.02950530463)
(1.4 0.04073561049 0.02950530463)
(1.5 0.04073561049 0.02950530463)
(1.6 0.04073561049 0.02950530463)
(1.7 0.04073561049 0.02950530463)
(1.8 0.04073561049 0.02950530463)
(1.9 0.04073561049 0.02950530463)
(2 0.04073561049 0.02950530463)
(0 0.05274507158 0.02950530463)
(0.1 0.05274507158 0.02950530463)
(0.2 0.05274507158 0.02950530463)
(0.3 0.05274507158 0.02950530463)
(0.4 0.05274507158 0.02950530463)
(0.5 0.05274507158 0.02950530463)
(0.6 0.05274507158 0.02950530463)
(0.7 0.05274507158 0.02950530463)
(0.8 0.05274507158 0.02950530463)
(0.9 0.05274507158 0.02950530463)
(1 0.05274507158 0.02950530463)
(1.1 0.05274507158 0.02950530463)
(1.2 0.05274507158 0.02950530463)
(1.3 0.05274507158 0.02950530463)
(1.4 0.05274507158 0.02950530463)
(1.5 0.05274507158 0.02950530463)
(1.6 0.05274507158 0.02950530463)
(1.7 0.05274507158 0.02950530463)
(1.8 0.05274507158 0.02950530463)
(1.9 0.05274507158 0.02950530463)
(2 0.05274507158 0.02950530463)
(0 0.06558774547 0.02950530463)
(0.1 0.06558774547 0.02950530463)
(0.2 0.06558774547 0.02950530463)
(0.3 0.06558774547 0.02950530463)
(0.4 0.06558774547 0.02950530463)
(0.5 0.06558774547 0.02950530463)
(0.6 0.06558774547 0.02950530463)
(0.7 0.06558774547 0.02950530463)
(0.8 0.06558774547 0.02950530463)
(0.9 0.06558774547 0.02950530463)
(1 0.06558774547 0.02950530463)
(1.1 0.06558774547 0.02950530463)
(1.2 0.06558774547 0.02950530463)
(1.3 0.06558774547 0.02950530463)
(1.4 0.06558774547 0.02950530463)
(1.5 0.06558774547 0.02950530463)
(1.6 0.06558774547 0.02950530463)
(1.7 0.06558774547 0.02950530463)
(1.8 0.06558774547 0.02950530463)
(1.9 0.06558774547 0.02950530463)
(2 0.06558774547 0.02950530463)
(0 0.07932144019 0.02950530463)
(0.1 0.07932144019 0.02950530463)
(0.2 0.07932144019 0.02950530463)
(0.3 0.07932144019 0.02950530463)
(0.4 0.07932144019 0.02950530463)
(0.5 0.07932144019 0.02950530463)
(0.6 0.07932144019 0.02950530463)
(0.7 0.07932144019 0.02950530463)
(0.8 0.07932144019 0.02950530463)
(0.9 0.07932144019 0.02950530463)
(1 0.07932144019 0.02950530463)
(1.1 0.07932144019 0.02950530463)
(1.2 0.07932144019 0.02950530463)
(1.3 0.07932144019 0.02950530463)
(1.4 0.07932144019 0.02950530463)
(1.5 0.07932144019 0.02950530463)
(1.6 0.07932144019 0.02950530463)
(1.7 0.07932144019 0.02950530463)
(1.8 0.07932144019 0.02950530463)
(1.9 0.07932144019 0.02950530463)
(2 0.07932144019 0.02950530463)
(0 0.09400797452 0.02950530463)
(0.1 0.09400797452 0.02950530463)
(0.2 0.09400797452 0.02950530463)
(0.3 0.09400797452 0.02950530463)
(0.4 0.09400797452 0.02950530463)
(0.5 0.09400797452 0.02950530463)
(0.6 0.09400797452 0.02950530463)
(0.7 0.09400797452 0.02950530463)
(0.8 0.09400797452 0.02950530463)
(0.9 0.09400797452 0.02950530463)
(1 0.09400797452 0.02950530463)
(1.1 0.09400797452 0.02950530463)
(1.2 0.09400797452 0.02950530463)
(1.3 0.09400797452 0.02950530463)
(1.4 0.09400797452 0.02950530463)
(1.5 0.09400797452 0.02950530463)
(1.6 0.09400797452 0.02950530463)
(1.7 0.09400797452 0.02950530463)
(1.8 0.09400797452 0.02950530463)
(1.9 0.09400797452 0.02950530463)
(2 0.09400797452 0.02950530463)
(0 0.1097134562 0.02950530463)
(0.1 0.1097134562 0.02950530463)
(0.2 0.1097134562 0.02950530463)
(0.3 0.1097134562 0.02950530463)
(0.4 0.1097134562 0.02950530463)
(0.5 0.1097134562 0.02950530463)
(0.6 0.1097134562 0.02950530463)
(0.7 0.1097134562 0.02950530463)
(0.8 0.1097134562 0.02950530463)
(0.9 0.1097134562 0.02950530463)
(1 0.1097134562 0.02950530463)
(1.1 0.1097134562 0.02950530463)
(1.2 0.1097134562 0.02950530463)
(1.3 0.1097134562 0.02950530463)
(1.4 0.1097134562 0.02950530463)
(1.5 0.1097134562 0.02950530463)
(1.6 0.1097134562 0.02950530463)
(1.7 0.1097134562 0.02950530463)
(1.8 0.1097134562 0.02950530463)
(1.9 0.1097134562 0.02950530463)
(2 0.1097134562 0.02950530463)
(0 0.1265085794 0.02950530463)
(0.1 0.1265085794 0.02950530463)
(0.2 0.1265085794 0.02950530463)
(0.3 0.1265085794 0.02950530463)
(0.4 0.1265085794 0.02950530463)
(0.5 0.1265085794 0.02950530463)
(0.6 0.1265085794 0.02950530463)
(0.7 0.1265085794 0.02950530463)
(0.8 0.1265085794 0.02950530463)
(0.9 0.1265085794 0.02950530463)
(1 0.1265085794 0.02950530463)
(1.1 0.1265085794 0.02950530463)
(1.2 0.1265085794 0.02950530463)
(1.3 0.1265085794 0.02950530463)
(1.4 0.1265085794 0.02950530463)
(1.5 0.1265085794 0.02950530463)
(1.6 0.1265085794 0.02950530463)
(1.7 0.1265085794 0.02950530463)
(1.8 0.1265085794 0.02950530463)
(1.9 0.1265085794 0.02950530463)
(2 0.1265085794 0.02950530463)
(0 0.1444689432 0.02950530463)
(0.1 0.1444689432 0.02950530463)
(0.2 0.1444689432 0.02950530463)
(0.3 0.1444689432 0.02950530463)
(0.4 0.1444689432 0.02950530463)
(0.5 0.1444689432 0.02950530463)
(0.6 0.1444689432 0.02950530463)
(0.7 0.1444689432 0.02950530463)
(0.8 0.1444689432 0.02950530463)
(0.9 0.1444689432 0.02950530463)
(1 0.1444689432 0.02950530463)
(1.1 0.1444689432 0.02950530463)
(1.2 0.1444689432 0.02950530463)
(1.3 0.1444689432 0.02950530463)
(1.4 0.1444689432 0.02950530463)
(1.5 0.1444689432 0.02950530463)
(1.6 0.1444689432 0.02950530463)
(1.7 0.1444689432 0.02950530463)
(1.8 0.1444689432 0.02950530463)
(1.9 0.1444689432 0.02950530463)
(2 0.1444689432 0.02950530463)
(0 0.1636753917 0.02950530463)
(0.1 0.1636753917 0.02950530463)
(0.2 0.1636753917 0.02950530463)
(0.3 0.1636753917 0.02950530463)
(0.4 0.1636753917 0.02950530463)
(0.5 0.1636753917 0.02950530463)
(0.6 0.1636753917 0.02950530463)
(0.7 0.1636753917 0.02950530463)
(0.8 0.1636753917 0.02950530463)
(0.9 0.1636753917 0.02950530463)
(1 0.1636753917 0.02950530463)
(1.1 0.1636753917 0.02950530463)
(1.2 0.1636753917 0.02950530463)
(1.3 0.1636753917 0.02950530463)
(1.4 0.1636753917 0.02950530463)
(1.5 0.1636753917 0.02950530463)
(1.6 0.1636753917 0.02950530463)
(1.7 0.1636753917 0.02950530463)
(1.8 0.1636753917 0.02950530463)
(1.9 0.1636753917 0.02950530463)
(2 0.1636753917 0.02950530463)
(0 0.1842143777 0.02950530463)
(0.1 0.1842143777 0.02950530463)
(0.2 0.1842143777 0.02950530463)
(0.3 0.1842143777 0.02950530463)
(0.4 0.1842143777 0.02950530463)
(0.5 0.1842143777 0.02950530463)
(0.6 0.1842143777 0.02950530463)
(0.7 0.1842143777 0.02950530463)
(0.8 0.1842143777 0.02950530463)
(0.9 0.1842143777 0.02950530463)
(1 0.1842143777 0.02950530463)
(1.1 0.1842143777 0.02950530463)
(1.2 0.1842143777 0.02950530463)
(1.3 0.1842143777 0.02950530463)
(1.4 0.1842143777 0.02950530463)
(1.5 0.1842143777 0.02950530463)
(1.6 0.1842143777 0.02950530463)
(1.7 0.1842143777 0.02950530463)
(1.8 0.1842143777 0.02950530463)
(1.9 0.1842143777 0.02950530463)
(2 0.1842143777 0.02950530463)
(0 0.2061783524 0.02950530463)
(0.1 0.2061783524 0.02950530463)
(0.2 0.2061783524 0.02950530463)
(0.3 0.2061783524 0.02950530463)
(0.4 0.2061783524 0.02950530463)
(0.5 0.2061783524 0.02950530463)
(0.6 0.2061783524 0.02950530463)
(0.7 0.2061783524 0.02950530463)
(0.8 0.2061783524 0.02950530463)
(0.9 0.2061783524 0.02950530463)
(1 0.2061783524 0.02950530463)
(1.1 0.2061783524 0.02950530463)
(1.2 0.2061783524 0.02950530463)
(1.3 0.2061783524 0.02950530463)
(1.4 0.2061783524 0.02950530463)
(1.5 0.2061783524 0.02950530463)
(1.6 0.2061783524 0.02950530463)
(1.7 0.2061783524 0.02950530463)
(1.8 0.2061783524 0.02950530463)
(1.9 0.2061783524 0.02950530463)
(2 0.2061783524 0.02950530463)
(0 0.2296661811 0.02950530463)
(0.1 0.2296661811 0.02950530463)
(0.2 0.2296661811 0.02950530463)
(0.3 0.2296661811 0.02950530463)
(0.4 0.2296661811 0.02950530463)
(0.5 0.2296661811 0.02950530463)
(0.6 0.2296661811 0.02950530463)
(0.7 0.2296661811 0.02950530463)
(0.8 0.2296661811 0.02950530463)
(0.9 0.2296661811 0.02950530463)
(1 0.2296661811 0.02950530463)
(1.1 0.2296661811 0.02950530463)
(1.2 0.2296661811 0.02950530463)
(1.3 0.2296661811 0.02950530463)
(1.4 0.2296661811 0.02950530463)
(1.5 0.2296661811 0.02950530463)
(1.6 0.2296661811 0.02950530463)
(1.7 0.2296661811 0.02950530463)
(1.8 0.2296661811 0.02950530463)
(1.9 0.2296661811 0.02950530463)
(2 0.2296661811 0.02950530463)
(0 0.2547835882 0.02950530463)
(0.1 0.2547835882 0.02950530463)
(0.2 0.2547835882 0.02950530463)
(0.3 0.2547835882 0.02950530463)
(0.4 0.2547835882 0.02950530463)
(0.5 0.2547835882 0.02950530463)
(0.6 0.2547835882 0.02950530463)
(0.7 0.2547835882 0.02950530463)
(0.8 0.2547835882 0.02950530463)
(0.9 0.2547835882 0.02950530463)
(1 0.2547835882 0.02950530463)
(1.1 0.2547835882 0.02950530463)
(1.2 0.2547835882 0.02950530463)
(1.3 0.2547835882 0.02950530463)
(1.4 0.2547835882 0.02950530463)
(1.5 0.2547835882 0.02950530463)
(1.6 0.2547835882 0.02950530463)
(1.7 0.2547835882 0.02950530463)
(1.8 0.2547835882 0.02950530463)
(1.9 0.2547835882 0.02950530463)
(2 0.2547835882 0.02950530463)
(0 0.2816436335 0.02950530463)
(0.1 0.2816436335 0.02950530463)
(0.2 0.2816436335 0.02950530463)
(0.3 0.2816436335 0.02950530463)
(0.4 0.2816436335 0.02950530463)
(0.5 0.2816436335 0.02950530463)
(0.6 0.2816436335 0.02950530463)
(0.7 0.2816436335 0.02950530463)
(0.8 0.2816436335 0.02950530463)
(0.9 0.2816436335 0.02950530463)
(1 0.2816436335 0.02950530463)
(1.1 0.2816436335 0.02950530463)
(1.2 0.2816436335 0.02950530463)
(1.3 0.2816436335 0.02950530463)
(1.4 0.2816436335 0.02950530463)
(1.5 0.2816436335 0.02950530463)
(1.6 0.2816436335 0.02950530463)
(1.7 0.2816436335 0.02950530463)
(1.8 0.2816436335 0.02950530463)
(1.9 0.2816436335 0.02950530463)
(2 0.2816436335 0.02950530463)
(0 0.3103672206 0.02950530463)
(0.1 0.3103672206 0.02950530463)
(0.2 0.3103672206 0.02950530463)
(0.3 0.3103672206 0.02950530463)
(0.4 0.3103672206 0.02950530463)
(0.5 0.3103672206 0.02950530463)
(0.6 0.3103672206 0.02950530463)
(0.7 0.3103672206 0.02950530463)
(0.8 0.3103672206 0.02950530463)
(0.9 0.3103672206 0.02950530463)
(1 0.3103672206 0.02950530463)
(1.1 0.3103672206 0.02950530463)
(1.2 0.3103672206 0.02950530463)
(1.3 0.3103672206 0.02950530463)
(1.4 0.3103672206 0.02950530463)
(1.5 0.3103672206 0.02950530463)
(1.6 0.3103672206 0.02950530463)
(1.7 0.3103672206 0.02950530463)
(1.8 0.3103672206 0.02950530463)
(1.9 0.3103672206 0.02950530463)
(2 0.3103672206 0.02950530463)
(0 0.3410836415 0.02950530463)
(0.1 0.3410836415 0.02950530463)
(0.2 0.3410836415 0.02950530463)
(0.3 0.3410836415 0.02950530463)
(0.4 0.3410836415 0.02950530463)
(0.5 0.3410836415 0.02950530463)
(0.6 0.3410836415 0.02950530463)
(0.7 0.3410836415 0.02950530463)
(0.8 0.3410836415 0.02950530463)
(0.9 0.3410836415 0.02950530463)
(1 0.3410836415 0.02950530463)
(1.1 0.3410836415 0.02950530463)
(1.2 0.3410836415 0.02950530463)
(1.3 0.3410836415 0.02950530463)
(1.4 0.3410836415 0.02950530463)
(1.5 0.3410836415 0.02950530463)
(1.6 0.3410836415 0.02950530463)
(1.7 0.3410836415 0.02950530463)
(1.8 0.3410836415 0.02950530463)
(1.9 0.3410836415 0.02950530463)
(2 0.3410836415 0.02950530463)
(0 0.3739311585 0.02950530463)
(0.1 0.3739311585 0.02950530463)
(0.2 0.3739311585 0.02950530463)
(0.3 0.3739311585 0.02950530463)
(0.4 0.3739311585 0.02950530463)
(0.5 0.3739311585 0.02950530463)
(0.6 0.3739311585 0.02950530463)
(0.7 0.3739311585 0.02950530463)
(0.8 0.3739311585 0.02950530463)
(0.9 0.3739311585 0.02950530463)
(1 0.3739311585 0.02950530463)
(1.1 0.3739311585 0.02950530463)
(1.2 0.3739311585 0.02950530463)
(1.3 0.3739311585 0.02950530463)
(1.4 0.3739311585 0.02950530463)
(1.5 0.3739311585 0.02950530463)
(1.6 0.3739311585 0.02950530463)
(1.7 0.3739311585 0.02950530463)
(1.8 0.3739311585 0.02950530463)
(1.9 0.3739311585 0.02950530463)
(2 0.3739311585 0.02950530463)
(0 0.4090576263 0.02950530463)
(0.1 0.4090576263 0.02950530463)
(0.2 0.4090576263 0.02950530463)
(0.3 0.4090576263 0.02950530463)
(0.4 0.4090576263 0.02950530463)
(0.5 0.4090576263 0.02950530463)
(0.6 0.4090576263 0.02950530463)
(0.7 0.4090576263 0.02950530463)
(0.8 0.4090576263 0.02950530463)
(0.9 0.4090576263 0.02950530463)
(1 0.4090576263 0.02950530463)
(1.1 0.4090576263 0.02950530463)
(1.2 0.4090576263 0.02950530463)
(1.3 0.4090576263 0.02950530463)
(1.4 0.4090576263 0.02950530463)
(1.5 0.4090576263 0.02950530463)
(1.6 0.4090576263 0.02950530463)
(1.7 0.4090576263 0.02950530463)
(1.8 0.4090576263 0.02950530463)
(1.9 0.4090576263 0.02950530463)
(2 0.4090576263 0.02950530463)
(0 0.4466211578 0.02950530463)
(0.1 0.4466211578 0.02950530463)
(0.2 0.4466211578 0.02950530463)
(0.3 0.4466211578 0.02950530463)
(0.4 0.4466211578 0.02950530463)
(0.5 0.4466211578 0.02950530463)
(0.6 0.4466211578 0.02950530463)
(0.7 0.4466211578 0.02950530463)
(0.8 0.4466211578 0.02950530463)
(0.9 0.4466211578 0.02950530463)
(1 0.4466211578 0.02950530463)
(1.1 0.4466211578 0.02950530463)
(1.2 0.4466211578 0.02950530463)
(1.3 0.4466211578 0.02950530463)
(1.4 0.4466211578 0.02950530463)
(1.5 0.4466211578 0.02950530463)
(1.6 0.4466211578 0.02950530463)
(1.7 0.4466211578 0.02950530463)
(1.8 0.4466211578 0.02950530463)
(1.9 0.4466211578 0.02950530463)
(2 0.4466211578 0.02950530463)
(0 0.4867908358 0.02950530463)
(0.1 0.4867908358 0.02950530463)
(0.2 0.4867908358 0.02950530463)
(0.3 0.4867908358 0.02950530463)
(0.4 0.4867908358 0.02950530463)
(0.5 0.4867908358 0.02950530463)
(0.6 0.4867908358 0.02950530463)
(0.7 0.4867908358 0.02950530463)
(0.8 0.4867908358 0.02950530463)
(0.9 0.4867908358 0.02950530463)
(1 0.4867908358 0.02950530463)
(1.1 0.4867908358 0.02950530463)
(1.2 0.4867908358 0.02950530463)
(1.3 0.4867908358 0.02950530463)
(1.4 0.4867908358 0.02950530463)
(1.5 0.4867908358 0.02950530463)
(1.6 0.4867908358 0.02950530463)
(1.7 0.4867908358 0.02950530463)
(1.8 0.4867908358 0.02950530463)
(1.9 0.4867908358 0.02950530463)
(2 0.4867908358 0.02950530463)
(0 0.529747474 0.02950530463)
(0.1 0.529747474 0.02950530463)
(0.2 0.529747474 0.02950530463)
(0.3 0.529747474 0.02950530463)
(0.4 0.529747474 0.02950530463)
(0.5 0.529747474 0.02950530463)
(0.6 0.529747474 0.02950530463)
(0.7 0.529747474 0.02950530463)
(0.8 0.529747474 0.02950530463)
(0.9 0.529747474 0.02950530463)
(1 0.529747474 0.02950530463)
(1.1 0.529747474 0.02950530463)
(1.2 0.529747474 0.02950530463)
(1.3 0.529747474 0.02950530463)
(1.4 0.529747474 0.02950530463)
(1.5 0.529747474 0.02950530463)
(1.6 0.529747474 0.02950530463)
(1.7 0.529747474 0.02950530463)
(1.8 0.529747474 0.02950530463)
(1.9 0.529747474 0.02950530463)
(2 0.529747474 0.02950530463)
(0 0.5756844308 0.02950530463)
(0.1 0.5756844308 0.02950530463)
(0.2 0.5756844308 0.02950530463)
(0.3 0.5756844308 0.02950530463)
(0.4 0.5756844308 0.02950530463)
(0.5 0.5756844308 0.02950530463)
(0.6 0.5756844308 0.02950530463)
(0.7 0.5756844308 0.02950530463)
(0.8 0.5756844308 0.02950530463)
(0.9 0.5756844308 0.02950530463)
(1 0.5756844308 0.02950530463)
(1.1 0.5756844308 0.02950530463)
(1.2 0.5756844308 0.02950530463)
(1.3 0.5756844308 0.02950530463)
(1.4 0.5756844308 0.02950530463)
(1.5 0.5756844308 0.02950530463)
(1.6 0.5756844308 0.02950530463)
(1.7 0.5756844308 0.02950530463)
(1.8 0.5756844308 0.02950530463)
(1.9 0.5756844308 0.02950530463)
(2 0.5756844308 0.02950530463)
(0 0.6248084798 0.02950530463)
(0.1 0.6248084798 0.02950530463)
(0.2 0.6248084798 0.02950530463)
(0.3 0.6248084798 0.02950530463)
(0.4 0.6248084798 0.02950530463)
(0.5 0.6248084798 0.02950530463)
(0.6 0.6248084798 0.02950530463)
(0.7 0.6248084798 0.02950530463)
(0.8 0.6248084798 0.02950530463)
(0.9 0.6248084798 0.02950530463)
(1 0.6248084798 0.02950530463)
(1.1 0.6248084798 0.02950530463)
(1.2 0.6248084798 0.02950530463)
(1.3 0.6248084798 0.02950530463)
(1.4 0.6248084798 0.02950530463)
(1.5 0.6248084798 0.02950530463)
(1.6 0.6248084798 0.02950530463)
(1.7 0.6248084798 0.02950530463)
(1.8 0.6248084798 0.02950530463)
(1.9 0.6248084798 0.02950530463)
(2 0.6248084798 0.02950530463)
(0 0.6773407405 0.02950530463)
(0.1 0.6773407405 0.02950530463)
(0.2 0.6773407405 0.02950530463)
(0.3 0.6773407405 0.02950530463)
(0.4 0.6773407405 0.02950530463)
(0.5 0.6773407405 0.02950530463)
(0.6 0.6773407405 0.02950530463)
(0.7 0.6773407405 0.02950530463)
(0.8 0.6773407405 0.02950530463)
(0.9 0.6773407405 0.02950530463)
(1 0.6773407405 0.02950530463)
(1.1 0.6773407405 0.02950530463)
(1.2 0.6773407405 0.02950530463)
(1.3 0.6773407405 0.02950530463)
(1.4 0.6773407405 0.02950530463)
(1.5 0.6773407405 0.02950530463)
(1.6 0.6773407405 0.02950530463)
(1.7 0.6773407405 0.02950530463)
(1.8 0.6773407405 0.02950530463)
(1.9 0.6773407405 0.02950530463)
(2 0.6773407405 0.02950530463)
(0 0.7335176736 0.02950530463)
(0.1 0.7335176736 0.02950530463)
(0.2 0.7335176736 0.02950530463)
(0.3 0.7335176736 0.02950530463)
(0.4 0.7335176736 0.02950530463)
(0.5 0.7335176736 0.02950530463)
(0.6 0.7335176736 0.02950530463)
(0.7 0.7335176736 0.02950530463)
(0.8 0.7335176736 0.02950530463)
(0.9 0.7335176736 0.02950530463)
(1 0.7335176736 0.02950530463)
(1.1 0.7335176736 0.02950530463)
(1.2 0.7335176736 0.02950530463)
(1.3 0.7335176736 0.02950530463)
(1.4 0.7335176736 0.02950530463)
(1.5 0.7335176736 0.02950530463)
(1.6 0.7335176736 0.02950530463)
(1.7 0.7335176736 0.02950530463)
(1.8 0.7335176736 0.02950530463)
(1.9 0.7335176736 0.02950530463)
(2 0.7335176736 0.02950530463)
(0 0.7935921454 0.02950530463)
(0.1 0.7935921454 0.02950530463)
(0.2 0.7935921454 0.02950530463)
(0.3 0.7935921454 0.02950530463)
(0.4 0.7935921454 0.02950530463)
(0.5 0.7935921454 0.02950530463)
(0.6 0.7935921454 0.02950530463)
(0.7 0.7935921454 0.02950530463)
(0.8 0.7935921454 0.02950530463)
(0.9 0.7935921454 0.02950530463)
(1 0.7935921454 0.02950530463)
(1.1 0.7935921454 0.02950530463)
(1.2 0.7935921454 0.02950530463)
(1.3 0.7935921454 0.02950530463)
(1.4 0.7935921454 0.02950530463)
(1.5 0.7935921454 0.02950530463)
(1.6 0.7935921454 0.02950530463)
(1.7 0.7935921454 0.02950530463)
(1.8 0.7935921454 0.02950530463)
(1.9 0.7935921454 0.02950530463)
(2 0.7935921454 0.02950530463)
(0 0.857834566 0.02950530463)
(0.1 0.857834566 0.02950530463)
(0.2 0.857834566 0.02950530463)
(0.3 0.857834566 0.02950530463)
(0.4 0.857834566 0.02950530463)
(0.5 0.857834566 0.02950530463)
(0.6 0.857834566 0.02950530463)
(0.7 0.857834566 0.02950530463)
(0.8 0.857834566 0.02950530463)
(0.9 0.857834566 0.02950530463)
(1 0.857834566 0.02950530463)
(1.1 0.857834566 0.02950530463)
(1.2 0.857834566 0.02950530463)
(1.3 0.857834566 0.02950530463)
(1.4 0.857834566 0.02950530463)
(1.5 0.857834566 0.02950530463)
(1.6 0.857834566 0.02950530463)
(1.7 0.857834566 0.02950530463)
(1.8 0.857834566 0.02950530463)
(1.9 0.857834566 0.02950530463)
(2 0.857834566 0.02950530463)
(0 0.9265341063 0.02950530463)
(0.1 0.9265341063 0.02950530463)
(0.2 0.9265341063 0.02950530463)
(0.3 0.9265341063 0.02950530463)
(0.4 0.9265341063 0.02950530463)
(0.5 0.9265341063 0.02950530463)
(0.6 0.9265341063 0.02950530463)
(0.7 0.9265341063 0.02950530463)
(0.8 0.9265341063 0.02950530463)
(0.9 0.9265341063 0.02950530463)
(1 0.9265341063 0.02950530463)
(1.1 0.9265341063 0.02950530463)
(1.2 0.9265341063 0.02950530463)
(1.3 0.9265341063 0.02950530463)
(1.4 0.9265341063 0.02950530463)
(1.5 0.9265341063 0.02950530463)
(1.6 0.9265341063 0.02950530463)
(1.7 0.9265341063 0.02950530463)
(1.8 0.9265341063 0.02950530463)
(1.9 0.9265341063 0.02950530463)
(2 0.9265341063 0.02950530463)
(0 1 0.02950530463)
(0.1 1 0.02950530463)
(0.2 1 0.02950530463)
(0.3 1 0.02950530463)
(0.4 1 0.02950530463)
(0.5 1 0.02950530463)
(0.6 1 0.02950530463)
(0.7 1 0.02950530463)
(0.8 1 0.02950530463)
(0.9 1 0.02950530463)
(1 1 0.02950530463)
(1.1 1 0.02950530463)
(1.2 1 0.02950530463)
(1.3 1 0.02950530463)
(1.4 1 0.02950530463)
(1.5 1 0.02950530463)
(1.6 1 0.02950530463)
(1.7 1 0.02950530463)
(1.8 1 0.02950530463)
(1.9 1 0.02950530463)
(2 1 0.02950530463)
(0 0 0.04073561049)
(0.1 0 0.04073561049)
(0.2 0 0.04073561049)
(0.3 0 0.04073561049)
(0.4 0 0.04073561049)
(0.5 0 0.04073561049)
(0.6 0 0.04073561049)
(0.7 0 0.04073561049)
(0.8 0 0.04073561049)
(0.9 0 0.04073561049)
(1 0 0.04073561049)
(1.1 0 0.04073561049)
(1.2 0 0.04073561049)
(1.3 0 0.04073561049)
(1.4 0 0.04073561049)
(1.5 0 0.04073561049)
(1.6 0 0.04073561049)
(1.7 0 0.04073561049)
(1.8 0 0.04073561049)
(1.9 0 0.04073561049)
(2 0 0.04073561049)
(0 0.009183236716 0.04073561049)
(0.1 0.009183236716 0.04073561049)
(0.2 0.009183236716 0.04073561049)
(0.3 0.009183236716 0.04073561049)
(0.4 0.009183236716 0.04073561049)
(0.5 0.009183236716 0.04073561049)
(0.6 0.009183236716 0.04073561049)
(0.7 0.009183236716 0.04073561049)
(0.8 0.009183236716 0.04073561049)
(0.9 0.009183236716 0.04073561049)
(1 0.009183236716 0.04073561049)
(1.1 0.009183236716 0.04073561049)
(1.2 0.009183236716 0.04073561049)
(1.3 0.009183236716 0.04073561049)
(1.4 0.009183236716 0.04073561049)
(1.5 0.009183236716 0.04073561049)
(1.6 0.009183236716 0.04073561049)
(1.7 0.009183236716 0.04073561049)
(1.8 0.009183236716 0.04073561049)
(1.9 0.009183236716 0.04073561049)
(2 0.009183236716 0.04073561049)
(0 0.01900360363 0.04073561049)
(0.1 0.01900360363 0.04073561049)
(0.2 0.01900360363 0.04073561049)
(0.3 0.01900360363 0.04073561049)
(0.4 0.01900360363 0.04073561049)
(0.5 0.01900360363 0.04073561049)
(0.6 0.01900360363 0.04073561049)
(0.7 0.01900360363 0.04073561049)
(0.8 0.01900360363 0.04073561049)
(0.9 0.01900360363 0.04073561049)
(1 0.01900360363 0.04073561049)
(1.1 0.01900360363 0.04073561049)
(1.2 0.01900360363 0.04073561049)
(1.3 0.01900360363 0.04073561049)
(1.4 0.01900360363 0.04073561049)
(1.5 0.01900360363 0.04073561049)
(1.6 0.01900360363 0.04073561049)
(1.7 0.01900360363 0.04073561049)
(1.8 0.01900360363 0.04073561049)
(1.9 0.01900360363 0.04073561049)
(2 0.01900360363 0.04073561049)
(0 0.02950530463 0.04073561049)
(0.1 0.02950530463 0.04073561049)
(0.2 0.02950530463 0.04073561049)
(0.3 0.02950530463 0.04073561049)
(0.4 0.02950530463 0.04073561049)
(0.5 0.02950530463 0.04073561049)
(0.6 0.02950530463 0.04073561049)
(0.7 0.02950530463 0.04073561049)
(0.8 0.02950530463 0.04073561049)
(0.9 0.02950530463 0.04073561049)
(1 0.02950530463 0.04073561049)
(1.1 0.02950530463 0.04073561049)
(1.2 0.02950530463 0.04073561049)
(1.3 0.02950530463 0.04073561049)
(1.4 0.02950530463 0.04073561049)
(1.5 0.02950530463 0.04073561049)
(1.6 0.02950530463 0.04073561049)
(1.7 0.02950530463 0.04073561049)
(1.8 0.02950530463 0.04073561049)
(1.9 0.02950530463 0.04073561049)
(2 0.02950530463 0.04073561049)
(0 0.04073561049 0.04073561049)
(0.1 0.04073561049 0.04073561049)
(0.2 0.04073561049 0.04073561049)
(0.3 0.04073561049 0.04073561049)
(0.4 0.04073561049 0.04073561049)
(0.5 0.04073561049 0.04073561049)
(0.6 0.04073561049 0.04073561049)
(0.7 0.04073561049 0.04073561049)
(0.8 0.04073561049 0.04073561049)
(0.9 0.04073561049 0.04073561049)
(1 0.04073561049 0.04073561049)
(1.1 0.04073561049 0.04073561049)
(1.2 0.04073561049 0.04073561049)
(1.3 0.04073561049 0.04073561049)
(1.4 0.04073561049 0.04073561049)
(1.5 0.04073561049 0.04073561049)
(1.6 0.04073561049 0.04073561049)
(1.7 0.04073561049 0.04073561049)
(1.8 0.04073561049 0.04073561049)
(1.9 0.04073561049 0.04073561049)
(2 0.04073561049 0.04073561049)
(0 0.05274507158 0.04073561049)
(0.1 0.05274507158 0.04073561049)
(0.2 0.05274507158 0.04073561049)
(0.3 0.05274507158 0.04073561049)
(0.4 0.05274507158 0.04073561049)
(0.5 0.05274507158 0.04073561049)
(0.6 0.05274507158 0.04073561049)
(0.7 0.05274507158 0.04073561049)
(0.8 0.05274507158 0.04073561049)
(0.9 0.05274507158 0.04073561049)
(1 0.05274507158 0.04073561049)
(1.1 0.05274507158 0.04073561049)
(1.2 0.05274507158 0.04073561049)
(1.3 0.05274507158 0.04073561049)
(1.4 0.05274507158 0.04073561049)
(1.5 0.05274507158 0.04073561049)
(1.6 0.05274507158 0.04073561049)
(1.7 0.05274507158 0.04073561049)
(1.8 0.05274507158 0.04073561049)
(1.9 0.05274507158 0.04073561049)
(2 0.05274507158 0.04073561049)
(0 0.06558774547 0.04073561049)
(0.1 0.06558774547 0.04073561049)
(0.2 0.06558774547 0.04073561049)
(0.3 0.06558774547 0.04073561049)
(0.4 0.06558774547 0.04073561049)
(0.5 0.06558774547 0.04073561049)
(0.6 0.06558774547 0.04073561049)
(0.7 0.06558774547 0.04073561049)
(0.8 0.06558774547 0.04073561049)
(0.9 0.06558774547 0.04073561049)
(1 0.06558774547 0.04073561049)
(1.1 0.06558774547 0.04073561049)
(1.2 0.06558774547 0.04073561049)
(1.3 0.06558774547 0.04073561049)
(1.4 0.06558774547 0.04073561049)
(1.5 0.06558774547 0.04073561049)
(1.6 0.06558774547 0.04073561049)
(1.7 0.06558774547 0.04073561049)
(1.8 0.06558774547 0.04073561049)
(1.9 0.06558774547 0.04073561049)
(2 0.06558774547 0.04073561049)
(0 0.07932144019 0.04073561049)
(0.1 0.07932144019 0.04073561049)
(0.2 0.07932144019 0.04073561049)
(0.3 0.07932144019 0.04073561049)
(0.4 0.07932144019 0.04073561049)
(0.5 0.07932144019 0.04073561049)
(0.6 0.07932144019 0.04073561049)
(0.7 0.07932144019 0.04073561049)
(0.8 0.07932144019 0.04073561049)
(0.9 0.07932144019 0.04073561049)
(1 0.07932144019 0.04073561049)
(1.1 0.07932144019 0.04073561049)
(1.2 0.07932144019 0.04073561049)
(1.3 0.07932144019 0.04073561049)
(1.4 0.07932144019 0.04073561049)
(1.5 0.07932144019 0.04073561049)
(1.6 0.07932144019 0.04073561049)
(1.7 0.07932144019 0.04073561049)
(1.8 0.07932144019 0.04073561049)
(1.9 0.07932144019 0.04073561049)
(2 0.07932144019 0.04073561049)
(0 0.09400797452 0.04073561049)
(0.1 0.09400797452 0.04073561049)
(0.2 0.09400797452 0.04073561049)
(0.3 0.09400797452 0.04073561049)
(0.4 0.09400797452 0.04073561049)
(0.5 0.09400797452 0.04073561049)
(0.6 0.09400797452 0.04073561049)
(0.7 0.09400797452 0.04073561049)
(0.8 0.09400797452 0.04073561049)
(0.9 0.09400797452 0.04073561049)
(1 0.09400797452 0.04073561049)
(1.1 0.09400797452 0.04073561049)
(1.2 0.09400797452 0.04073561049)
(1.3 0.09400797452 0.04073561049)
(1.4 0.09400797452 0.04073561049)
(1.5 0.09400797452 0.04073561049)
(1.6 0.09400797452 0.04073561049)
(1.7 0.09400797452 0.04073561049)
(1.8 0.09400797452 0.04073561049)
(1.9 0.09400797452 0.04073561049)
(2 0.09400797452 0.04073561049)
(0 0.1097134562 0.04073561049)
(0.1 0.1097134562 0.04073561049)
(0.2 0.1097134562 0.04073561049)
(0.3 0.1097134562 0.04073561049)
(0.4 0.1097134562 0.04073561049)
(0.5 0.1097134562 0.04073561049)
(0.6 0.1097134562 0.04073561049)
(0.7 0.1097134562 0.04073561049)
(0.8 0.1097134562 0.04073561049)
(0.9 0.1097134562 0.04073561049)
(1 0.1097134562 0.04073561049)
(1.1 0.1097134562 0.04073561049)
(1.2 0.1097134562 0.04073561049)
(1.3 0.1097134562 0.04073561049)
(1.4 0.1097134562 0.04073561049)
(1.5 0.1097134562 0.04073561049)
(1.6 0.1097134562 0.04073561049)
(1.7 0.1097134562 0.04073561049)
(1.8 0.1097134562 0.04073561049)
(1.9 0.1097134562 0.04073561049)
(2 0.1097134562 0.04073561049)
(0 0.1265085794 0.04073561049)
(0.1 0.1265085794 0.04073561049)
(0.2 0.1265085794 0.04073561049)
(0.3 0.1265085794 0.04073561049)
(0.4 0.1265085794 0.04073561049)
(0.5 0.1265085794 0.04073561049)
(0.6 0.1265085794 0.04073561049)
(0.7 0.1265085794 0.04073561049)
(0.8 0.1265085794 0.04073561049)
(0.9 0.1265085794 0.04073561049)
(1 0.1265085794 0.04073561049)
(1.1 0.1265085794 0.04073561049)
(1.2 0.1265085794 0.04073561049)
(1.3 0.1265085794 0.04073561049)
(1.4 0.1265085794 0.04073561049)
(1.5 0.1265085794 0.04073561049)
(1.6 0.1265085794 0.04073561049)
(1.7 0.1265085794 0.04073561049)
(1.8 0.1265085794 0.04073561049)
(1.9 0.1265085794 0.04073561049)
(2 0.1265085794 0.04073561049)
(0 0.1444689432 0.04073561049)
(0.1 0.1444689432 0.04073561049)
(0.2 0.1444689432 0.04073561049)
(0.3 0.1444689432 0.04073561049)
(0.4 0.1444689432 0.04073561049)
(0.5 0.1444689432 0.04073561049)
(0.6 0.1444689432 0.04073561049)
(0.7 0.1444689432 0.04073561049)
(0.8 0.1444689432 0.04073561049)
(0.9 0.1444689432 0.04073561049)
(1 0.1444689432 0.04073561049)
(1.1 0.1444689432 0.04073561049)
(1.2 0.1444689432 0.04073561049)
(1.3 0.1444689432 0.04073561049)
(1.4 0.1444689432 0.04073561049)
(1.5 0.1444689432 0.04073561049)
(1.6 0.1444689432 0.04073561049)
(1.7 0.1444689432 0.04073561049)
(1.8 0.1444689432 0.04073561049)
(1.9 0.1444689432 0.04073561049)
(2 0.1444689432 0.04073561049)
(0 0.1636753917 0.04073561049)
(0.1 0.1636753917 0.04073561049)
(0.2 0.1636753917 0.04073561049)
(0.3 0.1636753917 0.04073561049)
(0.4 0.1636753917 0.04073561049)
(0.5 0.1636753917 0.04073561049)
(0.6 0.1636753917 0.04073561049)
(0.7 0.1636753917 0.04073561049)
(0.8 0.1636753917 0.04073561049)
(0.9 0.1636753917 0.04073561049)
(1 0.1636753917 0.04073561049)
(1.1 0.1636753917 0.04073561049)
(1.2 0.1636753917 0.04073561049)
(1.3 0.1636753917 0.04073561049)
(1.4 0.1636753917 0.04073561049)
(1.5 0.1636753917 0.04073561049)
(1.6 0.1636753917 0.04073561049)
(1.7 0.1636753917 0.04073561049)
(1.8 0.1636753917 0.04073561049)
(1.9 0.1636753917 0.04073561049)
(2 0.1636753917 0.04073561049)
(0 0.1842143777 0.04073561049)
(0.1 0.1842143777 0.04073561049)
(0.2 0.1842143777 0.04073561049)
(0.3 0.1842143777 0.04073561049)
(0.4 0.1842143777 0.04073561049)
(0.5 0.1842143777 0.04073561049)
(0.6 0.1842143777 0.04073561049)
(0.7 0.1842143777 0.04073561049)
(0.8 0.1842143777 0.04073561049)
(0.9 0.1842143777 0.04073561049)
(1 0.1842143777 0.04073561049)
(1.1 0.1842143777 0.04073561049)
(1.2 0.1842143777 0.04073561049)
(1.3 0.1842143777 0.04073561049)
(1.4 0.1842143777 0.04073561049)
(1.5 0.1842143777 0.04073561049)
(1.6 0.1842143777 0.04073561049)
(1.7 0.1842143777 0.04073561049)
(1.8 0.1842143777 0.04073561049)
(1.9 0.1842143777 0.04073561049)
(2 0.1842143777 0.04073561049)
(0 0.2061783524 0.04073561049)
(0.1 0.2061783524 0.04073561049)
(0.2 0.2061783524 0.04073561049)
(0.3 0.2061783524 0.04073561049)
(0.4 0.2061783524 0.04073561049)
(0.5 0.2061783524 0.04073561049)
(0.6 0.2061783524 0.04073561049)
(0.7 0.2061783524 0.04073561049)
(0.8 0.2061783524 0.04073561049)
(0.9 0.2061783524 0.04073561049)
(1 0.2061783524 0.04073561049)
(1.1 0.2061783524 0.04073561049)
(1.2 0.2061783524 0.04073561049)
(1.3 0.2061783524 0.04073561049)
(1.4 0.2061783524 0.04073561049)
(1.5 0.2061783524 0.04073561049)
(1.6 0.2061783524 0.04073561049)
(1.7 0.2061783524 0.04073561049)
(1.8 0.2061783524 0.04073561049)
(1.9 0.2061783524 0.04073561049)
(2 0.2061783524 0.04073561049)
(0 0.2296661811 0.04073561049)
(0.1 0.2296661811 0.04073561049)
(0.2 0.2296661811 0.04073561049)
(0.3 0.2296661811 0.04073561049)
(0.4 0.2296661811 0.04073561049)
(0.5 0.2296661811 0.04073561049)
(0.6 0.2296661811 0.04073561049)
(0.7 0.2296661811 0.04073561049)
(0.8 0.2296661811 0.04073561049)
(0.9 0.2296661811 0.04073561049)
(1 0.2296661811 0.04073561049)
(1.1 0.2296661811 0.04073561049)
(1.2 0.2296661811 0.04073561049)
(1.3 0.2296661811 0.04073561049)
(1.4 0.2296661811 0.04073561049)
(1.5 0.2296661811 0.04073561049)
(1.6 0.2296661811 0.04073561049)
(1.7 0.2296661811 0.04073561049)
(1.8 0.2296661811 0.04073561049)
(1.9 0.2296661811 0.04073561049)
(2 0.2296661811 0.04073561049)
(0 0.2547835882 0.04073561049)
(0.1 0.2547835882 0.04073561049)
(0.2 0.2547835882 0.04073561049)
(0.3 0.2547835882 0.04073561049)
(0.4 0.2547835882 0.04073561049)
(0.5 0.2547835882 0.04073561049)
(0.6 0.2547835882 0.04073561049)
(0.7 0.2547835882 0.04073561049)
(0.8 0.2547835882 0.04073561049)
(0.9 0.2547835882 0.04073561049)
(1 0.2547835882 0.04073561049)
(1.1 0.2547835882 0.04073561049)
(1.2 0.2547835882 0.04073561049)
(1.3 0.2547835882 0.04073561049)
(1.4 0.2547835882 0.04073561049)
(1.5 0.2547835882 0.04073561049)
(1.6 0.2547835882 0.04073561049)
(1.7 0.2547835882 0.04073561049)
(1.8 0.2547835882 0.04073561049)
(1.9 0.2547835882 0.04073561049)
(2 0.2547835882 0.04073561049)
(0 0.2816436335 0.04073561049)
(0.1 0.2816436335 0.04073561049)
(0.2 0.2816436335 0.04073561049)
(0.3 0.2816436335 0.04073561049)
(0.4 0.2816436335 0.04073561049)
(0.5 0.2816436335 0.04073561049)
(0.6 0.2816436335 0.04073561049)
(0.7 0.2816436335 0.04073561049)
(0.8 0.2816436335 0.04073561049)
(0.9 0.2816436335 0.04073561049)
(1 0.2816436335 0.04073561049)
(1.1 0.2816436335 0.04073561049)
(1.2 0.2816436335 0.04073561049)
(1.3 0.2816436335 0.04073561049)
(1.4 0.2816436335 0.04073561049)
(1.5 0.2816436335 0.04073561049)
(1.6 0.2816436335 0.04073561049)
(1.7 0.2816436335 0.04073561049)
(1.8 0.2816436335 0.04073561049)
(1.9 0.2816436335 0.04073561049)
(2 0.2816436335 0.04073561049)
(0 0.3103672206 0.04073561049)
(0.1 0.3103672206 0.04073561049)
(0.2 0.3103672206 0.04073561049)
(0.3 0.3103672206 0.04073561049)
(0.4 0.3103672206 0.04073561049)
(0.5 0.3103672206 0.04073561049)
(0.6 0.3103672206 0.04073561049)
(0.7 0.3103672206 0.04073561049)
(0.8 0.3103672206 0.04073561049)
(0.9 0.3103672206 0.04073561049)
(1 0.3103672206 0.04073561049)
(1.1 0.3103672206 0.04073561049)
(1.2 0.3103672206 0.04073561049)
(1.3 0.3103672206 0.04073561049)
(1.4 0.3103672206 0.04073561049)
(1.5 0.3103672206 0.04073561049)
(1.6 0.3103672206 0.04073561049)
(1.7 0.3103672206 0.04073561049)
(1.8 0.3103672206 0.04073561049)
(1.9 0.3103672206 0.04073561049)
(2 0.3103672206 0.04073561049)
(0 0.3410836415 0.04073561049)
(0.1 0.3410836415 0.04073561049)
(0.2 0.3410836415 0.04073561049)
(0.3 0.3410836415 0.04073561049)
(0.4 0.3410836415 0.04073561049)
(0.5 0.3410836415 0.04073561049)
(0.6 0.3410836415 0.04073561049)
(0.7 0.3410836415 0.04073561049)
(0.8 0.3410836415 0.04073561049)
(0.9 0.3410836415 0.04073561049)
(1 0.3410836415 0.04073561049)
(1.1 0.3410836415 0.04073561049)
(1.2 0.3410836415 0.04073561049)
(1.3 0.3410836415 0.04073561049)
(1.4 0.3410836415 0.04073561049)
(1.5 0.3410836415 0.04073561049)
(1.6 0.3410836415 0.04073561049)
(1.7 0.3410836415 0.04073561049)
(1.8 0.3410836415 0.04073561049)
(1.9 0.3410836415 0.04073561049)
(2 0.3410836415 0.04073561049)
(0 0.3739311585 0.04073561049)
(0.1 0.3739311585 0.04073561049)
(0.2 0.3739311585 0.04073561049)
(0.3 0.3739311585 0.04073561049)
(0.4 0.3739311585 0.04073561049)
(0.5 0.3739311585 0.04073561049)
(0.6 0.3739311585 0.04073561049)
(0.7 0.3739311585 0.04073561049)
(0.8 0.3739311585 0.04073561049)
(0.9 0.3739311585 0.04073561049)
(1 0.3739311585 0.04073561049)
(1.1 0.3739311585 0.04073561049)
(1.2 0.3739311585 0.04073561049)
(1.3 0.3739311585 0.04073561049)
(1.4 0.3739311585 0.04073561049)
(1.5 0.3739311585 0.04073561049)
(1.6 0.3739311585 0.04073561049)
(1.7 0.3739311585 0.04073561049)
(1.8 0.3739311585 0.04073561049)
(1.9 0.3739311585 0.04073561049)
(2 0.3739311585 0.04073561049)
(0 0.4090576263 0.04073561049)
(0.1 0.4090576263 0.04073561049)
(0.2 0.4090576263 0.04073561049)
(0.3 0.4090576263 0.04073561049)
(0.4 0.4090576263 0.04073561049)
(0.5 0.4090576263 0.04073561049)
(0.6 0.4090576263 0.04073561049)
(0.7 0.4090576263 0.04073561049)
(0.8 0.4090576263 0.04073561049)
(0.9 0.4090576263 0.04073561049)
(1 0.4090576263 0.04073561049)
(1.1 0.4090576263 0.04073561049)
(1.2 0.4090576263 0.04073561049)
(1.3 0.4090576263 0.04073561049)
(1.4 0.4090576263 0.04073561049)
(1.5 0.4090576263 0.04073561049)
(1.6 0.4090576263 0.04073561049)
(1.7 0.4090576263 0.04073561049)
(1.8 0.4090576263 0.04073561049)
(1.9 0.4090576263 0.04073561049)
(2 0.4090576263 0.04073561049)
(0 0.4466211578 0.04073561049)
(0.1 0.4466211578 0.04073561049)
(0.2 0.4466211578 0.04073561049)
(0.3 0.4466211578 0.04073561049)
(0.4 0.4466211578 0.04073561049)
(0.5 0.4466211578 0.04073561049)
(0.6 0.4466211578 0.04073561049)
(0.7 0.4466211578 0.04073561049)
(0.8 0.4466211578 0.04073561049)
(0.9 0.4466211578 0.04073561049)
(1 0.4466211578 0.04073561049)
(1.1 0.4466211578 0.04073561049)
(1.2 0.4466211578 0.04073561049)
(1.3 0.4466211578 0.04073561049)
(1.4 0.4466211578 0.04073561049)
(1.5 0.4466211578 0.04073561049)
(1.6 0.4466211578 0.04073561049)
(1.7 0.4466211578 0.04073561049)
(1.8 0.4466211578 0.04073561049)
(1.9 0.4466211578 0.04073561049)
(2 0.4466211578 0.04073561049)
(0 0.4867908358 0.04073561049)
(0.1 0.4867908358 0.04073561049)
(0.2 0.4867908358 0.04073561049)
(0.3 0.4867908358 0.04073561049)
(0.4 0.4867908358 0.04073561049)
(0.5 0.4867908358 0.04073561049)
(0.6 0.4867908358 0.04073561049)
(0.7 0.4867908358 0.04073561049)
(0.8 0.4867908358 0.04073561049)
(0.9 0.4867908358 0.04073561049)
(1 0.4867908358 0.04073561049)
(1.1 0.4867908358 0.04073561049)
(1.2 0.4867908358 0.04073561049)
(1.3 0.4867908358 0.04073561049)
(1.4 0.4867908358 0.04073561049)
(1.5 0.4867908358 0.04073561049)
(1.6 0.4867908358 0.04073561049)
(1.7 0.4867908358 0.04073561049)
(1.8 0.4867908358 0.04073561049)
(1.9 0.4867908358 0.04073561049)
(2 0.4867908358 0.04073561049)
(0 0.529747474 0.04073561049)
(0.1 0.529747474 0.04073561049)
(0.2 0.529747474 0.04073561049)
(0.3 0.529747474 0.04073561049)
(0.4 0.529747474 0.04073561049)
(0.5 0.529747474 0.04073561049)
(0.6 0.529747474 0.04073561049)
(0.7 0.529747474 0.04073561049)
(0.8 0.529747474 0.04073561049)
(0.9 0.529747474 0.04073561049)
(1 0.529747474 0.04073561049)
(1.1 0.529747474 0.04073561049)
(1.2 0.529747474 0.04073561049)
(1.3 0.529747474 0.04073561049)
(1.4 0.529747474 0.04073561049)
(1.5 0.529747474 0.04073561049)
(1.6 0.529747474 0.04073561049)
(1.7 0.529747474 0.04073561049)
(1.8 0.529747474 0.04073561049)
(1.9 0.529747474 0.04073561049)
(2 0.529747474 0.04073561049)
(0 0.5756844308 0.04073561049)
(0.1 0.5756844308 0.04073561049)
(0.2 0.5756844308 0.04073561049)
(0.3 0.5756844308 0.04073561049)
(0.4 0.5756844308 0.04073561049)
(0.5 0.5756844308 0.04073561049)
(0.6 0.5756844308 0.04073561049)
(0.7 0.5756844308 0.04073561049)
(0.8 0.5756844308 0.04073561049)
(0.9 0.5756844308 0.04073561049)
(1 0.5756844308 0.04073561049)
(1.1 0.5756844308 0.04073561049)
(1.2 0.5756844308 0.04073561049)
(1.3 0.5756844308 0.04073561049)
(1.4 0.5756844308 0.04073561049)
(1.5 0.5756844308 0.04073561049)
(1.6 0.5756844308 0.04073561049)
(1.7 0.5756844308 0.04073561049)
(1.8 0.5756844308 0.04073561049)
(1.9 0.5756844308 0.04073561049)
(2 0.5756844308 0.04073561049)
(0 0.6248084798 0.04073561049)
(0.1 0.6248084798 0.04073561049)
(0.2 0.6248084798 0.04073561049)
(0.3 0.6248084798 0.04073561049)
(0.4 0.6248084798 0.04073561049)
(0.5 0.6248084798 0.04073561049)
(0.6 0.6248084798 0.04073561049)
(0.7 0.6248084798 0.04073561049)
(0.8 0.6248084798 0.04073561049)
(0.9 0.6248084798 0.04073561049)
(1 0.6248084798 0.04073561049)
(1.1 0.6248084798 0.04073561049)
(1.2 0.6248084798 0.04073561049)
(1.3 0.6248084798 0.04073561049)
(1.4 0.6248084798 0.04073561049)
(1.5 0.6248084798 0.04073561049)
(1.6 0.6248084798 0.04073561049)
(1.7 0.6248084798 0.04073561049)
(1.8 0.6248084798 0.04073561049)
(1.9 0.6248084798 0.04073561049)
(2 0.6248084798 0.04073561049)
(0 0.6773407405 0.04073561049)
(0.1 0.6773407405 0.04073561049)
(0.2 0.6773407405 0.04073561049)
(0.3 0.6773407405 0.04073561049)
(0.4 0.6773407405 0.04073561049)
(0.5 0.6773407405 0.04073561049)
(0.6 0.6773407405 0.04073561049)
(0.7 0.6773407405 0.04073561049)
(0.8 0.6773407405 0.04073561049)
(0.9 0.6773407405 0.04073561049)
(1 0.6773407405 0.04073561049)
(1.1 0.6773407405 0.04073561049)
(1.2 0.6773407405 0.04073561049)
(1.3 0.6773407405 0.04073561049)
(1.4 0.6773407405 0.04073561049)
(1.5 0.6773407405 0.04073561049)
(1.6 0.6773407405 0.04073561049)
(1.7 0.6773407405 0.04073561049)
(1.8 0.6773407405 0.04073561049)
(1.9 0.6773407405 0.04073561049)
(2 0.6773407405 0.04073561049)
(0 0.7335176736 0.04073561049)
(0.1 0.7335176736 0.04073561049)
(0.2 0.7335176736 0.04073561049)
(0.3 0.7335176736 0.04073561049)
(0.4 0.7335176736 0.04073561049)
(0.5 0.7335176736 0.04073561049)
(0.6 0.7335176736 0.04073561049)
(0.7 0.7335176736 0.04073561049)
(0.8 0.7335176736 0.04073561049)
(0.9 0.7335176736 0.04073561049)
(1 0.7335176736 0.04073561049)
(1.1 0.7335176736 0.04073561049)
(1.2 0.7335176736 0.04073561049)
(1.3 0.7335176736 0.04073561049)
(1.4 0.7335176736 0.04073561049)
(1.5 0.7335176736 0.04073561049)
(1.6 0.7335176736 0.04073561049)
(1.7 0.7335176736 0.04073561049)
(1.8 0.7335176736 0.04073561049)
(1.9 0.7335176736 0.04073561049)
(2 0.7335176736 0.04073561049)
(0 0.7935921454 0.04073561049)
(0.1 0.7935921454 0.04073561049)
(0.2 0.7935921454 0.04073561049)
(0.3 0.7935921454 0.04073561049)
(0.4 0.7935921454 0.04073561049)
(0.5 0.7935921454 0.04073561049)
(0.6 0.7935921454 0.04073561049)
(0.7 0.7935921454 0.04073561049)
(0.8 0.7935921454 0.04073561049)
(0.9 0.7935921454 0.04073561049)
(1 0.7935921454 0.04073561049)
(1.1 0.7935921454 0.04073561049)
(1.2 0.7935921454 0.04073561049)
(1.3 0.7935921454 0.04073561049)
(1.4 0.7935921454 0.04073561049)
(1.5 0.7935921454 0.04073561049)
(1.6 0.7935921454 0.04073561049)
(1.7 0.7935921454 0.04073561049)
(1.8 0.7935921454 0.04073561049)
(1.9 0.7935921454 0.04073561049)
(2 0.7935921454 0.04073561049)
(0 0.857834566 0.04073561049)
(0.1 0.857834566 0.04073561049)
(0.2 0.857834566 0.04073561049)
(0.3 0.857834566 0.04073561049)
(0.4 0.857834566 0.04073561049)
(0.5 0.857834566 0.04073561049)
(0.6 0.857834566 0.04073561049)
(0.7 0.857834566 0.04073561049)
(0.8 0.857834566 0.04073561049)
(0.9 0.857834566 0.04073561049)
(1 0.857834566 0.04073561049)
(1.1 0.857834566 0.04073561049)
(1.2 0.857834566 0.04073561049)
(1.3 0.857834566 0.04073561049)
(1.4 0.857834566 0.04073561049)
(1.5 0.857834566 0.04073561049)
(1.6 0.857834566 0.04073561049)
(1.7 0.857834566 0.04073561049)
(1.8 0.857834566 0.04073561049)
(1.9 0.857834566 0.04073561049)
(2 0.857834566 0.04073561049)
(0 0.9265341063 0.04073561049)
(0.1 0.9265341063 0.04073561049)
(0.2 0.9265341063 0.04073561049)
(0.3 0.9265341063 0.04073561049)
(0.4 0.9265341063 0.04073561049)
(0.5 0.9265341063 0.04073561049)
(0.6 0.9265341063 0.04073561049)
(0.7 0.9265341063 0.04073561049)
(0.8 0.9265341063 0.04073561049)
(0.9 0.9265341063 0.04073561049)
(1 0.9265341063 0.04073561049)
(1.1 0.9265341063 0.04073561049)
(1.2 0.9265341063 0.04073561049)
(1.3 0.9265341063 0.04073561049)
(1.4 0.9265341063 0.04073561049)
(1.5 0.9265341063 0.04073561049)
(1.6 0.9265341063 0.04073561049)
(1.7 0.9265341063 0.04073561049)
(1.8 0.9265341063 0.04073561049)
(1.9 0.9265341063 0.04073561049)
(2 0.9265341063 0.04073561049)
(0 1 0.04073561049)
(0.1 1 0.04073561049)
(0.2 1 0.04073561049)
(0.3 1 0.04073561049)
(0.4 1 0.04073561049)
(0.5 1 0.04073561049)
(0.6 1 0.04073561049)
(0.7 1 0.04073561049)
(0.8 1 0.04073561049)
(0.9 1 0.04073561049)
(1 1 0.04073561049)
(1.1 1 0.04073561049)
(1.2 1 0.04073561049)
(1.3 1 0.04073561049)
(1.4 1 0.04073561049)
(1.5 1 0.04073561049)
(1.6 1 0.04073561049)
(1.7 1 0.04073561049)
(1.8 1 0.04073561049)
(1.9 1 0.04073561049)
(2 1 0.04073561049)
(0 0 0.05274507158)
(0.1 0 0.05274507158)
(0.2 0 0.05274507158)
(0.3 0 0.05274507158)
(0.4 0 0.05274507158)
(0.5 0 0.05274507158)
(0.6 0 0.05274507158)
(0.7 0 0.05274507158)
(0.8 0 0.05274507158)
(0.9 0 0.05274507158)
(1 0 0.05274507158)
(1.1 0 0.05274507158)
(1.2 0 0.05274507158)
(1.3 0 0.05274507158)
(1.4 0 0.05274507158)
(1.5 0 0.05274507158)
(1.6 0 0.05274507158)
(1.7 0 0.05274507158)
(1.8 0 0.05274507158)
(1.9 0 0.05274507158)
(2 0 0.05274507158)
(0 0.009183236716 0.05274507158)
(0.1 0.009183236716 0.05274507158)
(0.2 0.009183236716 0.05274507158)
(0.3 0.009183236716 0.05274507158)
(0.4 0.009183236716 0.05274507158)
(0.5 0.009183236716 0.05274507158)
(0.6 0.009183236716 0.05274507158)
(0.7 0.009183236716 0.05274507158)
(0.8 0.009183236716 0.05274507158)
(0.9 0.009183236716 0.05274507158)
(1 0.009183236716 0.05274507158)
(1.1 0.009183236716 0.05274507158)
(1.2 0.009183236716 0.05274507158)
(1.3 0.009183236716 0.05274507158)
(1.4 0.009183236716 0.05274507158)
(1.5 0.009183236716 0.05274507158)
(1.6 0.009183236716 0.05274507158)
(1.7 0.009183236716 0.05274507158)
(1.8 0.009183236716 0.05274507158)
(1.9 0.009183236716 0.05274507158)
(2 0.009183236716 0.05274507158)
(0 0.01900360363 0.05274507158)
(0.1 0.01900360363 0.05274507158)
(0.2 0.01900360363 0.05274507158)
(0.3 0.01900360363 0.05274507158)
(0.4 0.01900360363 0.05274507158)
(0.5 0.01900360363 0.05274507158)
(0.6 0.01900360363 0.05274507158)
(0.7 0.01900360363 0.05274507158)
(0.8 0.01900360363 0.05274507158)
(0.9 0.01900360363 0.05274507158)
(1 0.01900360363 0.05274507158)
(1.1 0.01900360363 0.05274507158)
(1.2 0.01900360363 0.05274507158)
(1.3 0.01900360363 0.05274507158)
(1.4 0.01900360363 0.05274507158)
(1.5 0.01900360363 0.05274507158)
(1.6 0.01900360363 0.05274507158)
(1.7 0.01900360363 0.05274507158)
(1.8 0.01900360363 0.05274507158)
(1.9 0.01900360363 0.05274507158)
(2 0.01900360363 0.05274507158)
(0 0.02950530463 0.05274507158)
(0.1 0.02950530463 0.05274507158)
(0.2 0.02950530463 0.05274507158)
(0.3 0.02950530463 0.05274507158)
(0.4 0.02950530463 0.05274507158)
(0.5 0.02950530463 0.05274507158)
(0.6 0.02950530463 0.05274507158)
(0.7 0.02950530463 0.05274507158)
(0.8 0.02950530463 0.05274507158)
(0.9 0.02950530463 0.05274507158)
(1 0.02950530463 0.05274507158)
(1.1 0.02950530463 0.05274507158)
(1.2 0.02950530463 0.05274507158)
(1.3 0.02950530463 0.05274507158)
(1.4 0.02950530463 0.05274507158)
(1.5 0.02950530463 0.05274507158)
(1.6 0.02950530463 0.05274507158)
(1.7 0.02950530463 0.05274507158)
(1.8 0.02950530463 0.05274507158)
(1.9 0.02950530463 0.05274507158)
(2 0.02950530463 0.05274507158)
(0 0.04073561049 0.05274507158)
(0.1 0.04073561049 0.05274507158)
(0.2 0.04073561049 0.05274507158)
(0.3 0.04073561049 0.05274507158)
(0.4 0.04073561049 0.05274507158)
(0.5 0.04073561049 0.05274507158)
(0.6 0.04073561049 0.05274507158)
(0.7 0.04073561049 0.05274507158)
(0.8 0.04073561049 0.05274507158)
(0.9 0.04073561049 0.05274507158)
(1 0.04073561049 0.05274507158)
(1.1 0.04073561049 0.05274507158)
(1.2 0.04073561049 0.05274507158)
(1.3 0.04073561049 0.05274507158)
(1.4 0.04073561049 0.05274507158)
(1.5 0.04073561049 0.05274507158)
(1.6 0.04073561049 0.05274507158)
(1.7 0.04073561049 0.05274507158)
(1.8 0.04073561049 0.05274507158)
(1.9 0.04073561049 0.05274507158)
(2 0.04073561049 0.05274507158)
(0 0.05274507158 0.05274507158)
(0.1 0.05274507158 0.05274507158)
(0.2 0.05274507158 0.05274507158)
(0.3 0.05274507158 0.05274507158)
(0.4 0.05274507158 0.05274507158)
(0.5 0.05274507158 0.05274507158)
(0.6 0.05274507158 0.05274507158)
(0.7 0.05274507158 0.05274507158)
(0.8 0.05274507158 0.05274507158)
(0.9 0.05274507158 0.05274507158)
(1 0.05274507158 0.05274507158)
(1.1 0.05274507158 0.05274507158)
(1.2 0.05274507158 0.05274507158)
(1.3 0.05274507158 0.05274507158)
(1.4 0.05274507158 0.05274507158)
(1.5 0.05274507158 0.05274507158)
(1.6 0.05274507158 0.05274507158)
(1.7 0.05274507158 0.05274507158)
(1.8 0.05274507158 0.05274507158)
(1.9 0.05274507158 0.05274507158)
(2 0.05274507158 0.05274507158)
(0 0.06558774547 0.05274507158)
(0.1 0.06558774547 0.05274507158)
(0.2 0.06558774547 0.05274507158)
(0.3 0.06558774547 0.05274507158)
(0.4 0.06558774547 0.05274507158)
(0.5 0.06558774547 0.05274507158)
(0.6 0.06558774547 0.05274507158)
(0.7 0.06558774547 0.05274507158)
(0.8 0.06558774547 0.05274507158)
(0.9 0.06558774547 0.05274507158)
(1 0.06558774547 0.05274507158)
(1.1 0.06558774547 0.05274507158)
(1.2 0.06558774547 0.05274507158)
(1.3 0.06558774547 0.05274507158)
(1.4 0.06558774547 0.05274507158)
(1.5 0.06558774547 0.05274507158)
(1.6 0.06558774547 0.05274507158)
(1.7 0.06558774547 0.05274507158)
(1.8 0.06558774547 0.05274507158)
(1.9 0.06558774547 0.05274507158)
(2 0.06558774547 0.05274507158)
(0 0.07932144019 0.05274507158)
(0.1 0.07932144019 0.05274507158)
(0.2 0.07932144019 0.05274507158)
(0.3 0.07932144019 0.05274507158)
(0.4 0.07932144019 0.05274507158)
(0.5 0.07932144019 0.05274507158)
(0.6 0.07932144019 0.05274507158)
(0.7 0.07932144019 0.05274507158)
(0.8 0.07932144019 0.05274507158)
(0.9 0.07932144019 0.05274507158)
(1 0.07932144019 0.05274507158)
(1.1 0.07932144019 0.05274507158)
(1.2 0.07932144019 0.05274507158)
(1.3 0.07932144019 0.05274507158)
(1.4 0.07932144019 0.05274507158)
(1.5 0.07932144019 0.05274507158)
(1.6 0.07932144019 0.05274507158)
(1.7 0.07932144019 0.05274507158)
(1.8 0.07932144019 0.05274507158)
(1.9 0.07932144019 0.05274507158)
(2 0.07932144019 0.05274507158)
(0 0.09400797452 0.05274507158)
(0.1 0.09400797452 0.05274507158)
(0.2 0.09400797452 0.05274507158)
(0.3 0.09400797452 0.05274507158)
(0.4 0.09400797452 0.05274507158)
(0.5 0.09400797452 0.05274507158)
(0.6 0.09400797452 0.05274507158)
(0.7 0.09400797452 0.05274507158)
(0.8 0.09400797452 0.05274507158)
(0.9 0.09400797452 0.05274507158)
(1 0.09400797452 0.05274507158)
(1.1 0.09400797452 0.05274507158)
(1.2 0.09400797452 0.05274507158)
(1.3 0.09400797452 0.05274507158)
(1.4 0.09400797452 0.05274507158)
(1.5 0.09400797452 0.05274507158)
(1.6 0.09400797452 0.05274507158)
(1.7 0.09400797452 0.05274507158)
(1.8 0.09400797452 0.05274507158)
(1.9 0.09400797452 0.05274507158)
(2 0.09400797452 0.05274507158)
(0 0.1097134562 0.05274507158)
(0.1 0.1097134562 0.05274507158)
(0.2 0.1097134562 0.05274507158)
(0.3 0.1097134562 0.05274507158)
(0.4 0.1097134562 0.05274507158)
(0.5 0.1097134562 0.05274507158)
(0.6 0.1097134562 0.05274507158)
(0.7 0.1097134562 0.05274507158)
(0.8 0.1097134562 0.05274507158)
(0.9 0.1097134562 0.05274507158)
(1 0.1097134562 0.05274507158)
(1.1 0.1097134562 0.05274507158)
(1.2 0.1097134562 0.05274507158)
(1.3 0.1097134562 0.05274507158)
(1.4 0.1097134562 0.05274507158)
(1.5 0.1097134562 0.05274507158)
(1.6 0.1097134562 0.05274507158)
(1.7 0.1097134562 0.05274507158)
(1.8 0.1097134562 0.05274507158)
(1.9 0.1097134562 0.05274507158)
(2 0.1097134562 0.05274507158)
(0 0.1265085794 0.05274507158)
(0.1 0.1265085794 0.05274507158)
(0.2 0.1265085794 0.05274507158)
(0.3 0.1265085794 0.05274507158)
(0.4 0.1265085794 0.05274507158)
(0.5 0.1265085794 0.05274507158)
(0.6 0.1265085794 0.05274507158)
(0.7 0.1265085794 0.05274507158)
(0.8 0.1265085794 0.05274507158)
(0.9 0.1265085794 0.05274507158)
(1 0.1265085794 0.05274507158)
(1.1 0.1265085794 0.05274507158)
(1.2 0.1265085794 0.05274507158)
(1.3 0.1265085794 0.05274507158)
(1.4 0.1265085794 0.05274507158)
(1.5 0.1265085794 0.05274507158)
(1.6 0.1265085794 0.05274507158)
(1.7 0.1265085794 0.05274507158)
(1.8 0.1265085794 0.05274507158)
(1.9 0.1265085794 0.05274507158)
(2 0.1265085794 0.05274507158)
(0 0.1444689432 0.05274507158)
(0.1 0.1444689432 0.05274507158)
(0.2 0.1444689432 0.05274507158)
(0.3 0.1444689432 0.05274507158)
(0.4 0.1444689432 0.05274507158)
(0.5 0.1444689432 0.05274507158)
(0.6 0.1444689432 0.05274507158)
(0.7 0.1444689432 0.05274507158)
(0.8 0.1444689432 0.05274507158)
(0.9 0.1444689432 0.05274507158)
(1 0.1444689432 0.05274507158)
(1.1 0.1444689432 0.05274507158)
(1.2 0.1444689432 0.05274507158)
(1.3 0.1444689432 0.05274507158)
(1.4 0.1444689432 0.05274507158)
(1.5 0.1444689432 0.05274507158)
(1.6 0.1444689432 0.05274507158)
(1.7 0.1444689432 0.05274507158)
(1.8 0.1444689432 0.05274507158)
(1.9 0.1444689432 0.05274507158)
(2 0.1444689432 0.05274507158)
(0 0.1636753917 0.05274507158)
(0.1 0.1636753917 0.05274507158)
(0.2 0.1636753917 0.05274507158)
(0.3 0.1636753917 0.05274507158)
(0.4 0.1636753917 0.05274507158)
(0.5 0.1636753917 0.05274507158)
(0.6 0.1636753917 0.05274507158)
(0.7 0.1636753917 0.05274507158)
(0.8 0.1636753917 0.05274507158)
(0.9 0.1636753917 0.05274507158)
(1 0.1636753917 0.05274507158)
(1.1 0.1636753917 0.05274507158)
(1.2 0.1636753917 0.05274507158)
(1.3 0.1636753917 0.05274507158)
(1.4 0.1636753917 0.05274507158)
(1.5 0.1636753917 0.05274507158)
(1.6 0.1636753917 0.05274507158)
(1.7 0.1636753917 0.05274507158)
(1.8 0.1636753917 0.05274507158)
(1.9 0.1636753917 0.05274507158)
(2 0.1636753917 0.05274507158)
(0 0.1842143777 0.05274507158)
(0.1 0.1842143777 0.05274507158)
(0.2 0.1842143777 0.05274507158)
(0.3 0.1842143777 0.05274507158)
(0.4 0.1842143777 0.05274507158)
(0.5 0.1842143777 0.05274507158)
(0.6 0.1842143777 0.05274507158)
(0.7 0.1842143777 0.05274507158)
(0.8 0.1842143777 0.05274507158)
(0.9 0.1842143777 0.05274507158)
(1 0.1842143777 0.05274507158)
(1.1 0.1842143777 0.05274507158)
(1.2 0.1842143777 0.05274507158)
(1.3 0.1842143777 0.05274507158)
(1.4 0.1842143777 0.05274507158)
(1.5 0.1842143777 0.05274507158)
(1.6 0.1842143777 0.05274507158)
(1.7 0.1842143777 0.05274507158)
(1.8 0.1842143777 0.05274507158)
(1.9 0.1842143777 0.05274507158)
(2 0.1842143777 0.05274507158)
(0 0.2061783524 0.05274507158)
(0.1 0.2061783524 0.05274507158)
(0.2 0.2061783524 0.05274507158)
(0.3 0.2061783524 0.05274507158)
(0.4 0.2061783524 0.05274507158)
(0.5 0.2061783524 0.05274507158)
(0.6 0.2061783524 0.05274507158)
(0.7 0.2061783524 0.05274507158)
(0.8 0.2061783524 0.05274507158)
(0.9 0.2061783524 0.05274507158)
(1 0.2061783524 0.05274507158)
(1.1 0.2061783524 0.05274507158)
(1.2 0.2061783524 0.05274507158)
(1.3 0.2061783524 0.05274507158)
(1.4 0.2061783524 0.05274507158)
(1.5 0.2061783524 0.05274507158)
(1.6 0.2061783524 0.05274507158)
(1.7 0.2061783524 0.05274507158)
(1.8 0.2061783524 0.05274507158)
(1.9 0.2061783524 0.05274507158)
(2 0.2061783524 0.05274507158)
(0 0.2296661811 0.05274507158)
(0.1 0.2296661811 0.05274507158)
(0.2 0.2296661811 0.05274507158)
(0.3 0.2296661811 0.05274507158)
(0.4 0.2296661811 0.05274507158)
(0.5 0.2296661811 0.05274507158)
(0.6 0.2296661811 0.05274507158)
(0.7 0.2296661811 0.05274507158)
(0.8 0.2296661811 0.05274507158)
(0.9 0.2296661811 0.05274507158)
(1 0.2296661811 0.05274507158)
(1.1 0.2296661811 0.05274507158)
(1.2 0.2296661811 0.05274507158)
(1.3 0.2296661811 0.05274507158)
(1.4 0.2296661811 0.05274507158)
(1.5 0.2296661811 0.05274507158)
(1.6 0.2296661811 0.05274507158)
(1.7 0.2296661811 0.05274507158)
(1.8 0.2296661811 0.05274507158)
(1.9 0.2296661811 0.05274507158)
(2 0.2296661811 0.05274507158)
(0 0.2547835882 0.05274507158)
(0.1 0.2547835882 0.05274507158)
(0.2 0.2547835882 0.05274507158)
(0.3 0.2547835882 0.05274507158)
(0.4 0.2547835882 0.05274507158)
(0.5 0.2547835882 0.05274507158)
(0.6 0.2547835882 0.05274507158)
(0.7 0.2547835882 0.05274507158)
(0.8 0.2547835882 0.05274507158)
(0.9 0.2547835882 0.05274507158)
(1 0.2547835882 0.05274507158)
(1.1 0.2547835882 0.05274507158)
(1.2 0.2547835882 0.05274507158)
(1.3 0.2547835882 0.05274507158)
(1.4 0.2547835882 0.05274507158)
(1.5 0.2547835882 0.05274507158)
(1.6 0.2547835882 0.05274507158)
(1.7 0.2547835882 0.05274507158)
(1.8 0.2547835882 0.05274507158)
(1.9 0.2547835882 0.05274507158)
(2 0.2547835882 0.05274507158)
(0 0.2816436335 0.05274507158)
(0.1 0.2816436335 0.05274507158)
(0.2 0.2816436335 0.05274507158)
(0.3 0.2816436335 0.05274507158)
(0.4 0.2816436335 0.05274507158)
(0.5 0.2816436335 0.05274507158)
(0.6 0.2816436335 0.05274507158)
(0.7 0.2816436335 0.05274507158)
(0.8 0.2816436335 0.05274507158)
(0.9 0.2816436335 0.05274507158)
(1 0.2816436335 0.05274507158)
(1.1 0.2816436335 0.05274507158)
(1.2 0.2816436335 0.05274507158)
(1.3 0.2816436335 0.05274507158)
(1.4 0.2816436335 0.05274507158)
(1.5 0.2816436335 0.05274507158)
(1.6 0.2816436335 0.05274507158)
(1.7 0.2816436335 0.05274507158)
(1.8 0.2816436335 0.05274507158)
(1.9 0.2816436335 0.05274507158)
(2 0.2816436335 0.05274507158)
(0 0.3103672206 0.05274507158)
(0.1 0.3103672206 0.05274507158)
(0.2 0.3103672206 0.05274507158)
(0.3 0.3103672206 0.05274507158)
(0.4 0.3103672206 0.05274507158)
(0.5 0.3103672206 0.05274507158)
(0.6 0.3103672206 0.05274507158)
(0.7 0.3103672206 0.05274507158)
(0.8 0.3103672206 0.05274507158)
(0.9 0.3103672206 0.05274507158)
(1 0.3103672206 0.05274507158)
(1.1 0.3103672206 0.05274507158)
(1.2 0.3103672206 0.05274507158)
(1.3 0.3103672206 0.05274507158)
(1.4 0.3103672206 0.05274507158)
(1.5 0.3103672206 0.05274507158)
(1.6 0.3103672206 0.05274507158)
(1.7 0.3103672206 0.05274507158)
(1.8 0.3103672206 0.05274507158)
(1.9 0.3103672206 0.05274507158)
(2 0.3103672206 0.05274507158)
(0 0.3410836415 0.05274507158)
(0.1 0.3410836415 0.05274507158)
(0.2 0.3410836415 0.05274507158)
(0.3 0.3410836415 0.05274507158)
(0.4 0.3410836415 0.05274507158)
(0.5 0.3410836415 0.05274507158)
(0.6 0.3410836415 0.05274507158)
(0.7 0.3410836415 0.05274507158)
(0.8 0.3410836415 0.05274507158)
(0.9 0.3410836415 0.05274507158)
(1 0.3410836415 0.05274507158)
(1.1 0.3410836415 0.05274507158)
(1.2 0.3410836415 0.05274507158)
(1.3 0.3410836415 0.05274507158)
(1.4 0.3410836415 0.05274507158)
(1.5 0.3410836415 0.05274507158)
(1.6 0.3410836415 0.05274507158)
(1.7 0.3410836415 0.05274507158)
(1.8 0.3410836415 0.05274507158)
(1.9 0.3410836415 0.05274507158)
(2 0.3410836415 0.05274507158)
(0 0.3739311585 0.05274507158)
(0.1 0.3739311585 0.05274507158)
(0.2 0.3739311585 0.05274507158)
(0.3 0.3739311585 0.05274507158)
(0.4 0.3739311585 0.05274507158)
(0.5 0.3739311585 0.05274507158)
(0.6 0.3739311585 0.05274507158)
(0.7 0.3739311585 0.05274507158)
(0.8 0.3739311585 0.05274507158)
(0.9 0.3739311585 0.05274507158)
(1 0.3739311585 0.05274507158)
(1.1 0.3739311585 0.05274507158)
(1.2 0.3739311585 0.05274507158)
(1.3 0.3739311585 0.05274507158)
(1.4 0.3739311585 0.05274507158)
(1.5 0.3739311585 0.05274507158)
(1.6 0.3739311585 0.05274507158)
(1.7 0.3739311585 0.05274507158)
(1.8 0.3739311585 0.05274507158)
(1.9 0.3739311585 0.05274507158)
(2 0.3739311585 0.05274507158)
(0 0.4090576263 0.05274507158)
(0.1 0.4090576263 0.05274507158)
(0.2 0.4090576263 0.05274507158)
(0.3 0.4090576263 0.05274507158)
(0.4 0.4090576263 0.05274507158)
(0.5 0.4090576263 0.05274507158)
(0.6 0.4090576263 0.05274507158)
(0.7 0.4090576263 0.05274507158)
(0.8 0.4090576263 0.05274507158)
(0.9 0.4090576263 0.05274507158)
(1 0.4090576263 0.05274507158)
(1.1 0.4090576263 0.05274507158)
(1.2 0.4090576263 0.05274507158)
(1.3 0.4090576263 0.05274507158)
(1.4 0.4090576263 0.05274507158)
(1.5 0.4090576263 0.05274507158)
(1.6 0.4090576263 0.05274507158)
(1.7 0.4090576263 0.05274507158)
(1.8 0.4090576263 0.05274507158)
(1.9 0.4090576263 0.05274507158)
(2 0.4090576263 0.05274507158)
(0 0.4466211578 0.05274507158)
(0.1 0.4466211578 0.05274507158)
(0.2 0.4466211578 0.05274507158)
(0.3 0.4466211578 0.05274507158)
(0.4 0.4466211578 0.05274507158)
(0.5 0.4466211578 0.05274507158)
(0.6 0.4466211578 0.05274507158)
(0.7 0.4466211578 0.05274507158)
(0.8 0.4466211578 0.05274507158)
(0.9 0.4466211578 0.05274507158)
(1 0.4466211578 0.05274507158)
(1.1 0.4466211578 0.05274507158)
(1.2 0.4466211578 0.05274507158)
(1.3 0.4466211578 0.05274507158)
(1.4 0.4466211578 0.05274507158)
(1.5 0.4466211578 0.05274507158)
(1.6 0.4466211578 0.05274507158)
(1.7 0.4466211578 0.05274507158)
(1.8 0.4466211578 0.05274507158)
(1.9 0.4466211578 0.05274507158)
(2 0.4466211578 0.05274507158)
(0 0.4867908358 0.05274507158)
(0.1 0.4867908358 0.05274507158)
(0.2 0.4867908358 0.05274507158)
(0.3 0.4867908358 0.05274507158)
(0.4 0.4867908358 0.05274507158)
(0.5 0.4867908358 0.05274507158)
(0.6 0.4867908358 0.05274507158)
(0.7 0.4867908358 0.05274507158)
(0.8 0.4867908358 0.05274507158)
(0.9 0.4867908358 0.05274507158)
(1 0.4867908358 0.05274507158)
(1.1 0.4867908358 0.05274507158)
(1.2 0.4867908358 0.05274507158)
(1.3 0.4867908358 0.05274507158)
(1.4 0.4867908358 0.05274507158)
(1.5 0.4867908358 0.05274507158)
(1.6 0.4867908358 0.05274507158)
(1.7 0.4867908358 0.05274507158)
(1.8 0.4867908358 0.05274507158)
(1.9 0.4867908358 0.05274507158)
(2 0.4867908358 0.05274507158)
(0 0.529747474 0.05274507158)
(0.1 0.529747474 0.05274507158)
(0.2 0.529747474 0.05274507158)
(0.3 0.529747474 0.05274507158)
(0.4 0.529747474 0.05274507158)
(0.5 0.529747474 0.05274507158)
(0.6 0.529747474 0.05274507158)
(0.7 0.529747474 0.05274507158)
(0.8 0.529747474 0.05274507158)
(0.9 0.529747474 0.05274507158)
(1 0.529747474 0.05274507158)
(1.1 0.529747474 0.05274507158)
(1.2 0.529747474 0.05274507158)
(1.3 0.529747474 0.05274507158)
(1.4 0.529747474 0.05274507158)
(1.5 0.529747474 0.05274507158)
(1.6 0.529747474 0.05274507158)
(1.7 0.529747474 0.05274507158)
(1.8 0.529747474 0.05274507158)
(1.9 0.529747474 0.05274507158)
(2 0.529747474 0.05274507158)
(0 0.5756844308 0.05274507158)
(0.1 0.5756844308 0.05274507158)
(0.2 0.5756844308 0.05274507158)
(0.3 0.5756844308 0.05274507158)
(0.4 0.5756844308 0.05274507158)
(0.5 0.5756844308 0.05274507158)
(0.6 0.5756844308 0.05274507158)
(0.7 0.5756844308 0.05274507158)
(0.8 0.5756844308 0.05274507158)
(0.9 0.5756844308 0.05274507158)
(1 0.5756844308 0.05274507158)
(1.1 0.5756844308 0.05274507158)
(1.2 0.5756844308 0.05274507158)
(1.3 0.5756844308 0.05274507158)
(1.4 0.5756844308 0.05274507158)
(1.5 0.5756844308 0.05274507158)
(1.6 0.5756844308 0.05274507158)
(1.7 0.5756844308 0.05274507158)
(1.8 0.5756844308 0.05274507158)
(1.9 0.5756844308 0.05274507158)
(2 0.5756844308 0.05274507158)
(0 0.6248084798 0.05274507158)
(0.1 0.6248084798 0.05274507158)
(0.2 0.6248084798 0.05274507158)
(0.3 0.6248084798 0.05274507158)
(0.4 0.6248084798 0.05274507158)
(0.5 0.6248084798 0.05274507158)
(0.6 0.6248084798 0.05274507158)
(0.7 0.6248084798 0.05274507158)
(0.8 0.6248084798 0.05274507158)
(0.9 0.6248084798 0.05274507158)
(1 0.6248084798 0.05274507158)
(1.1 0.6248084798 0.05274507158)
(1.2 0.6248084798 0.05274507158)
(1.3 0.6248084798 0.05274507158)
(1.4 0.6248084798 0.05274507158)
(1.5 0.6248084798 0.05274507158)
(1.6 0.6248084798 0.05274507158)
(1.7 0.6248084798 0.05274507158)
(1.8 0.6248084798 0.05274507158)
(1.9 0.6248084798 0.05274507158)
(2 0.6248084798 0.05274507158)
(0 0.6773407405 0.05274507158)
(0.1 0.6773407405 0.05274507158)
(0.2 0.6773407405 0.05274507158)
(0.3 0.6773407405 0.05274507158)
(0.4 0.6773407405 0.05274507158)
(0.5 0.6773407405 0.05274507158)
(0.6 0.6773407405 0.05274507158)
(0.7 0.6773407405 0.05274507158)
(0.8 0.6773407405 0.05274507158)
(0.9 0.6773407405 0.05274507158)
(1 0.6773407405 0.05274507158)
(1.1 0.6773407405 0.05274507158)
(1.2 0.6773407405 0.05274507158)
(1.3 0.6773407405 0.05274507158)
(1.4 0.6773407405 0.05274507158)
(1.5 0.6773407405 0.05274507158)
(1.6 0.6773407405 0.05274507158)
(1.7 0.6773407405 0.05274507158)
(1.8 0.6773407405 0.05274507158)
(1.9 0.6773407405 0.05274507158)
(2 0.6773407405 0.05274507158)
(0 0.7335176736 0.05274507158)
(0.1 0.7335176736 0.05274507158)
(0.2 0.7335176736 0.05274507158)
(0.3 0.7335176736 0.05274507158)
(0.4 0.7335176736 0.05274507158)
(0.5 0.7335176736 0.05274507158)
(0.6 0.7335176736 0.05274507158)
(0.7 0.7335176736 0.05274507158)
(0.8 0.7335176736 0.05274507158)
(0.9 0.7335176736 0.05274507158)
(1 0.7335176736 0.05274507158)
(1.1 0.7335176736 0.05274507158)
(1.2 0.7335176736 0.05274507158)
(1.3 0.7335176736 0.05274507158)
(1.4 0.7335176736 0.05274507158)
(1.5 0.7335176736 0.05274507158)
(1.6 0.7335176736 0.05274507158)
(1.7 0.7335176736 0.05274507158)
(1.8 0.7335176736 0.05274507158)
(1.9 0.7335176736 0.05274507158)
(2 0.7335176736 0.05274507158)
(0 0.7935921454 0.05274507158)
(0.1 0.7935921454 0.05274507158)
(0.2 0.7935921454 0.05274507158)
(0.3 0.7935921454 0.05274507158)
(0.4 0.7935921454 0.05274507158)
(0.5 0.7935921454 0.05274507158)
(0.6 0.7935921454 0.05274507158)
(0.7 0.7935921454 0.05274507158)
(0.8 0.7935921454 0.05274507158)
(0.9 0.7935921454 0.05274507158)
(1 0.7935921454 0.05274507158)
(1.1 0.7935921454 0.05274507158)
(1.2 0.7935921454 0.05274507158)
(1.3 0.7935921454 0.05274507158)
(1.4 0.7935921454 0.05274507158)
(1.5 0.7935921454 0.05274507158)
(1.6 0.7935921454 0.05274507158)
(1.7 0.7935921454 0.05274507158)
(1.8 0.7935921454 0.05274507158)
(1.9 0.7935921454 0.05274507158)
(2 0.7935921454 0.05274507158)
(0 0.857834566 0.05274507158)
(0.1 0.857834566 0.05274507158)
(0.2 0.857834566 0.05274507158)
(0.3 0.857834566 0.05274507158)
(0.4 0.857834566 0.05274507158)
(0.5 0.857834566 0.05274507158)
(0.6 0.857834566 0.05274507158)
(0.7 0.857834566 0.05274507158)
(0.8 0.857834566 0.05274507158)
(0.9 0.857834566 0.05274507158)
(1 0.857834566 0.05274507158)
(1.1 0.857834566 0.05274507158)
(1.2 0.857834566 0.05274507158)
(1.3 0.857834566 0.05274507158)
(1.4 0.857834566 0.05274507158)
(1.5 0.857834566 0.05274507158)
(1.6 0.857834566 0.05274507158)
(1.7 0.857834566 0.05274507158)
(1.8 0.857834566 0.05274507158)
(1.9 0.857834566 0.05274507158)
(2 0.857834566 0.05274507158)
(0 0.9265341063 0.05274507158)
(0.1 0.9265341063 0.05274507158)
(0.2 0.9265341063 0.05274507158)
(0.3 0.9265341063 0.05274507158)
(0.4 0.9265341063 0.05274507158)
(0.5 0.9265341063 0.05274507158)
(0.6 0.9265341063 0.05274507158)
(0.7 0.9265341063 0.05274507158)
(0.8 0.9265341063 0.05274507158)
(0.9 0.9265341063 0.05274507158)
(1 0.9265341063 0.05274507158)
(1.1 0.9265341063 0.05274507158)
(1.2 0.9265341063 0.05274507158)
(1.3 0.9265341063 0.05274507158)
(1.4 0.9265341063 0.05274507158)
(1.5 0.9265341063 0.05274507158)
(1.6 0.9265341063 0.05274507158)
(1.7 0.9265341063 0.05274507158)
(1.8 0.9265341063 0.05274507158)
(1.9 0.9265341063 0.05274507158)
(2 0.9265341063 0.05274507158)
(0 1 0.05274507158)
(0.1 1 0.05274507158)
(0.2 1 0.05274507158)
(0.3 1 0.05274507158)
(0.4 1 0.05274507158)
(0.5 1 0.05274507158)
(0.6 1 0.05274507158)
(0.7 1 0.05274507158)
(0.8 1 0.05274507158)
(0.9 1 0.05274507158)
(1 1 0.05274507158)
(1.1 1 0.05274507158)
(1.2 1 0.05274507158)
(1.3 1 0.05274507158)
(1.4 1 0.05274507158)
(1.5 1 0.05274507158)
(1.6 1 0.05274507158)
(1.7 1 0.05274507158)
(1.8 1 0.05274507158)
(1.9 1 0.05274507158)
(2 1 0.05274507158)
(0 0 0.06558774547)
(0.1 0 0.06558774547)
(0.2 0 0.06558774547)
(0.3 0 0.06558774547)
(0.4 0 0.06558774547)
(0.5 0 0.06558774547)
(0.6 0 0.06558774547)
(0.7 0 0.06558774547)
(0.8 0 0.06558774547)
(0.9 0 0.06558774547)
(1 0 0.06558774547)
(1.1 0 0.06558774547)
(1.2 0 0.06558774547)
(1.3 0 0.06558774547)
(1.4 0 0.06558774547)
(1.5 0 0.06558774547)
(1.6 0 0.06558774547)
(1.7 0 0.06558774547)
(1.8 0 0.06558774547)
(1.9 0 0.06558774547)
(2 0 0.06558774547)
(0 0.009183236716 0.06558774547)
(0.1 0.009183236716 0.06558774547)
(0.2 0.009183236716 0.06558774547)
(0.3 0.009183236716 0.06558774547)
(0.4 0.009183236716 0.06558774547)
(0.5 0.009183236716 0.06558774547)
(0.6 0.009183236716 0.06558774547)
(0.7 0.009183236716 0.06558774547)
(0.8 0.009183236716 0.06558774547)
(0.9 0.009183236716 0.06558774547)
(1 0.009183236716 0.06558774547)
(1.1 0.009183236716 0.06558774547)
(1.2 0.009183236716 0.06558774547)
(1.3 0.009183236716 0.06558774547)
(1.4 0.009183236716 0.06558774547)
(1.5 0.009183236716 0.06558774547)
(1.6 0.009183236716 0.06558774547)
(1.7 0.009183236716 0.06558774547)
(1.8 0.009183236716 0.06558774547)
(1.9 0.009183236716 0.06558774547)
(2 0.009183236716 0.06558774547)
(0 0.01900360363 0.06558774547)
(0.1 0.01900360363 0.06558774547)
(0.2 0.01900360363 0.06558774547)
(0.3 0.01900360363 0.06558774547)
(0.4 0.01900360363 0.06558774547)
(0.5 0.01900360363 0.06558774547)
(0.6 0.01900360363 0.06558774547)
(0.7 0.01900360363 0.06558774547)
(0.8 0.01900360363 0.06558774547)
(0.9 0.01900360363 0.06558774547)
(1 0.01900360363 0.06558774547)
(1.1 0.01900360363 0.06558774547)
(1.2 0.01900360363 0.06558774547)
(1.3 0.01900360363 0.06558774547)
(1.4 0.01900360363 0.06558774547)
(1.5 0.01900360363 0.06558774547)
(1.6 0.01900360363 0.06558774547)
(1.7 0.01900360363 0.06558774547)
(1.8 0.01900360363 0.06558774547)
(1.9 0.01900360363 0.06558774547)
(2 0.01900360363 0.06558774547)
(0 0.02950530463 0.06558774547)
(0.1 0.02950530463 0.06558774547)
(0.2 0.02950530463 0.06558774547)
(0.3 0.02950530463 0.06558774547)
(0.4 0.02950530463 0.06558774547)
(0.5 0.02950530463 0.06558774547)
(0.6 0.02950530463 0.06558774547)
(0.7 0.02950530463 0.06558774547)
(0.8 0.02950530463 0.06558774547)
(0.9 0.02950530463 0.06558774547)
(1 0.02950530463 0.06558774547)
(1.1 0.02950530463 0.06558774547)
(1.2 0.02950530463 0.06558774547)
(1.3 0.02950530463 0.06558774547)
(1.4 0.02950530463 0.06558774547)
(1.5 0.02950530463 0.06558774547)
(1.6 0.02950530463 0.06558774547)
(1.7 0.02950530463 0.06558774547)
(1.8 0.02950530463 0.06558774547)
(1.9 0.02950530463 0.06558774547)
(2 0.02950530463 0.06558774547)
(0 0.04073561049 0.06558774547)
(0.1 0.04073561049 0.06558774547)
(0.2 0.04073561049 0.06558774547)
(0.3 0.04073561049 0.06558774547)
(0.4 0.04073561049 0.06558774547)
(0.5 0.04073561049 0.06558774547)
(0.6 0.04073561049 0.06558774547)
(0.7 0.04073561049 0.06558774547)
(0.8 0.04073561049 0.06558774547)
(0.9 0.04073561049 0.06558774547)
(1 0.04073561049 0.06558774547)
(1.1 0.04073561049 0.06558774547)
(1.2 0.04073561049 0.06558774547)
(1.3 0.04073561049 0.06558774547)
(1.4 0.04073561049 0.06558774547)
(1.5 0.04073561049 0.06558774547)
(1.6 0.04073561049 0.06558774547)
(1.7 0.04073561049 0.06558774547)
(1.8 0.04073561049 0.06558774547)
(1.9 0.04073561049 0.06558774547)
(2 0.04073561049 0.06558774547)
(0 0.05274507158 0.06558774547)
(0.1 0.05274507158 0.06558774547)
(0.2 0.05274507158 0.06558774547)
(0.3 0.05274507158 0.06558774547)
(0.4 0.05274507158 0.06558774547)
(0.5 0.05274507158 0.06558774547)
(0.6 0.05274507158 0.06558774547)
(0.7 0.05274507158 0.06558774547)
(0.8 0.05274507158 0.06558774547)
(0.9 0.05274507158 0.06558774547)
(1 0.05274507158 0.06558774547)
(1.1 0.05274507158 0.06558774547)
(1.2 0.05274507158 0.06558774547)
(1.3 0.05274507158 0.06558774547)
(1.4 0.05274507158 0.06558774547)
(1.5 0.05274507158 0.06558774547)
(1.6 0.05274507158 0.06558774547)
(1.7 0.05274507158 0.06558774547)
(1.8 0.05274507158 0.06558774547)
(1.9 0.05274507158 0.06558774547)
(2 0.05274507158 0.06558774547)
(0 0.06558774547 0.06558774547)
(0.1 0.06558774547 0.06558774547)
(0.2 0.06558774547 0.06558774547)
(0.3 0.06558774547 0.06558774547)
(0.4 0.06558774547 0.06558774547)
(0.5 0.06558774547 0.06558774547)
(0.6 0.06558774547 0.06558774547)
(0.7 0.06558774547 0.06558774547)
(0.8 0.06558774547 0.06558774547)
(0.9 0.06558774547 0.06558774547)
(1 0.06558774547 0.06558774547)
(1.1 0.06558774547 0.06558774547)
(1.2 0.06558774547 0.06558774547)
(1.3 0.06558774547 0.06558774547)
(1.4 0.06558774547 0.06558774547)
(1.5 0.06558774547 0.06558774547)
(1.6 0.06558774547 0.06558774547)
(1.7 0.06558774547 0.06558774547)
(1.8 0.06558774547 0.06558774547)
(1.9 0.06558774547 0.06558774547)
(2 0.06558774547 0.06558774547)
(0 0.07932144019 0.06558774547)
(0.1 0.07932144019 0.06558774547)
(0.2 0.07932144019 0.06558774547)
(0.3 0.07932144019 0.06558774547)
(0.4 0.07932144019 0.06558774547)
(0.5 0.07932144019 0.06558774547)
(0.6 0.07932144019 0.06558774547)
(0.7 0.07932144019 0.06558774547)
(0.8 0.07932144019 0.06558774547)
(0.9 0.07932144019 0.06558774547)
(1 0.07932144019 0.06558774547)
(1.1 0.07932144019 0.06558774547)
(1.2 0.07932144019 0.06558774547)
(1.3 0.07932144019 0.06558774547)
(1.4 0.07932144019 0.06558774547)
(1.5 0.07932144019 0.06558774547)
(1.6 0.07932144019 0.06558774547)
(1.7 0.07932144019 0.06558774547)
(1.8 0.07932144019 0.06558774547)
(1.9 0.07932144019 0.06558774547)
(2 0.07932144019 0.06558774547)
(0 0.09400797452 0.06558774547)
(0.1 0.09400797452 0.06558774547)
(0.2 0.09400797452 0.06558774547)
(0.3 0.09400797452 0.06558774547)
(0.4 0.09400797452 0.06558774547)
(0.5 0.09400797452 0.06558774547)
(0.6 0.09400797452 0.06558774547)
(0.7 0.09400797452 0.06558774547)
(0.8 0.09400797452 0.06558774547)
(0.9 0.09400797452 0.06558774547)
(1 0.09400797452 0.06558774547)
(1.1 0.09400797452 0.06558774547)
(1.2 0.09400797452 0.06558774547)
(1.3 0.09400797452 0.06558774547)
(1.4 0.09400797452 0.06558774547)
(1.5 0.09400797452 0.06558774547)
(1.6 0.09400797452 0.06558774547)
(1.7 0.09400797452 0.06558774547)
(1.8 0.09400797452 0.06558774547)
(1.9 0.09400797452 0.06558774547)
(2 0.09400797452 0.06558774547)
(0 0.1097134562 0.06558774547)
(0.1 0.1097134562 0.06558774547)
(0.2 0.1097134562 0.06558774547)
(0.3 0.1097134562 0.06558774547)
(0.4 0.1097134562 0.06558774547)
(0.5 0.1097134562 0.06558774547)
(0.6 0.1097134562 0.06558774547)
(0.7 0.1097134562 0.06558774547)
(0.8 0.1097134562 0.06558774547)
(0.9 0.1097134562 0.06558774547)
(1 0.1097134562 0.06558774547)
(1.1 0.1097134562 0.06558774547)
(1.2 0.1097134562 0.06558774547)
(1.3 0.1097134562 0.06558774547)
(1.4 0.1097134562 0.06558774547)
(1.5 0.1097134562 0.06558774547)
(1.6 0.1097134562 0.06558774547)
(1.7 0.1097134562 0.06558774547)
(1.8 0.1097134562 0.06558774547)
(1.9 0.1097134562 0.06558774547)
(2 0.1097134562 0.06558774547)
(0 0.1265085794 0.06558774547)
(0.1 0.1265085794 0.06558774547)
(0.2 0.1265085794 0.06558774547)
(0.3 0.1265085794 0.06558774547)
(0.4 0.1265085794 0.06558774547)
(0.5 0.1265085794 0.06558774547)
(0.6 0.1265085794 0.06558774547)
(0.7 0.1265085794 0.06558774547)
(0.8 0.1265085794 0.06558774547)
(0.9 0.1265085794 0.06558774547)
(1 0.1265085794 0.06558774547)
(1.1 0.1265085794 0.06558774547)
(1.2 0.1265085794 0.06558774547)
(1.3 0.1265085794 0.06558774547)
(1.4 0.1265085794 0.06558774547)
(1.5 0.1265085794 0.06558774547)
(1.6 0.1265085794 0.06558774547)
(1.7 0.1265085794 0.06558774547)
(1.8 0.1265085794 0.06558774547)
(1.9 0.1265085794 0.06558774547)
(2 0.1265085794 0.06558774547)
(0 0.1444689432 0.06558774547)
(0.1 0.1444689432 0.06558774547)
(0.2 0.1444689432 0.06558774547)
(0.3 0.1444689432 0.06558774547)
(0.4 0.1444689432 0.06558774547)
(0.5 0.1444689432 0.06558774547)
(0.6 0.1444689432 0.06558774547)
(0.7 0.1444689432 0.06558774547)
(0.8 0.1444689432 0.06558774547)
(0.9 0.1444689432 0.06558774547)
(1 0.1444689432 0.06558774547)
(1.1 0.1444689432 0.06558774547)
(1.2 0.1444689432 0.06558774547)
(1.3 0.1444689432 0.06558774547)
(1.4 0.1444689432 0.06558774547)
(1.5 0.1444689432 0.06558774547)
(1.6 0.1444689432 0.06558774547)
(1.7 0.1444689432 0.06558774547)
(1.8 0.1444689432 0.06558774547)
(1.9 0.1444689432 0.06558774547)
(2 0.1444689432 0.06558774547)
(0 0.1636753917 0.06558774547)
(0.1 0.1636753917 0.06558774547)
(0.2 0.1636753917 0.06558774547)
(0.3 0.1636753917 0.06558774547)
(0.4 0.1636753917 0.06558774547)
(0.5 0.1636753917 0.06558774547)
(0.6 0.1636753917 0.06558774547)
(0.7 0.1636753917 0.06558774547)
(0.8 0.1636753917 0.06558774547)
(0.9 0.1636753917 0.06558774547)
(1 0.1636753917 0.06558774547)
(1.1 0.1636753917 0.06558774547)
(1.2 0.1636753917 0.06558774547)
(1.3 0.1636753917 0.06558774547)
(1.4 0.1636753917 0.06558774547)
(1.5 0.1636753917 0.06558774547)
(1.6 0.1636753917 0.06558774547)
(1.7 0.1636753917 0.06558774547)
(1.8 0.1636753917 0.06558774547)
(1.9 0.1636753917 0.06558774547)
(2 0.1636753917 0.06558774547)
(0 0.1842143777 0.06558774547)
(0.1 0.1842143777 0.06558774547)
(0.2 0.1842143777 0.06558774547)
(0.3 0.1842143777 0.06558774547)
(0.4 0.1842143777 0.06558774547)
(0.5 0.1842143777 0.06558774547)
(0.6 0.1842143777 0.06558774547)
(0.7 0.1842143777 0.06558774547)
(0.8 0.1842143777 0.06558774547)
(0.9 0.1842143777 0.06558774547)
(1 0.1842143777 0.06558774547)
(1.1 0.1842143777 0.06558774547)
(1.2 0.1842143777 0.06558774547)
(1.3 0.1842143777 0.06558774547)
(1.4 0.1842143777 0.06558774547)
(1.5 0.1842143777 0.06558774547)
(1.6 0.1842143777 0.06558774547)
(1.7 0.1842143777 0.06558774547)
(1.8 0.1842143777 0.06558774547)
(1.9 0.1842143777 0.06558774547)
(2 0.1842143777 0.06558774547)
(0 0.2061783524 0.06558774547)
(0.1 0.2061783524 0.06558774547)
(0.2 0.2061783524 0.06558774547)
(0.3 0.2061783524 0.06558774547)
(0.4 0.2061783524 0.06558774547)
(0.5 0.2061783524 0.06558774547)
(0.6 0.2061783524 0.06558774547)
(0.7 0.2061783524 0.06558774547)
(0.8 0.2061783524 0.06558774547)
(0.9 0.2061783524 0.06558774547)
(1 0.2061783524 0.06558774547)
(1.1 0.2061783524 0.06558774547)
(1.2 0.2061783524 0.06558774547)
(1.3 0.2061783524 0.06558774547)
(1.4 0.2061783524 0.06558774547)
(1.5 0.2061783524 0.06558774547)
(1.6 0.2061783524 0.06558774547)
(1.7 0.2061783524 0.06558774547)
(1.8 0.2061783524 0.06558774547)
(1.9 0.2061783524 0.06558774547)
(2 0.2061783524 0.06558774547)
(0 0.2296661811 0.06558774547)
(0.1 0.2296661811 0.06558774547)
(0.2 0.2296661811 0.06558774547)
(0.3 0.2296661811 0.06558774547)
(0.4 0.2296661811 0.06558774547)
(0.5 0.2296661811 0.06558774547)
(0.6 0.2296661811 0.06558774547)
(0.7 0.2296661811 0.06558774547)
(0.8 0.2296661811 0.06558774547)
(0.9 0.2296661811 0.06558774547)
(1 0.2296661811 0.06558774547)
(1.1 0.2296661811 0.06558774547)
(1.2 0.2296661811 0.06558774547)
(1.3 0.2296661811 0.06558774547)
(1.4 0.2296661811 0.06558774547)
(1.5 0.2296661811 0.06558774547)
(1.6 0.2296661811 0.06558774547)
(1.7 0.2296661811 0.06558774547)
(1.8 0.2296661811 0.06558774547)
(1.9 0.2296661811 0.06558774547)
(2 0.2296661811 0.06558774547)
(0 0.2547835882 0.06558774547)
(0.1 0.2547835882 0.06558774547)
(0.2 0.2547835882 0.06558774547)
(0.3 0.2547835882 0.06558774547)
(0.4 0.2547835882 0.06558774547)
(0.5 0.2547835882 0.06558774547)
(0.6 0.2547835882 0.06558774547)
(0.7 0.2547835882 0.06558774547)
(0.8 0.2547835882 0.06558774547)
(0.9 0.2547835882 0.06558774547)
(1 0.2547835882 0.06558774547)
(1.1 0.2547835882 0.06558774547)
(1.2 0.2547835882 0.06558774547)
(1.3 0.2547835882 0.06558774547)
(1.4 0.2547835882 0.06558774547)
(1.5 0.2547835882 0.06558774547)
(1.6 0.2547835882 0.06558774547)
(1.7 0.2547835882 0.06558774547)
(1.8 0.2547835882 0.06558774547)
(1.9 0.2547835882 0.06558774547)
(2 0.2547835882 0.06558774547)
(0 0.2816436335 0.06558774547)
(0.1 0.2816436335 0.06558774547)
(0.2 0.2816436335 0.06558774547)
(0.3 0.2816436335 0.06558774547)
(0.4 0.2816436335 0.06558774547)
(0.5 0.2816436335 0.06558774547)
(0.6 0.2816436335 0.06558774547)
(0.7 0.2816436335 0.06558774547)
(0.8 0.2816436335 0.06558774547)
(0.9 0.2816436335 0.06558774547)
(1 0.2816436335 0.06558774547)
(1.1 0.2816436335 0.06558774547)
(1.2 0.2816436335 0.06558774547)
(1.3 0.2816436335 0.06558774547)
(1.4 0.2816436335 0.06558774547)
(1.5 0.2816436335 0.06558774547)
(1.6 0.2816436335 0.06558774547)
(1.7 0.2816436335 0.06558774547)
(1.8 0.2816436335 0.06558774547)
(1.9 0.2816436335 0.06558774547)
(2 0.2816436335 0.06558774547)
(0 0.3103672206 0.06558774547)
(0.1 0.3103672206 0.06558774547)
(0.2 0.3103672206 0.06558774547)
(0.3 0.3103672206 0.06558774547)
(0.4 0.3103672206 0.06558774547)
(0.5 0.3103672206 0.06558774547)
(0.6 0.3103672206 0.06558774547)
(0.7 0.3103672206 0.06558774547)
(0.8 0.3103672206 0.06558774547)
(0.9 0.3103672206 0.06558774547)
(1 0.3103672206 0.06558774547)
(1.1 0.3103672206 0.06558774547)
(1.2 0.3103672206 0.06558774547)
(1.3 0.3103672206 0.06558774547)
(1.4 0.3103672206 0.06558774547)
(1.5 0.3103672206 0.06558774547)
(1.6 0.3103672206 0.06558774547)
(1.7 0.3103672206 0.06558774547)
(1.8 0.3103672206 0.06558774547)
(1.9 0.3103672206 0.06558774547)
(2 0.3103672206 0.06558774547)
(0 0.3410836415 0.06558774547)
(0.1 0.3410836415 0.06558774547)
(0.2 0.3410836415 0.06558774547)
(0.3 0.3410836415 0.06558774547)
(0.4 0.3410836415 0.06558774547)
(0.5 0.3410836415 0.06558774547)
(0.6 0.3410836415 0.06558774547)
(0.7 0.3410836415 0.06558774547)
(0.8 0.3410836415 0.06558774547)
(0.9 0.3410836415 0.06558774547)
(1 0.3410836415 0.06558774547)
(1.1 0.3410836415 0.06558774547)
(1.2 0.3410836415 0.06558774547)
(1.3 0.3410836415 0.06558774547)
(1.4 0.3410836415 0.06558774547)
(1.5 0.3410836415 0.06558774547)
(1.6 0.3410836415 0.06558774547)
(1.7 0.3410836415 0.06558774547)
(1.8 0.3410836415 0.06558774547)
(1.9 0.3410836415 0.06558774547)
(2 0.3410836415 0.06558774547)
(0 0.3739311585 0.06558774547)
(0.1 0.3739311585 0.06558774547)
(0.2 0.3739311585 0.06558774547)
(0.3 0.3739311585 0.06558774547)
(0.4 0.3739311585 0.06558774547)
(0.5 0.3739311585 0.06558774547)
(0.6 0.3739311585 0.06558774547)
(0.7 0.3739311585 0.06558774547)
(0.8 0.3739311585 0.06558774547)
(0.9 0.3739311585 0.06558774547)
(1 0.3739311585 0.06558774547)
(1.1 0.3739311585 0.06558774547)
(1.2 0.3739311585 0.06558774547)
(1.3 0.3739311585 0.06558774547)
(1.4 0.3739311585 0.06558774547)
(1.5 0.3739311585 0.06558774547)
(1.6 0.3739311585 0.06558774547)
(1.7 0.3739311585 0.06558774547)
(1.8 0.3739311585 0.06558774547)
(1.9 0.3739311585 0.06558774547)
(2 0.3739311585 0.06558774547)
(0 0.4090576263 0.06558774547)
(0.1 0.4090576263 0.06558774547)
(0.2 0.4090576263 0.06558774547)
(0.3 0.4090576263 0.06558774547)
(0.4 0.4090576263 0.06558774547)
(0.5 0.4090576263 0.06558774547)
(0.6 0.4090576263 0.06558774547)
(0.7 0.4090576263 0.06558774547)
(0.8 0.4090576263 0.06558774547)
(0.9 0.4090576263 0.06558774547)
(1 0.4090576263 0.06558774547)
(1.1 0.4090576263 0.06558774547)
(1.2 0.4090576263 0.06558774547)
(1.3 0.4090576263 0.06558774547)
(1.4 0.4090576263 0.06558774547)
(1.5 0.4090576263 0.06558774547)
(1.6 0.4090576263 0.06558774547)
(1.7 0.4090576263 0.06558774547)
(1.8 0.4090576263 0.06558774547)
(1.9 0.4090576263 0.06558774547)
(2 0.4090576263 0.06558774547)
(0 0.4466211578 0.06558774547)
(0.1 0.4466211578 0.06558774547)
(0.2 0.4466211578 0.06558774547)
(0.3 0.4466211578 0.06558774547)
(0.4 0.4466211578 0.06558774547)
(0.5 0.4466211578 0.06558774547)
(0.6 0.4466211578 0.06558774547)
(0.7 0.4466211578 0.06558774547)
(0.8 0.4466211578 0.06558774547)
(0.9 0.4466211578 0.06558774547)
(1 0.4466211578 0.06558774547)
(1.1 0.4466211578 0.06558774547)
(1.2 0.4466211578 0.06558774547)
(1.3 0.4466211578 0.06558774547)
(1.4 0.4466211578 0.06558774547)
(1.5 0.4466211578 0.06558774547)
(1.6 0.4466211578 0.06558774547)
(1.7 0.4466211578 0.06558774547)
(1.8 0.4466211578 0.06558774547)
(1.9 0.4466211578 0.06558774547)
(2 0.4466211578 0.06558774547)
(0 0.4867908358 0.06558774547)
(0.1 0.4867908358 0.06558774547)
(0.2 0.4867908358 0.06558774547)
(0.3 0.4867908358 0.06558774547)
(0.4 0.4867908358 0.06558774547)
(0.5 0.4867908358 0.06558774547)
(0.6 0.4867908358 0.06558774547)
(0.7 0.4867908358 0.06558774547)
(0.8 0.4867908358 0.06558774547)
(0.9 0.4867908358 0.06558774547)
(1 0.4867908358 0.06558774547)
(1.1 0.4867908358 0.06558774547)
(1.2 0.4867908358 0.06558774547)
(1.3 0.4867908358 0.06558774547)
(1.4 0.4867908358 0.06558774547)
(1.5 0.4867908358 0.06558774547)
(1.6 0.4867908358 0.06558774547)
(1.7 0.4867908358 0.06558774547)
(1.8 0.4867908358 0.06558774547)
(1.9 0.4867908358 0.06558774547)
(2 0.4867908358 0.06558774547)
(0 0.529747474 0.06558774547)
(0.1 0.529747474 0.06558774547)
(0.2 0.529747474 0.06558774547)
(0.3 0.529747474 0.06558774547)
(0.4 0.529747474 0.06558774547)
(0.5 0.529747474 0.06558774547)
(0.6 0.529747474 0.06558774547)
(0.7 0.529747474 0.06558774547)
(0.8 0.529747474 0.06558774547)
(0.9 0.529747474 0.06558774547)
(1 0.529747474 0.06558774547)
(1.1 0.529747474 0.06558774547)
(1.2 0.529747474 0.06558774547)
(1.3 0.529747474 0.06558774547)
(1.4 0.529747474 0.06558774547)
(1.5 0.529747474 0.06558774547)
(1.6 0.529747474 0.06558774547)
(1.7 0.529747474 0.06558774547)
(1.8 0.529747474 0.06558774547)
(1.9 0.529747474 0.06558774547)
(2 0.529747474 0.06558774547)
(0 0.5756844308 0.06558774547)
(0.1 0.5756844308 0.06558774547)
(0.2 0.5756844308 0.06558774547)
(0.3 0.5756844308 0.06558774547)
(0.4 0.5756844308 0.06558774547)
(0.5 0.5756844308 0.06558774547)
(0.6 0.5756844308 0.06558774547)
(0.7 0.5756844308 0.06558774547)
(0.8 0.5756844308 0.06558774547)
(0.9 0.5756844308 0.06558774547)
(1 0.5756844308 0.06558774547)
(1.1 0.5756844308 0.06558774547)
(1.2 0.5756844308 0.06558774547)
(1.3 0.5756844308 0.06558774547)
(1.4 0.5756844308 0.06558774547)
(1.5 0.5756844308 0.06558774547)
(1.6 0.5756844308 0.06558774547)
(1.7 0.5756844308 0.06558774547)
(1.8 0.5756844308 0.06558774547)
(1.9 0.5756844308 0.06558774547)
(2 0.5756844308 0.06558774547)
(0 0.6248084798 0.06558774547)
(0.1 0.6248084798 0.06558774547)
(0.2 0.6248084798 0.06558774547)
(0.3 0.6248084798 0.06558774547)
(0.4 0.6248084798 0.06558774547)
(0.5 0.6248084798 0.06558774547)
(0.6 0.6248084798 0.06558774547)
(0.7 0.6248084798 0.06558774547)
(0.8 0.6248084798 0.06558774547)
(0.9 0.6248084798 0.06558774547)
(1 0.6248084798 0.06558774547)
(1.1 0.6248084798 0.06558774547)
(1.2 0.6248084798 0.06558774547)
(1.3 0.6248084798 0.06558774547)
(1.4 0.6248084798 0.06558774547)
(1.5 0.6248084798 0.06558774547)
(1.6 0.6248084798 0.06558774547)
(1.7 0.6248084798 0.06558774547)
(1.8 0.6248084798 0.06558774547)
(1.9 0.6248084798 0.06558774547)
(2 0.6248084798 0.06558774547)
(0 0.6773407405 0.06558774547)
(0.1 0.6773407405 0.06558774547)
(0.2 0.6773407405 0.06558774547)
(0.3 0.6773407405 0.06558774547)
(0.4 0.6773407405 0.06558774547)
(0.5 0.6773407405 0.06558774547)
(0.6 0.6773407405 0.06558774547)
(0.7 0.6773407405 0.06558774547)
(0.8 0.6773407405 0.06558774547)
(0.9 0.6773407405 0.06558774547)
(1 0.6773407405 0.06558774547)
(1.1 0.6773407405 0.06558774547)
(1.2 0.6773407405 0.06558774547)
(1.3 0.6773407405 0.06558774547)
(1.4 0.6773407405 0.06558774547)
(1.5 0.6773407405 0.06558774547)
(1.6 0.6773407405 0.06558774547)
(1.7 0.6773407405 0.06558774547)
(1.8 0.6773407405 0.06558774547)
(1.9 0.6773407405 0.06558774547)
(2 0.6773407405 0.06558774547)
(0 0.7335176736 0.06558774547)
(0.1 0.7335176736 0.06558774547)
(0.2 0.7335176736 0.06558774547)
(0.3 0.7335176736 0.06558774547)
(0.4 0.7335176736 0.06558774547)
(0.5 0.7335176736 0.06558774547)
(0.6 0.7335176736 0.06558774547)
(0.7 0.7335176736 0.06558774547)
(0.8 0.7335176736 0.06558774547)
(0.9 0.7335176736 0.06558774547)
(1 0.7335176736 0.06558774547)
(1.1 0.7335176736 0.06558774547)
(1.2 0.7335176736 0.06558774547)
(1.3 0.7335176736 0.06558774547)
(1.4 0.7335176736 0.06558774547)
(1.5 0.7335176736 0.06558774547)
(1.6 0.7335176736 0.06558774547)
(1.7 0.7335176736 0.06558774547)
(1.8 0.7335176736 0.06558774547)
(1.9 0.7335176736 0.06558774547)
(2 0.7335176736 0.06558774547)
(0 0.7935921454 0.06558774547)
(0.1 0.7935921454 0.06558774547)
(0.2 0.7935921454 0.06558774547)
(0.3 0.7935921454 0.06558774547)
(0.4 0.7935921454 0.06558774547)
(0.5 0.7935921454 0.06558774547)
(0.6 0.7935921454 0.06558774547)
(0.7 0.7935921454 0.06558774547)
(0.8 0.7935921454 0.06558774547)
(0.9 0.7935921454 0.06558774547)
(1 0.7935921454 0.06558774547)
(1.1 0.7935921454 0.06558774547)
(1.2 0.7935921454 0.06558774547)
(1.3 0.7935921454 0.06558774547)
(1.4 0.7935921454 0.06558774547)
(1.5 0.7935921454 0.06558774547)
(1.6 0.7935921454 0.06558774547)
(1.7 0.7935921454 0.06558774547)
(1.8 0.7935921454 0.06558774547)
(1.9 0.7935921454 0.06558774547)
(2 0.7935921454 0.06558774547)
(0 0.857834566 0.06558774547)
(0.1 0.857834566 0.06558774547)
(0.2 0.857834566 0.06558774547)
(0.3 0.857834566 0.06558774547)
(0.4 0.857834566 0.06558774547)
(0.5 0.857834566 0.06558774547)
(0.6 0.857834566 0.06558774547)
(0.7 0.857834566 0.06558774547)
(0.8 0.857834566 0.06558774547)
(0.9 0.857834566 0.06558774547)
(1 0.857834566 0.06558774547)
(1.1 0.857834566 0.06558774547)
(1.2 0.857834566 0.06558774547)
(1.3 0.857834566 0.06558774547)
(1.4 0.857834566 0.06558774547)
(1.5 0.857834566 0.06558774547)
(1.6 0.857834566 0.06558774547)
(1.7 0.857834566 0.06558774547)
(1.8 0.857834566 0.06558774547)
(1.9 0.857834566 0.06558774547)
(2 0.857834566 0.06558774547)
(0 0.9265341063 0.06558774547)
(0.1 0.9265341063 0.06558774547)
(0.2 0.9265341063 0.06558774547)
(0.3 0.9265341063 0.06558774547)
(0.4 0.9265341063 0.06558774547)
(0.5 0.9265341063 0.06558774547)
(0.6 0.9265341063 0.06558774547)
(0.7 0.9265341063 0.06558774547)
(0.8 0.9265341063 0.06558774547)
(0.9 0.9265341063 0.06558774547)
(1 0.9265341063 0.06558774547)
(1.1 0.9265341063 0.06558774547)
(1.2 0.9265341063 0.06558774547)
(1.3 0.9265341063 0.06558774547)
(1.4 0.9265341063 0.06558774547)
(1.5 0.9265341063 0.06558774547)
(1.6 0.9265341063 0.06558774547)
(1.7 0.9265341063 0.06558774547)
(1.8 0.9265341063 0.06558774547)
(1.9 0.9265341063 0.06558774547)
(2 0.9265341063 0.06558774547)
(0 1 0.06558774547)
(0.1 1 0.06558774547)
(0.2 1 0.06558774547)
(0.3 1 0.06558774547)
(0.4 1 0.06558774547)
(0.5 1 0.06558774547)
(0.6 1 0.06558774547)
(0.7 1 0.06558774547)
(0.8 1 0.06558774547)
(0.9 1 0.06558774547)
(1 1 0.06558774547)
(1.1 1 0.06558774547)
(1.2 1 0.06558774547)
(1.3 1 0.06558774547)
(1.4 1 0.06558774547)
(1.5 1 0.06558774547)
(1.6 1 0.06558774547)
(1.7 1 0.06558774547)
(1.8 1 0.06558774547)
(1.9 1 0.06558774547)
(2 1 0.06558774547)
(0 0 0.07932144019)
(0.1 0 0.07932144019)
(0.2 0 0.07932144019)
(0.3 0 0.07932144019)
(0.4 0 0.07932144019)
(0.5 0 0.07932144019)
(0.6 0 0.07932144019)
(0.7 0 0.07932144019)
(0.8 0 0.07932144019)
(0.9 0 0.07932144019)
(1 0 0.07932144019)
(1.1 0 0.07932144019)
(1.2 0 0.07932144019)
(1.3 0 0.07932144019)
(1.4 0 0.07932144019)
(1.5 0 0.07932144019)
(1.6 0 0.07932144019)
(1.7 0 0.07932144019)
(1.8 0 0.07932144019)
(1.9 0 0.07932144019)
(2 0 0.07932144019)
(0 0.009183236716 0.07932144019)
(0.1 0.009183236716 0.07932144019)
(0.2 0.009183236716 0.07932144019)
(0.3 0.009183236716 0.07932144019)
(0.4 0.009183236716 0.07932144019)
(0.5 0.009183236716 0.07932144019)
(0.6 0.009183236716 0.07932144019)
(0.7 0.009183236716 0.07932144019)
(0.8 0.009183236716 0.07932144019)
(0.9 0.009183236716 0.07932144019)
(1 0.009183236716 0.07932144019)
(1.1 0.009183236716 0.07932144019)
(1.2 0.009183236716 0.07932144019)
(1.3 0.009183236716 0.07932144019)
(1.4 0.009183236716 0.07932144019)
(1.5 0.009183236716 0.07932144019)
(1.6 0.009183236716 0.07932144019)
(1.7 0.009183236716 0.07932144019)
(1.8 0.009183236716 0.07932144019)
(1.9 0.009183236716 0.07932144019)
(2 0.009183236716 0.07932144019)
(0 0.01900360363 0.07932144019)
(0.1 0.01900360363 0.07932144019)
(0.2 0.01900360363 0.07932144019)
(0.3 0.01900360363 0.07932144019)
(0.4 0.01900360363 0.07932144019)
(0.5 0.01900360363 0.07932144019)
(0.6 0.01900360363 0.07932144019)
(0.7 0.01900360363 0.07932144019)
(0.8 0.01900360363 0.07932144019)
(0.9 0.01900360363 0.07932144019)
(1 0.01900360363 0.07932144019)
(1.1 0.01900360363 0.07932144019)
(1.2 0.01900360363 0.07932144019)
(1.3 0.01900360363 0.07932144019)
(1.4 0.01900360363 0.07932144019)
(1.5 0.01900360363 0.07932144019)
(1.6 0.01900360363 0.07932144019)
(1.7 0.01900360363 0.07932144019)
(1.8 0.01900360363 0.07932144019)
(1.9 0.01900360363 0.07932144019)
(2 0.01900360363 0.07932144019)
(0 0.02950530463 0.07932144019)
(0.1 0.02950530463 0.07932144019)
(0.2 0.02950530463 0.07932144019)
(0.3 0.02950530463 0.07932144019)
(0.4 0.02950530463 0.07932144019)
(0.5 0.02950530463 0.07932144019)
(0.6 0.02950530463 0.07932144019)
(0.7 0.02950530463 0.07932144019)
(0.8 0.02950530463 0.07932144019)
(0.9 0.02950530463 0.07932144019)
(1 0.02950530463 0.07932144019)
(1.1 0.02950530463 0.07932144019)
(1.2 0.02950530463 0.07932144019)
(1.3 0.02950530463 0.07932144019)
(1.4 0.02950530463 0.07932144019)
(1.5 0.02950530463 0.07932144019)
(1.6 0.02950530463 0.07932144019)
(1.7 0.02950530463 0.07932144019)
(1.8 0.02950530463 0.07932144019)
(1.9 0.02950530463 0.07932144019)
(2 0.02950530463 0.07932144019)
(0 0.04073561049 0.07932144019)
(0.1 0.04073561049 0.07932144019)
(0.2 0.04073561049 0.07932144019)
(0.3 0.04073561049 0.07932144019)
(0.4 0.04073561049 0.07932144019)
(0.5 0.04073561049 0.07932144019)
(0.6 0.04073561049 0.07932144019)
(0.7 0.04073561049 0.07932144019)
(0.8 0.04073561049 0.07932144019)
(0.9 0.04073561049 0.07932144019)
(1 0.04073561049 0.07932144019)
(1.1 0.04073561049 0.07932144019)
(1.2 0.04073561049 0.07932144019)
(1.3 0.04073561049 0.07932144019)
(1.4 0.04073561049 0.07932144019)
(1.5 0.04073561049 0.07932144019)
(1.6 0.04073561049 0.07932144019)
(1.7 0.04073561049 0.07932144019)
(1.8 0.04073561049 0.07932144019)
(1.9 0.04073561049 0.07932144019)
(2 0.04073561049 0.07932144019)
(0 0.05274507158 0.07932144019)
(0.1 0.05274507158 0.07932144019)
(0.2 0.05274507158 0.07932144019)
(0.3 0.05274507158 0.07932144019)
(0.4 0.05274507158 0.07932144019)
(0.5 0.05274507158 0.07932144019)
(0.6 0.05274507158 0.07932144019)
(0.7 0.05274507158 0.07932144019)
(0.8 0.05274507158 0.07932144019)
(0.9 0.05274507158 0.07932144019)
(1 0.05274507158 0.07932144019)
(1.1 0.05274507158 0.07932144019)
(1.2 0.05274507158 0.07932144019)
(1.3 0.05274507158 0.07932144019)
(1.4 0.05274507158 0.07932144019)
(1.5 0.05274507158 0.07932144019)
(1.6 0.05274507158 0.07932144019)
(1.7 0.05274507158 0.07932144019)
(1.8 0.05274507158 0.07932144019)
(1.9 0.05274507158 0.07932144019)
(2 0.05274507158 0.07932144019)
(0 0.06558774547 0.07932144019)
(0.1 0.06558774547 0.07932144019)
(0.2 0.06558774547 0.07932144019)
(0.3 0.06558774547 0.07932144019)
(0.4 0.06558774547 0.07932144019)
(0.5 0.06558774547 0.07932144019)
(0.6 0.06558774547 0.07932144019)
(0.7 0.06558774547 0.07932144019)
(0.8 0.06558774547 0.07932144019)
(0.9 0.06558774547 0.07932144019)
(1 0.06558774547 0.07932144019)
(1.1 0.06558774547 0.07932144019)
(1.2 0.06558774547 0.07932144019)
(1.3 0.06558774547 0.07932144019)
(1.4 0.06558774547 0.07932144019)
(1.5 0.06558774547 0.07932144019)
(1.6 0.06558774547 0.07932144019)
(1.7 0.06558774547 0.07932144019)
(1.8 0.06558774547 0.07932144019)
(1.9 0.06558774547 0.07932144019)
(2 0.06558774547 0.07932144019)
(0 0.07932144019 0.07932144019)
(0.1 0.07932144019 0.07932144019)
(0.2 0.07932144019 0.07932144019)
(0.3 0.07932144019 0.07932144019)
(0.4 0.07932144019 0.07932144019)
(0.5 0.07932144019 0.07932144019)
(0.6 0.07932144019 0.07932144019)
(0.7 0.07932144019 0.07932144019)
(0.8 0.07932144019 0.07932144019)
(0.9 0.07932144019 0.07932144019)
(1 0.07932144019 0.07932144019)
(1.1 0.07932144019 0.07932144019)
(1.2 0.07932144019 0.07932144019)
(1.3 0.07932144019 0.07932144019)
(1.4 0.07932144019 0.07932144019)
(1.5 0.07932144019 0.07932144019)
(1.6 0.07932144019 0.07932144019)
(1.7 0.07932144019 0.07932144019)
(1.8 0.07932144019 0.07932144019)
(1.9 0.07932144019 0.07932144019)
(2 0.07932144019 0.07932144019)
(0 0.09400797452 0.07932144019)
(0.1 0.09400797452 0.07932144019)
(0.2 0.09400797452 0.07932144019)
(0.3 0.09400797452 0.07932144019)
(0.4 0.09400797452 0.07932144019)
(0.5 0.09400797452 0.07932144019)
(0.6 0.09400797452 0.07932144019)
(0.7 0.09400797452 0.07932144019)
(0.8 0.09400797452 0.07932144019)
(0.9 0.09400797452 0.07932144019)
(1 0.09400797452 0.07932144019)
(1.1 0.09400797452 0.07932144019)
(1.2 0.09400797452 0.07932144019)
(1.3 0.09400797452 0.07932144019)
(1.4 0.09400797452 0.07932144019)
(1.5 0.09400797452 0.07932144019)
(1.6 0.09400797452 0.07932144019)
(1.7 0.09400797452 0.07932144019)
(1.8 0.09400797452 0.07932144019)
(1.9 0.09400797452 0.07932144019)
(2 0.09400797452 0.07932144019)
(0 0.1097134562 0.07932144019)
(0.1 0.1097134562 0.07932144019)
(0.2 0.1097134562 0.07932144019)
(0.3 0.1097134562 0.07932144019)
(0.4 0.1097134562 0.07932144019)
(0.5 0.1097134562 0.07932144019)
(0.6 0.1097134562 0.07932144019)
(0.7 0.1097134562 0.07932144019)
(0.8 0.1097134562 0.07932144019)
(0.9 0.1097134562 0.07932144019)
(1 0.1097134562 0.07932144019)
(1.1 0.1097134562 0.07932144019)
(1.2 0.1097134562 0.07932144019)
(1.3 0.1097134562 0.07932144019)
(1.4 0.1097134562 0.07932144019)
(1.5 0.1097134562 0.07932144019)
(1.6 0.1097134562 0.07932144019)
(1.7 0.1097134562 0.07932144019)
(1.8 0.1097134562 0.07932144019)
(1.9 0.1097134562 0.07932144019)
(2 0.1097134562 0.07932144019)
(0 0.1265085794 0.07932144019)
(0.1 0.1265085794 0.07932144019)
(0.2 0.1265085794 0.07932144019)
(0.3 0.1265085794 0.07932144019)
(0.4 0.1265085794 0.07932144019)
(0.5 0.1265085794 0.07932144019)
(0.6 0.1265085794 0.07932144019)
(0.7 0.1265085794 0.07932144019)
(0.8 0.1265085794 0.07932144019)
(0.9 0.1265085794 0.07932144019)
(1 0.1265085794 0.07932144019)
(1.1 0.1265085794 0.07932144019)
(1.2 0.1265085794 0.07932144019)
(1.3 0.1265085794 0.07932144019)
(1.4 0.1265085794 0.07932144019)
(1.5 0.1265085794 0.07932144019)
(1.6 0.1265085794 0.07932144019)
(1.7 0.1265085794 0.07932144019)
(1.8 0.1265085794 0.07932144019)
(1.9 0.1265085794 0.07932144019)
(2 0.1265085794 0.07932144019)
(0 0.1444689432 0.07932144019)
(0.1 0.1444689432 0.07932144019)
(0.2 0.1444689432 0.07932144019)
(0.3 0.1444689432 0.07932144019)
(0.4 0.1444689432 0.07932144019)
(0.5 0.1444689432 0.07932144019)
(0.6 0.1444689432 0.07932144019)
(0.7 0.1444689432 0.07932144019)
(0.8 0.1444689432 0.07932144019)
(0.9 0.1444689432 0.07932144019)
(1 0.1444689432 0.07932144019)
(1.1 0.1444689432 0.07932144019)
(1.2 0.1444689432 0.07932144019)
(1.3 0.1444689432 0.07932144019)
(1.4 0.1444689432 0.07932144019)
(1.5 0.1444689432 0.07932144019)
(1.6 0.1444689432 0.07932144019)
(1.7 0.1444689432 0.07932144019)
(1.8 0.1444689432 0.07932144019)
(1.9 0.1444689432 0.07932144019)
(2 0.1444689432 0.07932144019)
(0 0.1636753917 0.07932144019)
(0.1 0.1636753917 0.07932144019)
(0.2 0.1636753917 0.07932144019)
(0.3 0.1636753917 0.07932144019)
(0.4 0.1636753917 0.07932144019)
(0.5 0.1636753917 0.07932144019)
(0.6 0.1636753917 0.07932144019)
(0.7 0.1636753917 0.07932144019)
(0.8 0.1636753917 0.07932144019)
(0.9 0.1636753917 0.07932144019)
(1 0.1636753917 0.07932144019)
(1.1 0.1636753917 0.07932144019)
(1.2 0.1636753917 0.07932144019)
(1.3 0.1636753917 0.07932144019)
(1.4 0.1636753917 0.07932144019)
(1.5 0.1636753917 0.07932144019)
(1.6 0.1636753917 0.07932144019)
(1.7 0.1636753917 0.07932144019)
(1.8 0.1636753917 0.07932144019)
(1.9 0.1636753917 0.07932144019)
(2 0.1636753917 0.07932144019)
(0 0.1842143777 0.07932144019)
(0.1 0.1842143777 0.07932144019)
(0.2 0.1842143777 0.07932144019)
(0.3 0.1842143777 0.07932144019)
(0.4 0.1842143777 0.07932144019)
(0.5 0.1842143777 0.07932144019)
(0.6 0.1842143777 0.07932144019)
(0.7 0.1842143777 0.07932144019)
(0.8 0.1842143777 0.07932144019)
(0.9 0.1842143777 0.07932144019)
(1 0.1842143777 0.07932144019)
(1.1 0.1842143777 0.07932144019)
(1.2 0.1842143777 0.07932144019)
(1.3 0.1842143777 0.07932144019)
(1.4 0.1842143777 0.07932144019)
(1.5 0.1842143777 0.07932144019)
(1.6 0.1842143777 0.07932144019)
(1.7 0.1842143777 0.07932144019)
(1.8 0.1842143777 0.07932144019)
(1.9 0.1842143777 0.07932144019)
(2 0.1842143777 0.07932144019)
(0 0.2061783524 0.07932144019)
(0.1 0.2061783524 0.07932144019)
(0.2 0.2061783524 0.07932144019)
(0.3 0.2061783524 0.07932144019)
(0.4 0.2061783524 0.07932144019)
(0.5 0.2061783524 0.07932144019)
(0.6 0.2061783524 0.07932144019)
(0.7 0.2061783524 0.07932144019)
(0.8 0.2061783524 0.07932144019)
(0.9 0.2061783524 0.07932144019)
(1 0.2061783524 0.07932144019)
(1.1 0.2061783524 0.07932144019)
(1.2 0.2061783524 0.07932144019)
(1.3 0.2061783524 0.07932144019)
(1.4 0.2061783524 0.07932144019)
(1.5 0.2061783524 0.07932144019)
(1.6 0.2061783524 0.07932144019)
(1.7 0.2061783524 0.07932144019)
(1.8 0.2061783524 0.07932144019)
(1.9 0.2061783524 0.07932144019)
(2 0.2061783524 0.07932144019)
(0 0.2296661811 0.07932144019)
(0.1 0.2296661811 0.07932144019)
(0.2 0.2296661811 0.07932144019)
(0.3 0.2296661811 0.07932144019)
(0.4 0.2296661811 0.07932144019)
(0.5 0.2296661811 0.07932144019)
(0.6 0.2296661811 0.07932144019)
(0.7 0.2296661811 0.07932144019)
(0.8 0.2296661811 0.07932144019)
(0.9 0.2296661811 0.07932144019)
(1 0.2296661811 0.07932144019)
(1.1 0.2296661811 0.07932144019)
(1.2 0.2296661811 0.07932144019)
(1.3 0.2296661811 0.07932144019)
(1.4 0.2296661811 0.07932144019)
(1.5 0.2296661811 0.07932144019)
(1.6 0.2296661811 0.07932144019)
(1.7 0.2296661811 0.07932144019)
(1.8 0.2296661811 0.07932144019)
(1.9 0.2296661811 0.07932144019)
(2 0.2296661811 0.07932144019)
(0 0.2547835882 0.07932144019)
(0.1 0.2547835882 0.07932144019)
(0.2 0.2547835882 0.07932144019)
(0.3 0.2547835882 0.07932144019)
(0.4 0.2547835882 0.07932144019)
(0.5 0.2547835882 0.07932144019)
(0.6 0.2547835882 0.07932144019)
(0.7 0.2547835882 0.07932144019)
(0.8 0.2547835882 0.07932144019)
(0.9 0.2547835882 0.07932144019)
(1 0.2547835882 0.07932144019)
(1.1 0.2547835882 0.07932144019)
(1.2 0.2547835882 0.07932144019)
(1.3 0.2547835882 0.07932144019)
(1.4 0.2547835882 0.07932144019)
(1.5 0.2547835882 0.07932144019)
(1.6 0.2547835882 0.07932144019)
(1.7 0.2547835882 0.07932144019)
(1.8 0.2547835882 0.07932144019)
(1.9 0.2547835882 0.07932144019)
(2 0.2547835882 0.07932144019)
(0 0.2816436335 0.07932144019)
(0.1 0.2816436335 0.07932144019)
(0.2 0.2816436335 0.07932144019)
(0.3 0.2816436335 0.07932144019)
(0.4 0.2816436335 0.07932144019)
(0.5 0.2816436335 0.07932144019)
(0.6 0.2816436335 0.07932144019)
(0.7 0.2816436335 0.07932144019)
(0.8 0.2816436335 0.07932144019)
(0.9 0.2816436335 0.07932144019)
(1 0.2816436335 0.07932144019)
(1.1 0.2816436335 0.07932144019)
(1.2 0.2816436335 0.07932144019)
(1.3 0.2816436335 0.07932144019)
(1.4 0.2816436335 0.07932144019)
(1.5 0.2816436335 0.07932144019)
(1.6 0.2816436335 0.07932144019)
(1.7 0.2816436335 0.07932144019)
(1.8 0.2816436335 0.07932144019)
(1.9 0.2816436335 0.07932144019)
(2 0.2816436335 0.07932144019)
(0 0.3103672206 0.07932144019)
(0.1 0.3103672206 0.07932144019)
(0.2 0.3103672206 0.07932144019)
(0.3 0.3103672206 0.07932144019)
(0.4 0.3103672206 0.07932144019)
(0.5 0.3103672206 0.07932144019)
(0.6 0.3103672206 0.07932144019)
(0.7 0.3103672206 0.07932144019)
(0.8 0.3103672206 0.07932144019)
(0.9 0.3103672206 0.07932144019)
(1 0.3103672206 0.07932144019)
(1.1 0.3103672206 0.07932144019)
(1.2 0.3103672206 0.07932144019)
(1.3 0.3103672206 0.07932144019)
(1.4 0.3103672206 0.07932144019)
(1.5 0.3103672206 0.07932144019)
(1.6 0.3103672206 0.07932144019)
(1.7 0.3103672206 0.07932144019)
(1.8 0.3103672206 0.07932144019)
(1.9 0.3103672206 0.07932144019)
(2 0.3103672206 0.07932144019)
(0 0.3410836415 0.07932144019)
(0.1 0.3410836415 0.07932144019)
(0.2 0.3410836415 0.07932144019)
(0.3 0.3410836415 0.07932144019)
(0.4 0.3410836415 0.07932144019)
(0.5 0.3410836415 0.07932144019)
(0.6 0.3410836415 0.07932144019)
(0.7 0.3410836415 0.07932144019)
(0.8 0.3410836415 0.07932144019)
(0.9 0.3410836415 0.07932144019)
(1 0.3410836415 0.07932144019)
(1.1 0.3410836415 0.07932144019)
(1.2 0.3410836415 0.07932144019)
(1.3 0.3410836415 0.07932144019)
(1.4 0.3410836415 0.07932144019)
(1.5 0.3410836415 0.07932144019)
(1.6 0.3410836415 0.07932144019)
(1.7 0.3410836415 0.07932144019)
(1.8 0.3410836415 0.07932144019)
(1.9 0.3410836415 0.07932144019)
(2 0.3410836415 0.07932144019)
(0 0.3739311585 0.07932144019)
(0.1 0.3739311585 0.07932144019)
(0.2 0.3739311585 0.07932144019)
(0.3 0.3739311585 0.07932144019)
(0.4 0.3739311585 0.07932144019)
(0.5 0.3739311585 0.07932144019)
(0.6 0.3739311585 0.07932144019)
(0.7 0.3739311585 0.07932144019)
(0.8 0.3739311585 0.07932144019)
(0.9 0.3739311585 0.07932144019)
(1 0.3739311585 0.07932144019)
(1.1 0.3739311585 0.07932144019)
(1.2 0.3739311585 0.07932144019)
(1.3 0.3739311585 0.07932144019)
(1.4 0.3739311585 0.07932144019)
(1.5 0.3739311585 0.07932144019)
(1.6 0.3739311585 0.07932144019)
(1.7 0.3739311585 0.07932144019)
(1.8 0.3739311585 0.07932144019)
(1.9 0.3739311585 0.07932144019)
(2 0.3739311585 0.07932144019)
(0 0.4090576263 0.07932144019)
(0.1 0.4090576263 0.07932144019)
(0.2 0.4090576263 0.07932144019)
(0.3 0.4090576263 0.07932144019)
(0.4 0.4090576263 0.07932144019)
(0.5 0.4090576263 0.07932144019)
(0.6 0.4090576263 0.07932144019)
(0.7 0.4090576263 0.07932144019)
(0.8 0.4090576263 0.07932144019)
(0.9 0.4090576263 0.07932144019)
(1 0.4090576263 0.07932144019)
(1.1 0.4090576263 0.07932144019)
(1.2 0.4090576263 0.07932144019)
(1.3 0.4090576263 0.07932144019)
(1.4 0.4090576263 0.07932144019)
(1.5 0.4090576263 0.07932144019)
(1.6 0.4090576263 0.07932144019)
(1.7 0.4090576263 0.07932144019)
(1.8 0.4090576263 0.07932144019)
(1.9 0.4090576263 0.07932144019)
(2 0.4090576263 0.07932144019)
(0 0.4466211578 0.07932144019)
(0.1 0.4466211578 0.07932144019)
(0.2 0.4466211578 0.07932144019)
(0.3 0.4466211578 0.07932144019)
(0.4 0.4466211578 0.07932144019)
(0.5 0.4466211578 0.07932144019)
(0.6 0.4466211578 0.07932144019)
(0.7 0.4466211578 0.07932144019)
(0.8 0.4466211578 0.07932144019)
(0.9 0.4466211578 0.07932144019)
(1 0.4466211578 0.07932144019)
(1.1 0.4466211578 0.07932144019)
(1.2 0.4466211578 0.07932144019)
(1.3 0.4466211578 0.07932144019)
(1.4 0.4466211578 0.07932144019)
(1.5 0.4466211578 0.07932144019)
(1.6 0.4466211578 0.07932144019)
(1.7 0.4466211578 0.07932144019)
(1.8 0.4466211578 0.07932144019)
(1.9 0.4466211578 0.07932144019)
(2 0.4466211578 0.07932144019)
(0 0.4867908358 0.07932144019)
(0.1 0.4867908358 0.07932144019)
(0.2 0.4867908358 0.07932144019)
(0.3 0.4867908358 0.07932144019)
(0.4 0.4867908358 0.07932144019)
(0.5 0.4867908358 0.07932144019)
(0.6 0.4867908358 0.07932144019)
(0.7 0.4867908358 0.07932144019)
(0.8 0.4867908358 0.07932144019)
(0.9 0.4867908358 0.07932144019)
(1 0.4867908358 0.07932144019)
(1.1 0.4867908358 0.07932144019)
(1.2 0.4867908358 0.07932144019)
(1.3 0.4867908358 0.07932144019)
(1.4 0.4867908358 0.07932144019)
(1.5 0.4867908358 0.07932144019)
(1.6 0.4867908358 0.07932144019)
(1.7 0.4867908358 0.07932144019)
(1.8 0.4867908358 0.07932144019)
(1.9 0.4867908358 0.07932144019)
(2 0.4867908358 0.07932144019)
(0 0.529747474 0.07932144019)
(0.1 0.529747474 0.07932144019)
(0.2 0.529747474 0.07932144019)
(0.3 0.529747474 0.07932144019)
(0.4 0.529747474 0.07932144019)
(0.5 0.529747474 0.07932144019)
(0.6 0.529747474 0.07932144019)
(0.7 0.529747474 0.07932144019)
(0.8 0.529747474 0.07932144019)
(0.9 0.529747474 0.07932144019)
(1 0.529747474 0.07932144019)
(1.1 0.529747474 0.07932144019)
(1.2 0.529747474 0.07932144019)
(1.3 0.529747474 0.07932144019)
(1.4 0.529747474 0.07932144019)
(1.5 0.529747474 0.07932144019)
(1.6 0.529747474 0.07932144019)
(1.7 0.529747474 0.07932144019)
(1.8 0.529747474 0.07932144019)
(1.9 0.529747474 0.07932144019)
(2 0.529747474 0.07932144019)
(0 0.5756844308 0.07932144019)
(0.1 0.5756844308 0.07932144019)
(0.2 0.5756844308 0.07932144019)
(0.3 0.5756844308 0.07932144019)
(0.4 0.5756844308 0.07932144019)
(0.5 0.5756844308 0.07932144019)
(0.6 0.5756844308 0.07932144019)
(0.7 0.5756844308 0.07932144019)
(0.8 0.5756844308 0.07932144019)
(0.9 0.5756844308 0.07932144019)
(1 0.5756844308 0.07932144019)
(1.1 0.5756844308 0.07932144019)
(1.2 0.5756844308 0.07932144019)
(1.3 0.5756844308 0.07932144019)
(1.4 0.5756844308 0.07932144019)
(1.5 0.5756844308 0.07932144019)
(1.6 0.5756844308 0.07932144019)
(1.7 0.5756844308 0.07932144019)
(1.8 0.5756844308 0.07932144019)
(1.9 0.5756844308 0.07932144019)
(2 0.5756844308 0.07932144019)
(0 0.6248084798 0.07932144019)
(0.1 0.6248084798 0.07932144019)
(0.2 0.6248084798 0.07932144019)
(0.3 0.6248084798 0.07932144019)
(0.4 0.6248084798 0.07932144019)
(0.5 0.6248084798 0.07932144019)
(0.6 0.6248084798 0.07932144019)
(0.7 0.6248084798 0.07932144019)
(0.8 0.6248084798 0.07932144019)
(0.9 0.6248084798 0.07932144019)
(1 0.6248084798 0.07932144019)
(1.1 0.6248084798 0.07932144019)
(1.2 0.6248084798 0.07932144019)
(1.3 0.6248084798 0.07932144019)
(1.4 0.6248084798 0.07932144019)
(1.5 0.6248084798 0.07932144019)
(1.6 0.6248084798 0.07932144019)
(1.7 0.6248084798 0.07932144019)
(1.8 0.6248084798 0.07932144019)
(1.9 0.6248084798 0.07932144019)
(2 0.6248084798 0.07932144019)
(0 0.6773407405 0.07932144019)
(0.1 0.6773407405 0.07932144019)
(0.2 0.6773407405 0.07932144019)
(0.3 0.6773407405 0.07932144019)
(0.4 0.6773407405 0.07932144019)
(0.5 0.6773407405 0.07932144019)
(0.6 0.6773407405 0.07932144019)
(0.7 0.6773407405 0.07932144019)
(0.8 0.6773407405 0.07932144019)
(0.9 0.6773407405 0.07932144019)
(1 0.6773407405 0.07932144019)
(1.1 0.6773407405 0.07932144019)
(1.2 0.6773407405 0.07932144019)
(1.3 0.6773407405 0.07932144019)
(1.4 0.6773407405 0.07932144019)
(1.5 0.6773407405 0.07932144019)
(1.6 0.6773407405 0.07932144019)
(1.7 0.6773407405 0.07932144019)
(1.8 0.6773407405 0.07932144019)
(1.9 0.6773407405 0.07932144019)
(2 0.6773407405 0.07932144019)
(0 0.7335176736 0.07932144019)
(0.1 0.7335176736 0.07932144019)
(0.2 0.7335176736 0.07932144019)
(0.3 0.7335176736 0.07932144019)
(0.4 0.7335176736 0.07932144019)
(0.5 0.7335176736 0.07932144019)
(0.6 0.7335176736 0.07932144019)
(0.7 0.7335176736 0.07932144019)
(0.8 0.7335176736 0.07932144019)
(0.9 0.7335176736 0.07932144019)
(1 0.7335176736 0.07932144019)
(1.1 0.7335176736 0.07932144019)
(1.2 0.7335176736 0.07932144019)
(1.3 0.7335176736 0.07932144019)
(1.4 0.7335176736 0.07932144019)
(1.5 0.7335176736 0.07932144019)
(1.6 0.7335176736 0.07932144019)
(1.7 0.7335176736 0.07932144019)
(1.8 0.7335176736 0.07932144019)
(1.9 0.7335176736 0.07932144019)
(2 0.7335176736 0.07932144019)
(0 0.7935921454 0.07932144019)
(0.1 0.7935921454 0.07932144019)
(0.2 0.7935921454 0.07932144019)
(0.3 0.7935921454 0.07932144019)
(0.4 0.7935921454 0.07932144019)
(0.5 0.7935921454 0.07932144019)
(0.6 0.7935921454 0.07932144019)
(0.7 0.7935921454 0.07932144019)
(0.8 0.7935921454 0.07932144019)
(0.9 0.7935921454 0.07932144019)
(1 0.7935921454 0.07932144019)
(1.1 0.7935921454 0.07932144019)
(1.2 0.7935921454 0.07932144019)
(1.3 0.7935921454 0.07932144019)
(1.4 0.7935921454 0.07932144019)
(1.5 0.7935921454 0.07932144019)
(1.6 0.7935921454 0.07932144019)
(1.7 0.7935921454 0.07932144019)
(1.8 0.7935921454 0.07932144019)
(1.9 0.7935921454 0.07932144019)
(2 0.7935921454 0.07932144019)
(0 0.857834566 0.07932144019)
(0.1 0.857834566 0.07932144019)
(0.2 0.857834566 0.07932144019)
(0.3 0.857834566 0.07932144019)
(0.4 0.857834566 0.07932144019)
(0.5 0.857834566 0.07932144019)
(0.6 0.857834566 0.07932144019)
(0.7 0.857834566 0.07932144019)
(0.8 0.857834566 0.07932144019)
(0.9 0.857834566 0.07932144019)
(1 0.857834566 0.07932144019)
(1.1 0.857834566 0.07932144019)
(1.2 0.857834566 0.07932144019)
(1.3 0.857834566 0.07932144019)
(1.4 0.857834566 0.07932144019)
(1.5 0.857834566 0.07932144019)
(1.6 0.857834566 0.07932144019)
(1.7 0.857834566 0.07932144019)
(1.8 0.857834566 0.07932144019)
(1.9 0.857834566 0.07932144019)
(2 0.857834566 0.07932144019)
(0 0.9265341063 0.07932144019)
(0.1 0.9265341063 0.07932144019)
(0.2 0.9265341063 0.07932144019)
(0.3 0.9265341063 0.07932144019)
(0.4 0.9265341063 0.07932144019)
(0.5 0.9265341063 0.07932144019)
(0.6 0.9265341063 0.07932144019)
(0.7 0.9265341063 0.07932144019)
(0.8 0.9265341063 0.07932144019)
(0.9 0.9265341063 0.07932144019)
(1 0.9265341063 0.07932144019)
(1.1 0.9265341063 0.07932144019)
(1.2 0.9265341063 0.07932144019)
(1.3 0.9265341063 0.07932144019)
(1.4 0.9265341063 0.07932144019)
(1.5 0.9265341063 0.07932144019)
(1.6 0.9265341063 0.07932144019)
(1.7 0.9265341063 0.07932144019)
(1.8 0.9265341063 0.07932144019)
(1.9 0.9265341063 0.07932144019)
(2 0.9265341063 0.07932144019)
(0 1 0.07932144019)
(0.1 1 0.07932144019)
(0.2 1 0.07932144019)
(0.3 1 0.07932144019)
(0.4 1 0.07932144019)
(0.5 1 0.07932144019)
(0.6 1 0.07932144019)
(0.7 1 0.07932144019)
(0.8 1 0.07932144019)
(0.9 1 0.07932144019)
(1 1 0.07932144019)
(1.1 1 0.07932144019)
(1.2 1 0.07932144019)
(1.3 1 0.07932144019)
(1.4 1 0.07932144019)
(1.5 1 0.07932144019)
(1.6 1 0.07932144019)
(1.7 1 0.07932144019)
(1.8 1 0.07932144019)
(1.9 1 0.07932144019)
(2 1 0.07932144019)
(0 0 0.09400797452)
(0.1 0 0.09400797452)
(0.2 0 0.09400797452)
(0.3 0 0.09400797452)
(0.4 0 0.09400797452)
(0.5 0 0.09400797452)
(0.6 0 0.09400797452)
(0.7 0 0.09400797452)
(0.8 0 0.09400797452)
(0.9 0 0.09400797452)
(1 0 0.09400797452)
(1.1 0 0.09400797452)
(1.2 0 0.09400797452)
(1.3 0 0.09400797452)
(1.4 0 0.09400797452)
(1.5 0 0.09400797452)
(1.6 0 0.09400797452)
(1.7 0 0.09400797452)
(1.8 0 0.09400797452)
(1.9 0 0.09400797452)
(2 0 0.09400797452)
(0 0.009183236716 0.09400797452)
(0.1 0.009183236716 0.09400797452)
(0.2 0.009183236716 0.09400797452)
(0.3 0.009183236716 0.09400797452)
(0.4 0.009183236716 0.09400797452)
(0.5 0.009183236716 0.09400797452)
(0.6 0.009183236716 0.09400797452)
(0.7 0.009183236716 0.09400797452)
(0.8 0.009183236716 0.09400797452)
(0.9 0.009183236716 0.09400797452)
(1 0.009183236716 0.09400797452)
(1.1 0.009183236716 0.09400797452)
(1.2 0.009183236716 0.09400797452)
(1.3 0.009183236716 0.09400797452)
(1.4 0.009183236716 0.09400797452)
(1.5 0.009183236716 0.09400797452)
(1.6 0.009183236716 0.09400797452)
(1.7 0.009183236716 0.09400797452)
(1.8 0.009183236716 0.09400797452)
(1.9 0.009183236716 0.09400797452)
(2 0.009183236716 0.09400797452)
(0 0.01900360363 0.09400797452)
(0.1 0.01900360363 0.09400797452)
(0.2 0.01900360363 0.09400797452)
(0.3 0.01900360363 0.09400797452)
(0.4 0.01900360363 0.09400797452)
(0.5 0.01900360363 0.09400797452)
(0.6 0.01900360363 0.09400797452)
(0.7 0.01900360363 0.09400797452)
(0.8 0.01900360363 0.09400797452)
(0.9 0.01900360363 0.09400797452)
(1 0.01900360363 0.09400797452)
(1.1 0.01900360363 0.09400797452)
(1.2 0.01900360363 0.09400797452)
(1.3 0.01900360363 0.09400797452)
(1.4 0.01900360363 0.09400797452)
(1.5 0.01900360363 0.09400797452)
(1.6 0.01900360363 0.09400797452)
(1.7 0.01900360363 0.09400797452)
(1.8 0.01900360363 0.09400797452)
(1.9 0.01900360363 0.09400797452)
(2 0.01900360363 0.09400797452)
(0 0.02950530463 0.09400797452)
(0.1 0.02950530463 0.09400797452)
(0.2 0.02950530463 0.09400797452)
(0.3 0.02950530463 0.09400797452)
(0.4 0.02950530463 0.09400797452)
(0.5 0.02950530463 0.09400797452)
(0.6 0.02950530463 0.09400797452)
(0.7 0.02950530463 0.09400797452)
(0.8 0.02950530463 0.09400797452)
(0.9 0.02950530463 0.09400797452)
(1 0.02950530463 0.09400797452)
(1.1 0.02950530463 0.09400797452)
(1.2 0.02950530463 0.09400797452)
(1.3 0.02950530463 0.09400797452)
(1.4 0.02950530463 0.09400797452)
(1.5 0.02950530463 0.09400797452)
(1.6 0.02950530463 0.09400797452)
(1.7 0.02950530463 0.09400797452)
(1.8 0.02950530463 0.09400797452)
(1.9 0.02950530463 0.09400797452)
(2 0.02950530463 0.09400797452)
(0 0.04073561049 0.09400797452)
(0.1 0.04073561049 0.09400797452)
(0.2 0.04073561049 0.09400797452)
(0.3 0.04073561049 0.09400797452)
(0.4 0.04073561049 0.09400797452)
(0.5 0.04073561049 0.09400797452)
(0.6 0.04073561049 0.09400797452)
(0.7 0.04073561049 0.09400797452)
(0.8 0.04073561049 0.09400797452)
(0.9 0.04073561049 0.09400797452)
(1 0.04073561049 0.09400797452)
(1.1 0.04073561049 0.09400797452)
(1.2 0.04073561049 0.09400797452)
(1.3 0.04073561049 0.09400797452)
(1.4 0.04073561049 0.09400797452)
(1.5 0.04073561049 0.09400797452)
(1.6 0.04073561049 0.09400797452)
(1.7 0.04073561049 0.09400797452)
(1.8 0.04073561049 0.09400797452)
(1.9 0.04073561049 0.09400797452)
(2 0.04073561049 0.09400797452)
(0 0.05274507158 0.09400797452)
(0.1 0.05274507158 0.09400797452)
(0.2 0.05274507158 0.09400797452)
(0.3 0.05274507158 0.09400797452)
(0.4 0.05274507158 0.09400797452)
(0.5 0.05274507158 0.09400797452)
(0.6 0.05274507158 0.09400797452)
(0.7 0.05274507158 0.09400797452)
(0.8 0.05274507158 0.09400797452)
(0.9 0.05274507158 0.09400797452)
(1 0.05274507158 0.09400797452)
(1.1 0.05274507158 0.09400797452)
(1.2 0.05274507158 0.09400797452)
(1.3 0.05274507158 0.09400797452)
(1.4 0.05274507158 0.09400797452)
(1.5 0.05274507158 0.09400797452)
(1.6 0.05274507158 0.09400797452)
(1.7 0.05274507158 0.09400797452)
(1.8 0.05274507158 0.09400797452)
(1.9 0.05274507158 0.09400797452)
(2 0.05274507158 0.09400797452)
(0 0.06558774547 0.09400797452)
(0.1 0.06558774547 0.09400797452)
(0.2 0.06558774547 0.09400797452)
(0.3 0.06558774547 0.09400797452)
(0.4 0.06558774547 0.09400797452)
(0.5 0.06558774547 0.09400797452)
(0.6 0.06558774547 0.09400797452)
(0.7 0.06558774547 0.09400797452)
(0.8 0.06558774547 0.09400797452)
(0.9 0.06558774547 0.09400797452)
(1 0.06558774547 0.09400797452)
(1.1 0.06558774547 0.09400797452)
(1.2 0.06558774547 0.09400797452)
(1.3 0.06558774547 0.09400797452)
(1.4 0.06558774547 0.09400797452)
(1.5 0.06558774547 0.09400797452)
(1.6 0.06558774547 0.09400797452)
(1.7 0.06558774547 0.09400797452)
(1.8 0.06558774547 0.09400797452)
(1.9 0.06558774547 0.09400797452)
(2 0.06558774547 0.09400797452)
(0 0.07932144019 0.09400797452)
(0.1 0.07932144019 0.09400797452)
(0.2 0.07932144019 0.09400797452)
(0.3 0.07932144019 0.09400797452)
(0.4 0.07932144019 0.09400797452)
(0.5 0.07932144019 0.09400797452)
(0.6 0.07932144019 0.09400797452)
(0.7 0.07932144019 0.09400797452)
(0.8 0.07932144019 0.09400797452)
(0.9 0.07932144019 0.09400797452)
(1 0.07932144019 0.09400797452)
(1.1 0.07932144019 0.09400797452)
(1.2 0.07932144019 0.09400797452)
(1.3 0.07932144019 0.09400797452)
(1.4 0.07932144019 0.09400797452)
(1.5 0.07932144019 0.09400797452)
(1.6 0.07932144019 0.09400797452)
(1.7 0.07932144019 0.09400797452)
(1.8 0.07932144019 0.09400797452)
(1.9 0.07932144019 0.09400797452)
(2 0.07932144019 0.09400797452)
(0 0.09400797452 0.09400797452)
(0.1 0.09400797452 0.09400797452)
(0.2 0.09400797452 0.09400797452)
(0.3 0.09400797452 0.09400797452)
(0.4 0.09400797452 0.09400797452)
(0.5 0.09400797452 0.09400797452)
(0.6 0.09400797452 0.09400797452)
(0.7 0.09400797452 0.09400797452)
(0.8 0.09400797452 0.09400797452)
(0.9 0.09400797452 0.09400797452)
(1 0.09400797452 0.09400797452)
(1.1 0.09400797452 0.09400797452)
(1.2 0.09400797452 0.09400797452)
(1.3 0.09400797452 0.09400797452)
(1.4 0.09400797452 0.09400797452)
(1.5 0.09400797452 0.09400797452)
(1.6 0.09400797452 0.09400797452)
(1.7 0.09400797452 0.09400797452)
(1.8 0.09400797452 0.09400797452)
(1.9 0.09400797452 0.09400797452)
(2 0.09400797452 0.09400797452)
(0 0.1097134562 0.09400797452)
(0.1 0.1097134562 0.09400797452)
(0.2 0.1097134562 0.09400797452)
(0.3 0.1097134562 0.09400797452)
(0.4 0.1097134562 0.09400797452)
(0.5 0.1097134562 0.09400797452)
(0.6 0.1097134562 0.09400797452)
(0.7 0.1097134562 0.09400797452)
(0.8 0.1097134562 0.09400797452)
(0.9 0.1097134562 0.09400797452)
(1 0.1097134562 0.09400797452)
(1.1 0.1097134562 0.09400797452)
(1.2 0.1097134562 0.09400797452)
(1.3 0.1097134562 0.09400797452)
(1.4 0.1097134562 0.09400797452)
(1.5 0.1097134562 0.09400797452)
(1.6 0.1097134562 0.09400797452)
(1.7 0.1097134562 0.09400797452)
(1.8 0.1097134562 0.09400797452)
(1.9 0.1097134562 0.09400797452)
(2 0.1097134562 0.09400797452)
(0 0.1265085794 0.09400797452)
(0.1 0.1265085794 0.09400797452)
(0.2 0.1265085794 0.09400797452)
(0.3 0.1265085794 0.09400797452)
(0.4 0.1265085794 0.09400797452)
(0.5 0.1265085794 0.09400797452)
(0.6 0.1265085794 0.09400797452)
(0.7 0.1265085794 0.09400797452)
(0.8 0.1265085794 0.09400797452)
(0.9 0.1265085794 0.09400797452)
(1 0.1265085794 0.09400797452)
(1.1 0.1265085794 0.09400797452)
(1.2 0.1265085794 0.09400797452)
(1.3 0.1265085794 0.09400797452)
(1.4 0.1265085794 0.09400797452)
(1.5 0.1265085794 0.09400797452)
(1.6 0.1265085794 0.09400797452)
(1.7 0.1265085794 0.09400797452)
(1.8 0.1265085794 0.09400797452)
(1.9 0.1265085794 0.09400797452)
(2 0.1265085794 0.09400797452)
(0 0.1444689432 0.09400797452)
(0.1 0.1444689432 0.09400797452)
(0.2 0.1444689432 0.09400797452)
(0.3 0.1444689432 0.09400797452)
(0.4 0.1444689432 0.09400797452)
(0.5 0.1444689432 0.09400797452)
(0.6 0.1444689432 0.09400797452)
(0.7 0.1444689432 0.09400797452)
(0.8 0.1444689432 0.09400797452)
(0.9 0.1444689432 0.09400797452)
(1 0.1444689432 0.09400797452)
(1.1 0.1444689432 0.09400797452)
(1.2 0.1444689432 0.09400797452)
(1.3 0.1444689432 0.09400797452)
(1.4 0.1444689432 0.09400797452)
(1.5 0.1444689432 0.09400797452)
(1.6 0.1444689432 0.09400797452)
(1.7 0.1444689432 0.09400797452)
(1.8 0.1444689432 0.09400797452)
(1.9 0.1444689432 0.09400797452)
(2 0.1444689432 0.09400797452)
(0 0.1636753917 0.09400797452)
(0.1 0.1636753917 0.09400797452)
(0.2 0.1636753917 0.09400797452)
(0.3 0.1636753917 0.09400797452)
(0.4 0.1636753917 0.09400797452)
(0.5 0.1636753917 0.09400797452)
(0.6 0.1636753917 0.09400797452)
(0.7 0.1636753917 0.09400797452)
(0.8 0.1636753917 0.09400797452)
(0.9 0.1636753917 0.09400797452)
(1 0.1636753917 0.09400797452)
(1.1 0.1636753917 0.09400797452)
(1.2 0.1636753917 0.09400797452)
(1.3 0.1636753917 0.09400797452)
(1.4 0.1636753917 0.09400797452)
(1.5 0.1636753917 0.09400797452)
(1.6 0.1636753917 0.09400797452)
(1.7 0.1636753917 0.09400797452)
(1.8 0.1636753917 0.09400797452)
(1.9 0.1636753917 0.09400797452)
(2 0.1636753917 0.09400797452)
(0 0.1842143777 0.09400797452)
(0.1 0.1842143777 0.09400797452)
(0.2 0.1842143777 0.09400797452)
(0.3 0.1842143777 0.09400797452)
(0.4 0.1842143777 0.09400797452)
(0.5 0.1842143777 0.09400797452)
(0.6 0.1842143777 0.09400797452)
(0.7 0.1842143777 0.09400797452)
(0.8 0.1842143777 0.09400797452)
(0.9 0.1842143777 0.09400797452)
(1 0.1842143777 0.09400797452)
(1.1 0.1842143777 0.09400797452)
(1.2 0.1842143777 0.09400797452)
(1.3 0.1842143777 0.09400797452)
(1.4 0.1842143777 0.09400797452)
(1.5 0.1842143777 0.09400797452)
(1.6 0.1842143777 0.09400797452)
(1.7 0.1842143777 0.09400797452)
(1.8 0.1842143777 0.09400797452)
(1.9 0.1842143777 0.09400797452)
(2 0.1842143777 0.09400797452)
(0 0.2061783524 0.09400797452)
(0.1 0.2061783524 0.09400797452)
(0.2 0.2061783524 0.09400797452)
(0.3 0.2061783524 0.09400797452)
(0.4 0.2061783524 0.09400797452)
(0.5 0.2061783524 0.09400797452)
(0.6 0.2061783524 0.09400797452)
(0.7 0.2061783524 0.09400797452)
(0.8 0.2061783524 0.09400797452)
(0.9 0.2061783524 0.09400797452)
(1 0.2061783524 0.09400797452)
(1.1 0.2061783524 0.09400797452)
(1.2 0.2061783524 0.09400797452)
(1.3 0.2061783524 0.09400797452)
(1.4 0.2061783524 0.09400797452)
(1.5 0.2061783524 0.09400797452)
(1.6 0.2061783524 0.09400797452)
(1.7 0.2061783524 0.09400797452)
(1.8 0.2061783524 0.09400797452)
(1.9 0.2061783524 0.09400797452)
(2 0.2061783524 0.09400797452)
(0 0.2296661811 0.09400797452)
(0.1 0.2296661811 0.09400797452)
(0.2 0.2296661811 0.09400797452)
(0.3 0.2296661811 0.09400797452)
(0.4 0.2296661811 0.09400797452)
(0.5 0.2296661811 0.09400797452)
(0.6 0.2296661811 0.09400797452)
(0.7 0.2296661811 0.09400797452)
(0.8 0.2296661811 0.09400797452)
(0.9 0.2296661811 0.09400797452)
(1 0.2296661811 0.09400797452)
(1.1 0.2296661811 0.09400797452)
(1.2 0.2296661811 0.09400797452)
(1.3 0.2296661811 0.09400797452)
(1.4 0.2296661811 0.09400797452)
(1.5 0.2296661811 0.09400797452)
(1.6 0.2296661811 0.09400797452)
(1.7 0.2296661811 0.09400797452)
(1.8 0.2296661811 0.09400797452)
(1.9 0.2296661811 0.09400797452)
(2 0.2296661811 0.09400797452)
(0 0.2547835882 0.09400797452)
(0.1 0.2547835882 0.09400797452)
(0.2 0.2547835882 0.09400797452)
(0.3 0.2547835882 0.09400797452)
(0.4 0.2547835882 0.09400797452)
(0.5 0.2547835882 0.09400797452)
(0.6 0.2547835882 0.09400797452)
(0.7 0.2547835882 0.09400797452)
(0.8 0.2547835882 0.09400797452)
(0.9 0.2547835882 0.09400797452)
(1 0.2547835882 0.09400797452)
(1.1 0.2547835882 0.09400797452)
(1.2 0.2547835882 0.09400797452)
(1.3 0.2547835882 0.09400797452)
(1.4 0.2547835882 0.09400797452)
(1.5 0.2547835882 0.09400797452)
(1.6 0.2547835882 0.09400797452)
(1.7 0.2547835882 0.09400797452)
(1.8 0.2547835882 0.09400797452)
(1.9 0.2547835882 0.09400797452)
(2 0.2547835882 0.09400797452)
(0 0.2816436335 0.09400797452)
(0.1 0.2816436335 0.09400797452)
(0.2 0.2816436335 0.09400797452)
(0.3 0.2816436335 0.09400797452)
(0.4 0.2816436335 0.09400797452)
(0.5 0.2816436335 0.09400797452)
(0.6 0.2816436335 0.09400797452)
(0.7 0.2816436335 0.09400797452)
(0.8 0.2816436335 0.09400797452)
(0.9 0.2816436335 0.09400797452)
(1 0.2816436335 0.09400797452)
(1.1 0.2816436335 0.09400797452)
(1.2 0.2816436335 0.09400797452)
(1.3 0.2816436335 0.09400797452)
(1.4 0.2816436335 0.09400797452)
(1.5 0.2816436335 0.09400797452)
(1.6 0.2816436335 0.09400797452)
(1.7 0.2816436335 0.09400797452)
(1.8 0.2816436335 0.09400797452)
(1.9 0.2816436335 0.09400797452)
(2 0.2816436335 0.09400797452)
(0 0.3103672206 0.09400797452)
(0.1 0.3103672206 0.09400797452)
(0.2 0.3103672206 0.09400797452)
(0.3 0.3103672206 0.09400797452)
(0.4 0.3103672206 0.09400797452)
(0.5 0.3103672206 0.09400797452)
(0.6 0.3103672206 0.09400797452)
(0.7 0.3103672206 0.09400797452)
(0.8 0.3103672206 0.09400797452)
(0.9 0.3103672206 0.09400797452)
(1 0.3103672206 0.09400797452)
(1.1 0.3103672206 0.09400797452)
(1.2 0.3103672206 0.09400797452)
(1.3 0.3103672206 0.09400797452)
(1.4 0.3103672206 0.09400797452)
(1.5 0.3103672206 0.09400797452)
(1.6 0.3103672206 0.09400797452)
(1.7 0.3103672206 0.09400797452)
(1.8 0.3103672206 0.09400797452)
(1.9 0.3103672206 0.09400797452)
(2 0.3103672206 0.09400797452)
(0 0.3410836415 0.09400797452)
(0.1 0.3410836415 0.09400797452)
(0.2 0.3410836415 0.09400797452)
(0.3 0.3410836415 0.09400797452)
(0.4 0.3410836415 0.09400797452)
(0.5 0.3410836415 0.09400797452)
(0.6 0.3410836415 0.09400797452)
(0.7 0.3410836415 0.09400797452)
(0.8 0.3410836415 0.09400797452)
(0.9 0.3410836415 0.09400797452)
(1 0.3410836415 0.09400797452)
(1.1 0.3410836415 0.09400797452)
(1.2 0.3410836415 0.09400797452)
(1.3 0.3410836415 0.09400797452)
(1.4 0.3410836415 0.09400797452)
(1.5 0.3410836415 0.09400797452)
(1.6 0.3410836415 0.09400797452)
(1.7 0.3410836415 0.09400797452)
(1.8 0.3410836415 0.09400797452)
(1.9 0.3410836415 0.09400797452)
(2 0.3410836415 0.09400797452)
(0 0.3739311585 0.09400797452)
(0.1 0.3739311585 0.09400797452)
(0.2 0.3739311585 0.09400797452)
(0.3 0.3739311585 0.09400797452)
(0.4 0.3739311585 0.09400797452)
(0.5 0.3739311585 0.09400797452)
(0.6 0.3739311585 0.09400797452)
(0.7 0.3739311585 0.09400797452)
(0.8 0.3739311585 0.09400797452)
(0.9 0.3739311585 0.09400797452)
(1 0.3739311585 0.09400797452)
(1.1 0.3739311585 0.09400797452)
(1.2 0.3739311585 0.09400797452)
(1.3 0.3739311585 0.09400797452)
(1.4 0.3739311585 0.09400797452)
(1.5 0.3739311585 0.09400797452)
(1.6 0.3739311585 0.09400797452)
(1.7 0.3739311585 0.09400797452)
(1.8 0.3739311585 0.09400797452)
(1.9 0.3739311585 0.09400797452)
(2 0.3739311585 0.09400797452)
(0 0.4090576263 0.09400797452)
(0.1 0.4090576263 0.09400797452)
(0.2 0.4090576263 0.09400797452)
(0.3 0.4090576263 0.09400797452)
(0.4 0.4090576263 0.09400797452)
(0.5 0.4090576263 0.09400797452)
(0.6 0.4090576263 0.09400797452)
(0.7 0.4090576263 0.09400797452)
(0.8 0.4090576263 0.09400797452)
(0.9 0.4090576263 0.09400797452)
(1 0.4090576263 0.09400797452)
(1.1 0.4090576263 0.09400797452)
(1.2 0.4090576263 0.09400797452)
(1.3 0.4090576263 0.09400797452)
(1.4 0.4090576263 0.09400797452)
(1.5 0.4090576263 0.09400797452)
(1.6 0.4090576263 0.09400797452)
(1.7 0.4090576263 0.09400797452)
(1.8 0.4090576263 0.09400797452)
(1.9 0.4090576263 0.09400797452)
(2 0.4090576263 0.09400797452)
(0 0.4466211578 0.09400797452)
(0.1 0.4466211578 0.09400797452)
(0.2 0.4466211578 0.09400797452)
(0.3 0.4466211578 0.09400797452)
(0.4 0.4466211578 0.09400797452)
(0.5 0.4466211578 0.09400797452)
(0.6 0.4466211578 0.09400797452)
(0.7 0.4466211578 0.09400797452)
(0.8 0.4466211578 0.09400797452)
(0.9 0.4466211578 0.09400797452)
(1 0.4466211578 0.09400797452)
(1.1 0.4466211578 0.09400797452)
(1.2 0.4466211578 0.09400797452)
(1.3 0.4466211578 0.09400797452)
(1.4 0.4466211578 0.09400797452)
(1.5 0.4466211578 0.09400797452)
(1.6 0.4466211578 0.09400797452)
(1.7 0.4466211578 0.09400797452)
(1.8 0.4466211578 0.09400797452)
(1.9 0.4466211578 0.09400797452)
(2 0.4466211578 0.09400797452)
(0 0.4867908358 0.09400797452)
(0.1 0.4867908358 0.09400797452)
(0.2 0.4867908358 0.09400797452)
(0.3 0.4867908358 0.09400797452)
(0.4 0.4867908358 0.09400797452)
(0.5 0.4867908358 0.09400797452)
(0.6 0.4867908358 0.09400797452)
(0.7 0.4867908358 0.09400797452)
(0.8 0.4867908358 0.09400797452)
(0.9 0.4867908358 0.09400797452)
(1 0.4867908358 0.09400797452)
(1.1 0.4867908358 0.09400797452)
(1.2 0.4867908358 0.09400797452)
(1.3 0.4867908358 0.09400797452)
(1.4 0.4867908358 0.09400797452)
(1.5 0.4867908358 0.09400797452)
(1.6 0.4867908358 0.09400797452)
(1.7 0.4867908358 0.09400797452)
(1.8 0.4867908358 0.09400797452)
(1.9 0.4867908358 0.09400797452)
(2 0.4867908358 0.09400797452)
(0 0.529747474 0.09400797452)
(0.1 0.529747474 0.09400797452)
(0.2 0.529747474 0.09400797452)
(0.3 0.529747474 0.09400797452)
(0.4 0.529747474 0.09400797452)
(0.5 0.529747474 0.09400797452)
(0.6 0.529747474 0.09400797452)
(0.7 0.529747474 0.09400797452)
(0.8 0.529747474 0.09400797452)
(0.9 0.529747474 0.09400797452)
(1 0.529747474 0.09400797452)
(1.1 0.529747474 0.09400797452)
(1.2 0.529747474 0.09400797452)
(1.3 0.529747474 0.09400797452)
(1.4 0.529747474 0.09400797452)
(1.5 0.529747474 0.09400797452)
(1.6 0.529747474 0.09400797452)
(1.7 0.529747474 0.09400797452)
(1.8 0.529747474 0.09400797452)
(1.9 0.529747474 0.09400797452)
(2 0.529747474 0.09400797452)
(0 0.5756844308 0.09400797452)
(0.1 0.5756844308 0.09400797452)
(0.2 0.5756844308 0.09400797452)
(0.3 0.5756844308 0.09400797452)
(0.4 0.5756844308 0.09400797452)
(0.5 0.5756844308 0.09400797452)
(0.6 0.5756844308 0.09400797452)
(0.7 0.5756844308 0.09400797452)
(0.8 0.5756844308 0.09400797452)
(0.9 0.5756844308 0.09400797452)
(1 0.5756844308 0.09400797452)
(1.1 0.5756844308 0.09400797452)
(1.2 0.5756844308 0.09400797452)
(1.3 0.5756844308 0.09400797452)
(1.4 0.5756844308 0.09400797452)
(1.5 0.5756844308 0.09400797452)
(1.6 0.5756844308 0.09400797452)
(1.7 0.5756844308 0.09400797452)
(1.8 0.5756844308 0.09400797452)
(1.9 0.5756844308 0.09400797452)
(2 0.5756844308 0.09400797452)
(0 0.6248084798 0.09400797452)
(0.1 0.6248084798 0.09400797452)
(0.2 0.6248084798 0.09400797452)
(0.3 0.6248084798 0.09400797452)
(0.4 0.6248084798 0.09400797452)
(0.5 0.6248084798 0.09400797452)
(0.6 0.6248084798 0.09400797452)
(0.7 0.6248084798 0.09400797452)
(0.8 0.6248084798 0.09400797452)
(0.9 0.6248084798 0.09400797452)
(1 0.6248084798 0.09400797452)
(1.1 0.6248084798 0.09400797452)
(1.2 0.6248084798 0.09400797452)
(1.3 0.6248084798 0.09400797452)
(1.4 0.6248084798 0.09400797452)
(1.5 0.6248084798 0.09400797452)
(1.6 0.6248084798 0.09400797452)
(1.7 0.6248084798 0.09400797452)
(1.8 0.6248084798 0.09400797452)
(1.9 0.6248084798 0.09400797452)
(2 0.6248084798 0.09400797452)
(0 0.6773407405 0.09400797452)
(0.1 0.6773407405 0.09400797452)
(0.2 0.6773407405 0.09400797452)
(0.3 0.6773407405 0.09400797452)
(0.4 0.6773407405 0.09400797452)
(0.5 0.6773407405 0.09400797452)
(0.6 0.6773407405 0.09400797452)
(0.7 0.6773407405 0.09400797452)
(0.8 0.6773407405 0.09400797452)
(0.9 0.6773407405 0.09400797452)
(1 0.6773407405 0.09400797452)
(1.1 0.6773407405 0.09400797452)
(1.2 0.6773407405 0.09400797452)
(1.3 0.6773407405 0.09400797452)
(1.4 0.6773407405 0.09400797452)
(1.5 0.6773407405 0.09400797452)
(1.6 0.6773407405 0.09400797452)
(1.7 0.6773407405 0.09400797452)
(1.8 0.6773407405 0.09400797452)
(1.9 0.6773407405 0.09400797452)
(2 0.6773407405 0.09400797452)
(0 0.7335176736 0.09400797452)
(0.1 0.7335176736 0.09400797452)
(0.2 0.7335176736 0.09400797452)
(0.3 0.7335176736 0.09400797452)
(0.4 0.7335176736 0.09400797452)
(0.5 0.7335176736 0.09400797452)
(0.6 0.7335176736 0.09400797452)
(0.7 0.7335176736 0.09400797452)
(0.8 0.7335176736 0.09400797452)
(0.9 0.7335176736 0.09400797452)
(1 0.7335176736 0.09400797452)
(1.1 0.7335176736 0.09400797452)
(1.2 0.7335176736 0.09400797452)
(1.3 0.7335176736 0.09400797452)
(1.4 0.7335176736 0.09400797452)
(1.5 0.7335176736 0.09400797452)
(1.6 0.7335176736 0.09400797452)
(1.7 0.7335176736 0.09400797452)
(1.8 0.7335176736 0.09400797452)
(1.9 0.7335176736 0.09400797452)
(2 0.7335176736 0.09400797452)
(0 0.7935921454 0.09400797452)
(0.1 0.7935921454 0.09400797452)
(0.2 0.7935921454 0.09400797452)
(0.3 0.7935921454 0.09400797452)
(0.4 0.7935921454 0.09400797452)
(0.5 0.7935921454 0.09400797452)
(0.6 0.7935921454 0.09400797452)
(0.7 0.7935921454 0.09400797452)
(0.8 0.7935921454 0.09400797452)
(0.9 0.7935921454 0.09400797452)
(1 0.7935921454 0.09400797452)
(1.1 0.7935921454 0.09400797452)
(1.2 0.7935921454 0.09400797452)
(1.3 0.7935921454 0.09400797452)
(1.4 0.7935921454 0.09400797452)
(1.5 0.7935921454 0.09400797452)
(1.6 0.7935921454 0.09400797452)
(1.7 0.7935921454 0.09400797452)
(1.8 0.7935921454 0.09400797452)
(1.9 0.7935921454 0.09400797452)
(2 0.7935921454 0.09400797452)
(0 0.857834566 0.09400797452)
(0.1 0.857834566 0.09400797452)
(0.2 0.857834566 0.09400797452)
(0.3 0.857834566 0.09400797452)
(0.4 0.857834566 0.09400797452)
(0.5 0.857834566 0.09400797452)
(0.6 0.857834566 0.09400797452)
(0.7 0.857834566 0.09400797452)
(0.8 0.857834566 0.09400797452)
(0.9 0.857834566 0.09400797452)
(1 0.857834566 0.09400797452)
(1.1 0.857834566 0.09400797452)
(1.2 0.857834566 0.09400797452)
(1.3 0.857834566 0.09400797452)
(1.4 0.857834566 0.09400797452)
(1.5 0.857834566 0.09400797452)
(1.6 0.857834566 0.09400797452)
(1.7 0.857834566 0.09400797452)
(1.8 0.857834566 0.09400797452)
(1.9 0.857834566 0.09400797452)
(2 0.857834566 0.09400797452)
(0 0.9265341063 0.09400797452)
(0.1 0.9265341063 0.09400797452)
(0.2 0.9265341063 0.09400797452)
(0.3 0.9265341063 0.09400797452)
(0.4 0.9265341063 0.09400797452)
(0.5 0.9265341063 0.09400797452)
(0.6 0.9265341063 0.09400797452)
(0.7 0.9265341063 0.09400797452)
(0.8 0.9265341063 0.09400797452)
(0.9 0.9265341063 0.09400797452)
(1 0.9265341063 0.09400797452)
(1.1 0.9265341063 0.09400797452)
(1.2 0.9265341063 0.09400797452)
(1.3 0.9265341063 0.09400797452)
(1.4 0.9265341063 0.09400797452)
(1.5 0.9265341063 0.09400797452)
(1.6 0.9265341063 0.09400797452)
(1.7 0.9265341063 0.09400797452)
(1.8 0.9265341063 0.09400797452)
(1.9 0.9265341063 0.09400797452)
(2 0.9265341063 0.09400797452)
(0 1 0.09400797452)
(0.1 1 0.09400797452)
(0.2 1 0.09400797452)
(0.3 1 0.09400797452)
(0.4 1 0.09400797452)
(0.5 1 0.09400797452)
(0.6 1 0.09400797452)
(0.7 1 0.09400797452)
(0.8 1 0.09400797452)
(0.9 1 0.09400797452)
(1 1 0.09400797452)
(1.1 1 0.09400797452)
(1.2 1 0.09400797452)
(1.3 1 0.09400797452)
(1.4 1 0.09400797452)
(1.5 1 0.09400797452)
(1.6 1 0.09400797452)
(1.7 1 0.09400797452)
(1.8 1 0.09400797452)
(1.9 1 0.09400797452)
(2 1 0.09400797452)
(0 0 0.1097134562)
(0.1 0 0.1097134562)
(0.2 0 0.1097134562)
(0.3 0 0.1097134562)
(0.4 0 0.1097134562)
(0.5 0 0.1097134562)
(0.6 0 0.1097134562)
(0.7 0 0.1097134562)
(0.8 0 0.1097134562)
(0.9 0 0.1097134562)
(1 0 0.1097134562)
(1.1 0 0.1097134562)
(1.2 0 0.1097134562)
(1.3 0 0.1097134562)
(1.4 0 0.1097134562)
(1.5 0 0.1097134562)
(1.6 0 0.1097134562)
(1.7 0 0.1097134562)
(1.8 0 0.1097134562)
(1.9 0 0.1097134562)
(2 0 0.1097134562)
(0 0.009183236716 0.1097134562)
(0.1 0.009183236716 0.1097134562)
(0.2 0.009183236716 0.1097134562)
(0.3 0.009183236716 0.1097134562)
(0.4 0.009183236716 0.1097134562)
(0.5 0.009183236716 0.1097134562)
(0.6 0.009183236716 0.1097134562)
(0.7 0.009183236716 0.1097134562)
(0.8 0.009183236716 0.1097134562)
(0.9 0.009183236716 0.1097134562)
(1 0.009183236716 0.1097134562)
(1.1 0.009183236716 0.1097134562)
(1.2 0.009183236716 0.1097134562)
(1.3 0.009183236716 0.1097134562)
(1.4 0.009183236716 0.1097134562)
(1.5 0.009183236716 0.1097134562)
(1.6 0.009183236716 0.1097134562)
(1.7 0.009183236716 0.1097134562)
(1.8 0.009183236716 0.1097134562)
(1.9 0.009183236716 0.1097134562)
(2 0.009183236716 0.1097134562)
(0 0.01900360363 0.1097134562)
(0.1 0.01900360363 0.1097134562)
(0.2 0.01900360363 0.1097134562)
(0.3 0.01900360363 0.1097134562)
(0.4 0.01900360363 0.1097134562)
(0.5 0.01900360363 0.1097134562)
(0.6 0.01900360363 0.1097134562)
(0.7 0.01900360363 0.1097134562)
(0.8 0.01900360363 0.1097134562)
(0.9 0.01900360363 0.1097134562)
(1 0.01900360363 0.1097134562)
(1.1 0.01900360363 0.1097134562)
(1.2 0.01900360363 0.1097134562)
(1.3 0.01900360363 0.1097134562)
(1.4 0.01900360363 0.1097134562)
(1.5 0.01900360363 0.1097134562)
(1.6 0.01900360363 0.1097134562)
(1.7 0.01900360363 0.1097134562)
(1.8 0.01900360363 0.1097134562)
(1.9 0.01900360363 0.1097134562)
(2 0.01900360363 0.1097134562)
(0 0.02950530463 0.1097134562)
(0.1 0.02950530463 0.1097134562)
(0.2 0.02950530463 0.1097134562)
(0.3 0.02950530463 0.1097134562)
(0.4 0.02950530463 0.1097134562)
(0.5 0.02950530463 0.1097134562)
(0.6 0.02950530463 0.1097134562)
(0.7 0.02950530463 0.1097134562)
(0.8 0.02950530463 0.1097134562)
(0.9 0.02950530463 0.1097134562)
(1 0.02950530463 0.1097134562)
(1.1 0.02950530463 0.1097134562)
(1.2 0.02950530463 0.1097134562)
(1.3 0.02950530463 0.1097134562)
(1.4 0.02950530463 0.1097134562)
(1.5 0.02950530463 0.1097134562)
(1.6 0.02950530463 0.1097134562)
(1.7 0.02950530463 0.1097134562)
(1.8 0.02950530463 0.1097134562)
(1.9 0.02950530463 0.1097134562)
(2 0.02950530463 0.1097134562)
(0 0.04073561049 0.1097134562)
(0.1 0.04073561049 0.1097134562)
(0.2 0.04073561049 0.1097134562)
(0.3 0.04073561049 0.1097134562)
(0.4 0.04073561049 0.1097134562)
(0.5 0.04073561049 0.1097134562)
(0.6 0.04073561049 0.1097134562)
(0.7 0.04073561049 0.1097134562)
(0.8 0.04073561049 0.1097134562)
(0.9 0.04073561049 0.1097134562)
(1 0.04073561049 0.1097134562)
(1.1 0.04073561049 0.1097134562)
(1.2 0.04073561049 0.1097134562)
(1.3 0.04073561049 0.1097134562)
(1.4 0.04073561049 0.1097134562)
(1.5 0.04073561049 0.1097134562)
(1.6 0.04073561049 0.1097134562)
(1.7 0.04073561049 0.1097134562)
(1.8 0.04073561049 0.1097134562)
(1.9 0.04073561049 0.1097134562)
(2 0.04073561049 0.1097134562)
(0 0.05274507158 0.1097134562)
(0.1 0.05274507158 0.1097134562)
(0.2 0.05274507158 0.1097134562)
(0.3 0.05274507158 0.1097134562)
(0.4 0.05274507158 0.1097134562)
(0.5 0.05274507158 0.1097134562)
(0.6 0.05274507158 0.1097134562)
(0.7 0.05274507158 0.1097134562)
(0.8 0.05274507158 0.1097134562)
(0.9 0.05274507158 0.1097134562)
(1 0.05274507158 0.1097134562)
(1.1 0.05274507158 0.1097134562)
(1.2 0.05274507158 0.1097134562)
(1.3 0.05274507158 0.1097134562)
(1.4 0.05274507158 0.1097134562)
(1.5 0.05274507158 0.1097134562)
(1.6 0.05274507158 0.1097134562)
(1.7 0.05274507158 0.1097134562)
(1.8 0.05274507158 0.1097134562)
(1.9 0.05274507158 0.1097134562)
(2 0.05274507158 0.1097134562)
(0 0.06558774547 0.1097134562)
(0.1 0.06558774547 0.1097134562)
(0.2 0.06558774547 0.1097134562)
(0.3 0.06558774547 0.1097134562)
(0.4 0.06558774547 0.1097134562)
(0.5 0.06558774547 0.1097134562)
(0.6 0.06558774547 0.1097134562)
(0.7 0.06558774547 0.1097134562)
(0.8 0.06558774547 0.1097134562)
(0.9 0.06558774547 0.1097134562)
(1 0.06558774547 0.1097134562)
(1.1 0.06558774547 0.1097134562)
(1.2 0.06558774547 0.1097134562)
(1.3 0.06558774547 0.1097134562)
(1.4 0.06558774547 0.1097134562)
(1.5 0.06558774547 0.1097134562)
(1.6 0.06558774547 0.1097134562)
(1.7 0.06558774547 0.1097134562)
(1.8 0.06558774547 0.1097134562)
(1.9 0.06558774547 0.1097134562)
(2 0.06558774547 0.1097134562)
(0 0.07932144019 0.1097134562)
(0.1 0.07932144019 0.1097134562)
(0.2 0.07932144019 0.1097134562)
(0.3 0.07932144019 0.1097134562)
(0.4 0.07932144019 0.1097134562)
(0.5 0.07932144019 0.1097134562)
(0.6 0.07932144019 0.1097134562)
(0.7 0.07932144019 0.1097134562)
(0.8 0.07932144019 0.1097134562)
(0.9 0.07932144019 0.1097134562)
(1 0.07932144019 0.1097134562)
(1.1 0.07932144019 0.1097134562)
(1.2 0.07932144019 0.1097134562)
(1.3 0.07932144019 0.1097134562)
(1.4 0.07932144019 0.1097134562)
(1.5 0.07932144019 0.1097134562)
(1.6 0.07932144019 0.1097134562)
(1.7 0.07932144019 0.1097134562)
(1.8 0.07932144019 0.1097134562)
(1.9 0.07932144019 0.1097134562)
(2 0.07932144019 0.1097134562)
(0 0.09400797452 0.1097134562)
(0.1 0.09400797452 0.1097134562)
(0.2 0.09400797452 0.1097134562)
(0.3 0.09400797452 0.1097134562)
(0.4 0.09400797452 0.1097134562)
(0.5 0.09400797452 0.1097134562)
(0.6 0.09400797452 0.1097134562)
(0.7 0.09400797452 0.1097134562)
(0.8 0.09400797452 0.1097134562)
(0.9 0.09400797452 0.1097134562)
(1 0.09400797452 0.1097134562)
(1.1 0.09400797452 0.1097134562)
(1.2 0.09400797452 0.1097134562)
(1.3 0.09400797452 0.1097134562)
(1.4 0.09400797452 0.1097134562)
(1.5 0.09400797452 0.1097134562)
(1.6 0.09400797452 0.1097134562)
(1.7 0.09400797452 0.1097134562)
(1.8 0.09400797452 0.1097134562)
(1.9 0.09400797452 0.1097134562)
(2 0.09400797452 0.1097134562)
(0 0.1097134562 0.1097134562)
(0.1 0.1097134562 0.1097134562)
(0.2 0.1097134562 0.1097134562)
(0.3 0.1097134562 0.1097134562)
(0.4 0.1097134562 0.1097134562)
(0.5 0.1097134562 0.1097134562)
(0.6 0.1097134562 0.1097134562)
(0.7 0.1097134562 0.1097134562)
(0.8 0.1097134562 0.1097134562)
(0.9 0.1097134562 0.1097134562)
(1 0.1097134562 0.1097134562)
(1.1 0.1097134562 0.1097134562)
(1.2 0.1097134562 0.1097134562)
(1.3 0.1097134562 0.1097134562)
(1.4 0.1097134562 0.1097134562)
(1.5 0.1097134562 0.1097134562)
(1.6 0.1097134562 0.1097134562)
(1.7 0.1097134562 0.1097134562)
(1.8 0.1097134562 0.1097134562)
(1.9 0.1097134562 0.1097134562)
(2 0.1097134562 0.1097134562)
(0 0.1265085794 0.1097134562)
(0.1 0.1265085794 0.1097134562)
(0.2 0.1265085794 0.1097134562)
(0.3 0.1265085794 0.1097134562)
(0.4 0.1265085794 0.1097134562)
(0.5 0.1265085794 0.1097134562)
(0.6 0.1265085794 0.1097134562)
(0.7 0.1265085794 0.1097134562)
(0.8 0.1265085794 0.1097134562)
(0.9 0.1265085794 0.1097134562)
(1 0.1265085794 0.1097134562)
(1.1 0.1265085794 0.1097134562)
(1.2 0.1265085794 0.1097134562)
(1.3 0.1265085794 0.1097134562)
(1.4 0.1265085794 0.1097134562)
(1.5 0.1265085794 0.1097134562)
(1.6 0.1265085794 0.1097134562)
(1.7 0.1265085794 0.1097134562)
(1.8 0.1265085794 0.1097134562)
(1.9 0.1265085794 0.1097134562)
(2 0.1265085794 0.1097134562)
(0 0.1444689432 0.1097134562)
(0.1 0.1444689432 0.1097134562)
(0.2 0.1444689432 0.1097134562)
(0.3 0.1444689432 0.1097134562)
(0.4 0.1444689432 0.1097134562)
(0.5 0.1444689432 0.1097134562)
(0.6 0.1444689432 0.1097134562)
(0.7 0.1444689432 0.1097134562)
(0.8 0.1444689432 0.1097134562)
(0.9 0.1444689432 0.1097134562)
(1 0.1444689432 0.1097134562)
(1.1 0.1444689432 0.1097134562)
(1.2 0.1444689432 0.1097134562)
(1.3 0.1444689432 0.1097134562)
(1.4 0.1444689432 0.1097134562)
(1.5 0.1444689432 0.1097134562)
(1.6 0.1444689432 0.1097134562)
(1.7 0.1444689432 0.1097134562)
(1.8 0.1444689432 0.1097134562)
(1.9 0.1444689432 0.1097134562)
(2 0.1444689432 0.1097134562)
(0 0.1636753917 0.1097134562)
(0.1 0.1636753917 0.1097134562)
(0.2 0.1636753917 0.1097134562)
(0.3 0.1636753917 0.1097134562)
(0.4 0.1636753917 0.1097134562)
(0.5 0.1636753917 0.1097134562)
(0.6 0.1636753917 0.1097134562)
(0.7 0.1636753917 0.1097134562)
(0.8 0.1636753917 0.1097134562)
(0.9 0.1636753917 0.1097134562)
(1 0.1636753917 0.1097134562)
(1.1 0.1636753917 0.1097134562)
(1.2 0.1636753917 0.1097134562)
(1.3 0.1636753917 0.1097134562)
(1.4 0.1636753917 0.1097134562)
(1.5 0.1636753917 0.1097134562)
(1.6 0.1636753917 0.1097134562)
(1.7 0.1636753917 0.1097134562)
(1.8 0.1636753917 0.1097134562)
(1.9 0.1636753917 0.1097134562)
(2 0.1636753917 0.1097134562)
(0 0.1842143777 0.1097134562)
(0.1 0.1842143777 0.1097134562)
(0.2 0.1842143777 0.1097134562)
(0.3 0.1842143777 0.1097134562)
(0.4 0.1842143777 0.1097134562)
(0.5 0.1842143777 0.1097134562)
(0.6 0.1842143777 0.1097134562)
(0.7 0.1842143777 0.1097134562)
(0.8 0.1842143777 0.1097134562)
(0.9 0.1842143777 0.1097134562)
(1 0.1842143777 0.1097134562)
(1.1 0.1842143777 0.1097134562)
(1.2 0.1842143777 0.1097134562)
(1.3 0.1842143777 0.1097134562)
(1.4 0.1842143777 0.1097134562)
(1.5 0.1842143777 0.1097134562)
(1.6 0.1842143777 0.1097134562)
(1.7 0.1842143777 0.1097134562)
(1.8 0.1842143777 0.1097134562)
(1.9 0.1842143777 0.1097134562)
(2 0.1842143777 0.1097134562)
(0 0.2061783524 0.1097134562)
(0.1 0.2061783524 0.1097134562)
(0.2 0.2061783524 0.1097134562)
(0.3 0.2061783524 0.1097134562)
(0.4 0.2061783524 0.1097134562)
(0.5 0.2061783524 0.1097134562)
(0.6 0.2061783524 0.1097134562)
(0.7 0.2061783524 0.1097134562)
(0.8 0.2061783524 0.1097134562)
(0.9 0.2061783524 0.1097134562)
(1 0.2061783524 0.1097134562)
(1.1 0.2061783524 0.1097134562)
(1.2 0.2061783524 0.1097134562)
(1.3 0.2061783524 0.1097134562)
(1.4 0.2061783524 0.1097134562)
(1.5 0.2061783524 0.1097134562)
(1.6 0.2061783524 0.1097134562)
(1.7 0.2061783524 0.1097134562)
(1.8 0.2061783524 0.1097134562)
(1.9 0.2061783524 0.1097134562)
(2 0.2061783524 0.1097134562)
(0 0.2296661811 0.1097134562)
(0.1 0.2296661811 0.1097134562)
(0.2 0.2296661811 0.1097134562)
(0.3 0.2296661811 0.1097134562)
(0.4 0.2296661811 0.1097134562)
(0.5 0.2296661811 0.1097134562)
(0.6 0.2296661811 0.1097134562)
(0.7 0.2296661811 0.1097134562)
(0.8 0.2296661811 0.1097134562)
(0.9 0.2296661811 0.1097134562)
(1 0.2296661811 0.1097134562)
(1.1 0.2296661811 0.1097134562)
(1.2 0.2296661811 0.1097134562)
(1.3 0.2296661811 0.1097134562)
(1.4 0.2296661811 0.1097134562)
(1.5 0.2296661811 0.1097134562)
(1.6 0.2296661811 0.1097134562)
(1.7 0.2296661811 0.1097134562)
(1.8 0.2296661811 0.1097134562)
(1.9 0.2296661811 0.1097134562)
(2 0.2296661811 0.1097134562)
(0 0.2547835882 0.1097134562)
(0.1 0.2547835882 0.1097134562)
(0.2 0.2547835882 0.1097134562)
(0.3 0.2547835882 0.1097134562)
(0.4 0.2547835882 0.1097134562)
(0.5 0.2547835882 0.1097134562)
(0.6 0.2547835882 0.1097134562)
(0.7 0.2547835882 0.1097134562)
(0.8 0.2547835882 0.1097134562)
(0.9 0.2547835882 0.1097134562)
(1 0.2547835882 0.1097134562)
(1.1 0.2547835882 0.1097134562)
(1.2 0.2547835882 0.1097134562)
(1.3 0.2547835882 0.1097134562)
(1.4 0.2547835882 0.1097134562)
(1.5 0.2547835882 0.1097134562)
(1.6 0.2547835882 0.1097134562)
(1.7 0.2547835882 0.1097134562)
(1.8 0.2547835882 0.1097134562)
(1.9 0.2547835882 0.1097134562)
(2 0.2547835882 0.1097134562)
(0 0.2816436335 0.1097134562)
(0.1 0.2816436335 0.1097134562)
(0.2 0.2816436335 0.1097134562)
(0.3 0.2816436335 0.1097134562)
(0.4 0.2816436335 0.1097134562)
(0.5 0.2816436335 0.1097134562)
(0.6 0.2816436335 0.1097134562)
(0.7 0.2816436335 0.1097134562)
(0.8 0.2816436335 0.1097134562)
(0.9 0.2816436335 0.1097134562)
(1 0.2816436335 0.1097134562)
(1.1 0.2816436335 0.1097134562)
(1.2 0.2816436335 0.1097134562)
(1.3 0.2816436335 0.1097134562)
(1.4 0.2816436335 0.1097134562)
(1.5 0.2816436335 0.1097134562)
(1.6 0.2816436335 0.1097134562)
(1.7 0.2816436335 0.1097134562)
(1.8 0.2816436335 0.1097134562)
(1.9 0.2816436335 0.1097134562)
(2 0.2816436335 0.1097134562)
(0 0.3103672206 0.1097134562)
(0.1 0.3103672206 0.1097134562)
(0.2 0.3103672206 0.1097134562)
(0.3 0.3103672206 0.1097134562)
(0.4 0.3103672206 0.1097134562)
(0.5 0.3103672206 0.1097134562)
(0.6 0.3103672206 0.1097134562)
(0.7 0.3103672206 0.1097134562)
(0.8 0.3103672206 0.1097134562)
(0.9 0.3103672206 0.1097134562)
(1 0.3103672206 0.1097134562)
(1.1 0.3103672206 0.1097134562)
(1.2 0.3103672206 0.1097134562)
(1.3 0.3103672206 0.1097134562)
(1.4 0.3103672206 0.1097134562)
(1.5 0.3103672206 0.1097134562)
(1.6 0.3103672206 0.1097134562)
(1.7 0.3103672206 0.1097134562)
(1.8 0.3103672206 0.1097134562)
(1.9 0.3103672206 0.1097134562)
(2 0.3103672206 0.1097134562)
(0 0.3410836415 0.1097134562)
(0.1 0.3410836415 0.1097134562)
(0.2 0.3410836415 0.1097134562)
(0.3 0.3410836415 0.1097134562)
(0.4 0.3410836415 0.1097134562)
(0.5 0.3410836415 0.1097134562)
(0.6 0.3410836415 0.1097134562)
(0.7 0.3410836415 0.1097134562)
(0.8 0.3410836415 0.1097134562)
(0.9 0.3410836415 0.1097134562)
(1 0.3410836415 0.1097134562)
(1.1 0.3410836415 0.1097134562)
(1.2 0.3410836415 0.1097134562)
(1.3 0.3410836415 0.1097134562)
(1.4 0.3410836415 0.1097134562)
(1.5 0.3410836415 0.1097134562)
(1.6 0.3410836415 0.1097134562)
(1.7 0.3410836415 0.1097134562)
(1.8 0.3410836415 0.1097134562)
(1.9 0.3410836415 0.1097134562)
(2 0.3410836415 0.1097134562)
(0 0.3739311585 0.1097134562)
(0.1 0.3739311585 0.1097134562)
(0.2 0.3739311585 0.1097134562)
(0.3 0.3739311585 0.1097134562)
(0.4 0.3739311585 0.1097134562)
(0.5 0.3739311585 0.1097134562)
(0.6 0.3739311585 0.1097134562)
(0.7 0.3739311585 0.1097134562)
(0.8 0.3739311585 0.1097134562)
(0.9 0.3739311585 0.1097134562)
(1 0.3739311585 0.1097134562)
(1.1 0.3739311585 0.1097134562)
(1.2 0.3739311585 0.1097134562)
(1.3 0.3739311585 0.1097134562)
(1.4 0.3739311585 0.1097134562)
(1.5 0.3739311585 0.1097134562)
(1.6 0.3739311585 0.1097134562)
(1.7 0.3739311585 0.1097134562)
(1.8 0.3739311585 0.1097134562)
(1.9 0.3739311585 0.1097134562)
(2 0.3739311585 0.1097134562)
(0 0.4090576263 0.1097134562)
(0.1 0.4090576263 0.1097134562)
(0.2 0.4090576263 0.1097134562)
(0.3 0.4090576263 0.1097134562)
(0.4 0.4090576263 0.1097134562)
(0.5 0.4090576263 0.1097134562)
(0.6 0.4090576263 0.1097134562)
(0.7 0.4090576263 0.1097134562)
(0.8 0.4090576263 0.1097134562)
(0.9 0.4090576263 0.1097134562)
(1 0.4090576263 0.1097134562)
(1.1 0.4090576263 0.1097134562)
(1.2 0.4090576263 0.1097134562)
(1.3 0.4090576263 0.1097134562)
(1.4 0.4090576263 0.1097134562)
(1.5 0.4090576263 0.1097134562)
(1.6 0.4090576263 0.1097134562)
(1.7 0.4090576263 0.1097134562)
(1.8 0.4090576263 0.1097134562)
(1.9 0.4090576263 0.1097134562)
(2 0.4090576263 0.1097134562)
(0 0.4466211578 0.1097134562)
(0.1 0.4466211578 0.1097134562)
(0.2 0.4466211578 0.1097134562)
(0.3 0.4466211578 0.1097134562)
(0.4 0.4466211578 0.1097134562)
(0.5 0.4466211578 0.1097134562)
(0.6 0.4466211578 0.1097134562)
(0.7 0.4466211578 0.1097134562)
(0.8 0.4466211578 0.1097134562)
(0.9 0.4466211578 0.1097134562)
(1 0.4466211578 0.1097134562)
(1.1 0.4466211578 0.1097134562)
(1.2 0.4466211578 0.1097134562)
(1.3 0.4466211578 0.1097134562)
(1.4 0.4466211578 0.1097134562)
(1.5 0.4466211578 0.1097134562)
(1.6 0.4466211578 0.1097134562)
(1.7 0.4466211578 0.1097134562)
(1.8 0.4466211578 0.1097134562)
(1.9 0.4466211578 0.1097134562)
(2 0.4466211578 0.1097134562)
(0 0.4867908358 0.1097134562)
(0.1 0.4867908358 0.1097134562)
(0.2 0.4867908358 0.1097134562)
(0.3 0.4867908358 0.1097134562)
(0.4 0.4867908358 0.1097134562)
(0.5 0.4867908358 0.1097134562)
(0.6 0.4867908358 0.1097134562)
(0.7 0.4867908358 0.1097134562)
(0.8 0.4867908358 0.1097134562)
(0.9 0.4867908358 0.1097134562)
(1 0.4867908358 0.1097134562)
(1.1 0.4867908358 0.1097134562)
(1.2 0.4867908358 0.1097134562)
(1.3 0.4867908358 0.1097134562)
(1.4 0.4867908358 0.1097134562)
(1.5 0.4867908358 0.1097134562)
(1.6 0.4867908358 0.1097134562)
(1.7 0.4867908358 0.1097134562)
(1.8 0.4867908358 0.1097134562)
(1.9 0.4867908358 0.1097134562)
(2 0.4867908358 0.1097134562)
(0 0.529747474 0.1097134562)
(0.1 0.529747474 0.1097134562)
(0.2 0.529747474 0.1097134562)
(0.3 0.529747474 0.1097134562)
(0.4 0.529747474 0.1097134562)
(0.5 0.529747474 0.1097134562)
(0.6 0.529747474 0.1097134562)
(0.7 0.529747474 0.1097134562)
(0.8 0.529747474 0.1097134562)
(0.9 0.529747474 0.1097134562)
(1 0.529747474 0.1097134562)
(1.1 0.529747474 0.1097134562)
(1.2 0.529747474 0.1097134562)
(1.3 0.529747474 0.1097134562)
(1.4 0.529747474 0.1097134562)
(1.5 0.529747474 0.1097134562)
(1.6 0.529747474 0.1097134562)
(1.7 0.529747474 0.1097134562)
(1.8 0.529747474 0.1097134562)
(1.9 0.529747474 0.1097134562)
(2 0.529747474 0.1097134562)
(0 0.5756844308 0.1097134562)
(0.1 0.5756844308 0.1097134562)
(0.2 0.5756844308 0.1097134562)
(0.3 0.5756844308 0.1097134562)
(0.4 0.5756844308 0.1097134562)
(0.5 0.5756844308 0.1097134562)
(0.6 0.5756844308 0.1097134562)
(0.7 0.5756844308 0.1097134562)
(0.8 0.5756844308 0.1097134562)
(0.9 0.5756844308 0.1097134562)
(1 0.5756844308 0.1097134562)
(1.1 0.5756844308 0.1097134562)
(1.2 0.5756844308 0.1097134562)
(1.3 0.5756844308 0.1097134562)
(1.4 0.5756844308 0.1097134562)
(1.5 0.5756844308 0.1097134562)
(1.6 0.5756844308 0.1097134562)
(1.7 0.5756844308 0.1097134562)
(1.8 0.5756844308 0.1097134562)
(1.9 0.5756844308 0.1097134562)
(2 0.5756844308 0.1097134562)
(0 0.6248084798 0.1097134562)
(0.1 0.6248084798 0.1097134562)
(0.2 0.6248084798 0.1097134562)
(0.3 0.6248084798 0.1097134562)
(0.4 0.6248084798 0.1097134562)
(0.5 0.6248084798 0.1097134562)
(0.6 0.6248084798 0.1097134562)
(0.7 0.6248084798 0.1097134562)
(0.8 0.6248084798 0.1097134562)
(0.9 0.6248084798 0.1097134562)
(1 0.6248084798 0.1097134562)
(1.1 0.6248084798 0.1097134562)
(1.2 0.6248084798 0.1097134562)
(1.3 0.6248084798 0.1097134562)
(1.4 0.6248084798 0.1097134562)
(1.5 0.6248084798 0.1097134562)
(1.6 0.6248084798 0.1097134562)
(1.7 0.6248084798 0.1097134562)
(1.8 0.6248084798 0.1097134562)
(1.9 0.6248084798 0.1097134562)
(2 0.6248084798 0.1097134562)
(0 0.6773407405 0.1097134562)
(0.1 0.6773407405 0.1097134562)
(0.2 0.6773407405 0.1097134562)
(0.3 0.6773407405 0.1097134562)
(0.4 0.6773407405 0.1097134562)
(0.5 0.6773407405 0.1097134562)
(0.6 0.6773407405 0.1097134562)
(0.7 0.6773407405 0.1097134562)
(0.8 0.6773407405 0.1097134562)
(0.9 0.6773407405 0.1097134562)
(1 0.6773407405 0.1097134562)
(1.1 0.6773407405 0.1097134562)
(1.2 0.6773407405 0.1097134562)
(1.3 0.6773407405 0.1097134562)
(1.4 0.6773407405 0.1097134562)
(1.5 0.6773407405 0.1097134562)
(1.6 0.6773407405 0.1097134562)
(1.7 0.6773407405 0.1097134562)
(1.8 0.6773407405 0.1097134562)
(1.9 0.6773407405 0.1097134562)
(2 0.6773407405 0.1097134562)
(0 0.7335176736 0.1097134562)
(0.1 0.7335176736 0.1097134562)
(0.2 0.7335176736 0.1097134562)
(0.3 0.7335176736 0.1097134562)
(0.4 0.7335176736 0.1097134562)
(0.5 0.7335176736 0.1097134562)
(0.6 0.7335176736 0.1097134562)
(0.7 0.7335176736 0.1097134562)
(0.8 0.7335176736 0.1097134562)
(0.9 0.7335176736 0.1097134562)
(1 0.7335176736 0.1097134562)
(1.1 0.7335176736 0.1097134562)
(1.2 0.7335176736 0.1097134562)
(1.3 0.7335176736 0.1097134562)
(1.4 0.7335176736 0.1097134562)
(1.5 0.7335176736 0.1097134562)
(1.6 0.7335176736 0.1097134562)
(1.7 0.7335176736 0.1097134562)
(1.8 0.7335176736 0.1097134562)
(1.9 0.7335176736 0.1097134562)
(2 0.7335176736 0.1097134562)
(0 0.7935921454 0.1097134562)
(0.1 0.7935921454 0.1097134562)
(0.2 0.7935921454 0.1097134562)
(0.3 0.7935921454 0.1097134562)
(0.4 0.7935921454 0.1097134562)
(0.5 0.7935921454 0.1097134562)
(0.6 0.7935921454 0.1097134562)
(0.7 0.7935921454 0.1097134562)
(0.8 0.7935921454 0.1097134562)
(0.9 0.7935921454 0.1097134562)
(1 0.7935921454 0.1097134562)
(1.1 0.7935921454 0.1097134562)
(1.2 0.7935921454 0.1097134562)
(1.3 0.7935921454 0.1097134562)
(1.4 0.7935921454 0.1097134562)
(1.5 0.7935921454 0.1097134562)
(1.6 0.7935921454 0.1097134562)
(1.7 0.7935921454 0.1097134562)
(1.8 0.7935921454 0.1097134562)
(1.9 0.7935921454 0.1097134562)
(2 0.7935921454 0.1097134562)
(0 0.857834566 0.1097134562)
(0.1 0.857834566 0.1097134562)
(0.2 0.857834566 0.1097134562)
(0.3 0.857834566 0.1097134562)
(0.4 0.857834566 0.1097134562)
(0.5 0.857834566 0.1097134562)
(0.6 0.857834566 0.1097134562)
(0.7 0.857834566 0.1097134562)
(0.8 0.857834566 0.1097134562)
(0.9 0.857834566 0.1097134562)
(1 0.857834566 0.1097134562)
(1.1 0.857834566 0.1097134562)
(1.2 0.857834566 0.1097134562)
(1.3 0.857834566 0.1097134562)
(1.4 0.857834566 0.1097134562)
(1.5 0.857834566 0.1097134562)
(1.6 0.857834566 0.1097134562)
(1.7 0.857834566 0.1097134562)
(1.8 0.857834566 0.1097134562)
(1.9 0.857834566 0.1097134562)
(2 0.857834566 0.1097134562)
(0 0.9265341063 0.1097134562)
(0.1 0.9265341063 0.1097134562)
(0.2 0.9265341063 0.1097134562)
(0.3 0.9265341063 0.1097134562)
(0.4 0.9265341063 0.1097134562)
(0.5 0.9265341063 0.1097134562)
(0.6 0.9265341063 0.1097134562)
(0.7 0.9265341063 0.1097134562)
(0.8 0.9265341063 0.1097134562)
(0.9 0.9265341063 0.1097134562)
(1 0.9265341063 0.1097134562)
(1.1 0.9265341063 0.1097134562)
(1.2 0.9265341063 0.1097134562)
(1.3 0.9265341063 0.1097134562)
(1.4 0.9265341063 0.1097134562)
(1.5 0.9265341063 0.1097134562)
(1.6 0.9265341063 0.1097134562)
(1.7 0.9265341063 0.1097134562)
(1.8 0.9265341063 0.1097134562)
(1.9 0.9265341063 0.1097134562)
(2 0.9265341063 0.1097134562)
(0 1 0.1097134562)
(0.1 1 0.1097134562)
(0.2 1 0.1097134562)
(0.3 1 0.1097134562)
(0.4 1 0.1097134562)
(0.5 1 0.1097134562)
(0.6 1 0.1097134562)
(0.7 1 0.1097134562)
(0.8 1 0.1097134562)
(0.9 1 0.1097134562)
(1 1 0.1097134562)
(1.1 1 0.1097134562)
(1.2 1 0.1097134562)
(1.3 1 0.1097134562)
(1.4 1 0.1097134562)
(1.5 1 0.1097134562)
(1.6 1 0.1097134562)
(1.7 1 0.1097134562)
(1.8 1 0.1097134562)
(1.9 1 0.1097134562)
(2 1 0.1097134562)
(0 0 0.1265085794)
(0.1 0 0.1265085794)
(0.2 0 0.1265085794)
(0.3 0 0.1265085794)
(0.4 0 0.1265085794)
(0.5 0 0.1265085794)
(0.6 0 0.1265085794)
(0.7 0 0.1265085794)
(0.8 0 0.1265085794)
(0.9 0 0.1265085794)
(1 0 0.1265085794)
(1.1 0 0.1265085794)
(1.2 0 0.1265085794)
(1.3 0 0.1265085794)
(1.4 0 0.1265085794)
(1.5 0 0.1265085794)
(1.6 0 0.1265085794)
(1.7 0 0.1265085794)
(1.8 0 0.1265085794)
(1.9 0 0.1265085794)
(2 0 0.1265085794)
(0 0.009183236716 0.1265085794)
(0.1 0.009183236716 0.1265085794)
(0.2 0.009183236716 0.1265085794)
(0.3 0.009183236716 0.1265085794)
(0.4 0.009183236716 0.1265085794)
(0.5 0.009183236716 0.1265085794)
(0.6 0.009183236716 0.1265085794)
(0.7 0.009183236716 0.1265085794)
(0.8 0.009183236716 0.1265085794)
(0.9 0.009183236716 0.1265085794)
(1 0.009183236716 0.1265085794)
(1.1 0.009183236716 0.1265085794)
(1.2 0.009183236716 0.1265085794)
(1.3 0.009183236716 0.1265085794)
(1.4 0.009183236716 0.1265085794)
(1.5 0.009183236716 0.1265085794)
(1.6 0.009183236716 0.1265085794)
(1.7 0.009183236716 0.1265085794)
(1.8 0.009183236716 0.1265085794)
(1.9 0.009183236716 0.1265085794)
(2 0.009183236716 0.1265085794)
(0 0.01900360363 0.1265085794)
(0.1 0.01900360363 0.1265085794)
(0.2 0.01900360363 0.1265085794)
(0.3 0.01900360363 0.1265085794)
(0.4 0.01900360363 0.1265085794)
(0.5 0.01900360363 0.1265085794)
(0.6 0.01900360363 0.1265085794)
(0.7 0.01900360363 0.1265085794)
(0.8 0.01900360363 0.1265085794)
(0.9 0.01900360363 0.1265085794)
(1 0.01900360363 0.1265085794)
(1.1 0.01900360363 0.1265085794)
(1.2 0.01900360363 0.1265085794)
(1.3 0.01900360363 0.1265085794)
(1.4 0.01900360363 0.1265085794)
(1.5 0.01900360363 0.1265085794)
(1.6 0.01900360363 0.1265085794)
(1.7 0.01900360363 0.1265085794)
(1.8 0.01900360363 0.1265085794)
(1.9 0.01900360363 0.1265085794)
(2 0.01900360363 0.1265085794)
(0 0.02950530463 0.1265085794)
(0.1 0.02950530463 0.1265085794)
(0.2 0.02950530463 0.1265085794)
(0.3 0.02950530463 0.1265085794)
(0.4 0.02950530463 0.1265085794)
(0.5 0.02950530463 0.1265085794)
(0.6 0.02950530463 0.1265085794)
(0.7 0.02950530463 0.1265085794)
(0.8 0.02950530463 0.1265085794)
(0.9 0.02950530463 0.1265085794)
(1 0.02950530463 0.1265085794)
(1.1 0.02950530463 0.1265085794)
(1.2 0.02950530463 0.1265085794)
(1.3 0.02950530463 0.1265085794)
(1.4 0.02950530463 0.1265085794)
(1.5 0.02950530463 0.1265085794)
(1.6 0.02950530463 0.1265085794)
(1.7 0.02950530463 0.1265085794)
(1.8 0.02950530463 0.1265085794)
(1.9 0.02950530463 0.1265085794)
(2 0.02950530463 0.1265085794)
(0 0.04073561049 0.1265085794)
(0.1 0.04073561049 0.1265085794)
(0.2 0.04073561049 0.1265085794)
(0.3 0.04073561049 0.1265085794)
(0.4 0.04073561049 0.1265085794)
(0.5 0.04073561049 0.1265085794)
(0.6 0.04073561049 0.1265085794)
(0.7 0.04073561049 0.1265085794)
(0.8 0.04073561049 0.1265085794)
(0.9 0.04073561049 0.1265085794)
(1 0.04073561049 0.1265085794)
(1.1 0.04073561049 0.1265085794)
(1.2 0.04073561049 0.1265085794)
(1.3 0.04073561049 0.1265085794)
(1.4 0.04073561049 0.1265085794)
(1.5 0.04073561049 0.1265085794)
(1.6 0.04073561049 0.1265085794)
(1.7 0.04073561049 0.1265085794)
(1.8 0.04073561049 0.1265085794)
(1.9 0.04073561049 0.1265085794)
(2 0.04073561049 0.1265085794)
(0 0.05274507158 0.1265085794)
(0.1 0.05274507158 0.1265085794)
(0.2 0.05274507158 0.1265085794)
(0.3 0.05274507158 0.1265085794)
(0.4 0.05274507158 0.1265085794)
(0.5 0.05274507158 0.1265085794)
(0.6 0.05274507158 0.1265085794)
(0.7 0.05274507158 0.1265085794)
(0.8 0.05274507158 0.1265085794)
(0.9 0.05274507158 0.1265085794)
(1 0.05274507158 0.1265085794)
(1.1 0.05274507158 0.1265085794)
(1.2 0.05274507158 0.1265085794)
(1.3 0.05274507158 0.1265085794)
(1.4 0.05274507158 0.1265085794)
(1.5 0.05274507158 0.1265085794)
(1.6 0.05274507158 0.1265085794)
(1.7 0.05274507158 0.1265085794)
(1.8 0.05274507158 0.1265085794)
(1.9 0.05274507158 0.1265085794)
(2 0.05274507158 0.1265085794)
(0 0.06558774547 0.1265085794)
(0.1 0.06558774547 0.1265085794)
(0.2 0.06558774547 0.1265085794)
(0.3 0.06558774547 0.1265085794)
(0.4 0.06558774547 0.1265085794)
(0.5 0.06558774547 0.1265085794)
(0.6 0.06558774547 0.1265085794)
(0.7 0.06558774547 0.1265085794)
(0.8 0.06558774547 0.1265085794)
(0.9 0.06558774547 0.1265085794)
(1 0.06558774547 0.1265085794)
(1.1 0.06558774547 0.1265085794)
(1.2 0.06558774547 0.1265085794)
(1.3 0.06558774547 0.1265085794)
(1.4 0.06558774547 0.1265085794)
(1.5 0.06558774547 0.1265085794)
(1.6 0.06558774547 0.1265085794)
(1.7 0.06558774547 0.1265085794)
(1.8 0.06558774547 0.1265085794)
(1.9 0.06558774547 0.1265085794)
(2 0.06558774547 0.1265085794)
(0 0.07932144019 0.1265085794)
(0.1 0.07932144019 0.1265085794)
(0.2 0.07932144019 0.1265085794)
(0.3 0.07932144019 0.1265085794)
(0.4 0.07932144019 0.1265085794)
(0.5 0.07932144019 0.1265085794)
(0.6 0.07932144019 0.1265085794)
(0.7 0.07932144019 0.1265085794)
(0.8 0.07932144019 0.1265085794)
(0.9 0.07932144019 0.1265085794)
(1 0.07932144019 0.1265085794)
(1.1 0.07932144019 0.1265085794)
(1.2 0.07932144019 0.1265085794)
(1.3 0.07932144019 0.1265085794)
(1.4 0.07932144019 0.1265085794)
(1.5 0.07932144019 0.1265085794)
(1.6 0.07932144019 0.1265085794)
(1.7 0.07932144019 0.1265085794)
(1.8 0.07932144019 0.1265085794)
(1.9 0.07932144019 0.1265085794)
(2 0.07932144019 0.1265085794)
(0 0.09400797452 0.1265085794)
(0.1 0.09400797452 0.1265085794)
(0.2 0.09400797452 0.1265085794)
(0.3 0.09400797452 0.1265085794)
(0.4 0.09400797452 0.1265085794)
(0.5 0.09400797452 0.1265085794)
(0.6 0.09400797452 0.1265085794)
(0.7 0.09400797452 0.1265085794)
(0.8 0.09400797452 0.1265085794)
(0.9 0.09400797452 0.1265085794)
(1 0.09400797452 0.1265085794)
(1.1 0.09400797452 0.1265085794)
(1.2 0.09400797452 0.1265085794)
(1.3 0.09400797452 0.1265085794)
(1.4 0.09400797452 0.1265085794)
(1.5 0.09400797452 0.1265085794)
(1.6 0.09400797452 0.1265085794)
(1.7 0.09400797452 0.1265085794)
(1.8 0.09400797452 0.1265085794)
(1.9 0.09400797452 0.1265085794)
(2 0.09400797452 0.1265085794)
(0 0.1097134562 0.1265085794)
(0.1 0.1097134562 0.1265085794)
(0.2 0.1097134562 0.1265085794)
(0.3 0.1097134562 0.1265085794)
(0.4 0.1097134562 0.1265085794)
(0.5 0.1097134562 0.1265085794)
(0.6 0.1097134562 0.1265085794)
(0.7 0.1097134562 0.1265085794)
(0.8 0.1097134562 0.1265085794)
(0.9 0.1097134562 0.1265085794)
(1 0.1097134562 0.1265085794)
(1.1 0.1097134562 0.1265085794)
(1.2 0.1097134562 0.1265085794)
(1.3 0.1097134562 0.1265085794)
(1.4 0.1097134562 0.1265085794)
(1.5 0.1097134562 0.1265085794)
(1.6 0.1097134562 0.1265085794)
(1.7 0.1097134562 0.1265085794)
(1.8 0.1097134562 0.1265085794)
(1.9 0.1097134562 0.1265085794)
(2 0.1097134562 0.1265085794)
(0 0.1265085794 0.1265085794)
(0.1 0.1265085794 0.1265085794)
(0.2 0.1265085794 0.1265085794)
(0.3 0.1265085794 0.1265085794)
(0.4 0.1265085794 0.1265085794)
(0.5 0.1265085794 0.1265085794)
(0.6 0.1265085794 0.1265085794)
(0.7 0.1265085794 0.1265085794)
(0.8 0.1265085794 0.1265085794)
(0.9 0.1265085794 0.1265085794)
(1 0.1265085794 0.1265085794)
(1.1 0.1265085794 0.1265085794)
(1.2 0.1265085794 0.1265085794)
(1.3 0.1265085794 0.1265085794)
(1.4 0.1265085794 0.1265085794)
(1.5 0.1265085794 0.1265085794)
(1.6 0.1265085794 0.1265085794)
(1.7 0.1265085794 0.1265085794)
(1.8 0.1265085794 0.1265085794)
(1.9 0.1265085794 0.1265085794)
(2 0.1265085794 0.1265085794)
(0 0.1444689432 0.1265085794)
(0.1 0.1444689432 0.1265085794)
(0.2 0.1444689432 0.1265085794)
(0.3 0.1444689432 0.1265085794)
(0.4 0.1444689432 0.1265085794)
(0.5 0.1444689432 0.1265085794)
(0.6 0.1444689432 0.1265085794)
(0.7 0.1444689432 0.1265085794)
(0.8 0.1444689432 0.1265085794)
(0.9 0.1444689432 0.1265085794)
(1 0.1444689432 0.1265085794)
(1.1 0.1444689432 0.1265085794)
(1.2 0.1444689432 0.1265085794)
(1.3 0.1444689432 0.1265085794)
(1.4 0.1444689432 0.1265085794)
(1.5 0.1444689432 0.1265085794)
(1.6 0.1444689432 0.1265085794)
(1.7 0.1444689432 0.1265085794)
(1.8 0.1444689432 0.1265085794)
(1.9 0.1444689432 0.1265085794)
(2 0.1444689432 0.1265085794)
(0 0.1636753917 0.1265085794)
(0.1 0.1636753917 0.1265085794)
(0.2 0.1636753917 0.1265085794)
(0.3 0.1636753917 0.1265085794)
(0.4 0.1636753917 0.1265085794)
(0.5 0.1636753917 0.1265085794)
(0.6 0.1636753917 0.1265085794)
(0.7 0.1636753917 0.1265085794)
(0.8 0.1636753917 0.1265085794)
(0.9 0.1636753917 0.1265085794)
(1 0.1636753917 0.1265085794)
(1.1 0.1636753917 0.1265085794)
(1.2 0.1636753917 0.1265085794)
(1.3 0.1636753917 0.1265085794)
(1.4 0.1636753917 0.1265085794)
(1.5 0.1636753917 0.1265085794)
(1.6 0.1636753917 0.1265085794)
(1.7 0.1636753917 0.1265085794)
(1.8 0.1636753917 0.1265085794)
(1.9 0.1636753917 0.1265085794)
(2 0.1636753917 0.1265085794)
(0 0.1842143777 0.1265085794)
(0.1 0.1842143777 0.1265085794)
(0.2 0.1842143777 0.1265085794)
(0.3 0.1842143777 0.1265085794)
(0.4 0.1842143777 0.1265085794)
(0.5 0.1842143777 0.1265085794)
(0.6 0.1842143777 0.1265085794)
(0.7 0.1842143777 0.1265085794)
(0.8 0.1842143777 0.1265085794)
(0.9 0.1842143777 0.1265085794)
(1 0.1842143777 0.1265085794)
(1.1 0.1842143777 0.1265085794)
(1.2 0.1842143777 0.1265085794)
(1.3 0.1842143777 0.1265085794)
(1.4 0.1842143777 0.1265085794)
(1.5 0.1842143777 0.1265085794)
(1.6 0.1842143777 0.1265085794)
(1.7 0.1842143777 0.1265085794)
(1.8 0.1842143777 0.1265085794)
(1.9 0.1842143777 0.1265085794)
(2 0.1842143777 0.1265085794)
(0 0.2061783524 0.1265085794)
(0.1 0.2061783524 0.1265085794)
(0.2 0.2061783524 0.1265085794)
(0.3 0.2061783524 0.1265085794)
(0.4 0.2061783524 0.1265085794)
(0.5 0.2061783524 0.1265085794)
(0.6 0.2061783524 0.1265085794)
(0.7 0.2061783524 0.1265085794)
(0.8 0.2061783524 0.1265085794)
(0.9 0.2061783524 0.1265085794)
(1 0.2061783524 0.1265085794)
(1.1 0.2061783524 0.1265085794)
(1.2 0.2061783524 0.1265085794)
(1.3 0.2061783524 0.1265085794)
(1.4 0.2061783524 0.1265085794)
(1.5 0.2061783524 0.1265085794)
(1.6 0.2061783524 0.1265085794)
(1.7 0.2061783524 0.1265085794)
(1.8 0.2061783524 0.1265085794)
(1.9 0.2061783524 0.1265085794)
(2 0.2061783524 0.1265085794)
(0 0.2296661811 0.1265085794)
(0.1 0.2296661811 0.1265085794)
(0.2 0.2296661811 0.1265085794)
(0.3 0.2296661811 0.1265085794)
(0.4 0.2296661811 0.1265085794)
(0.5 0.2296661811 0.1265085794)
(0.6 0.2296661811 0.1265085794)
(0.7 0.2296661811 0.1265085794)
(0.8 0.2296661811 0.1265085794)
(0.9 0.2296661811 0.1265085794)
(1 0.2296661811 0.1265085794)
(1.1 0.2296661811 0.1265085794)
(1.2 0.2296661811 0.1265085794)
(1.3 0.2296661811 0.1265085794)
(1.4 0.2296661811 0.1265085794)
(1.5 0.2296661811 0.1265085794)
(1.6 0.2296661811 0.1265085794)
(1.7 0.2296661811 0.1265085794)
(1.8 0.2296661811 0.1265085794)
(1.9 0.2296661811 0.1265085794)
(2 0.2296661811 0.1265085794)
(0 0.2547835882 0.1265085794)
(0.1 0.2547835882 0.1265085794)
(0.2 0.2547835882 0.1265085794)
(0.3 0.2547835882 0.1265085794)
(0.4 0.2547835882 0.1265085794)
(0.5 0.2547835882 0.1265085794)
(0.6 0.2547835882 0.1265085794)
(0.7 0.2547835882 0.1265085794)
(0.8 0.2547835882 0.1265085794)
(0.9 0.2547835882 0.1265085794)
(1 0.2547835882 0.1265085794)
(1.1 0.2547835882 0.1265085794)
(1.2 0.2547835882 0.1265085794)
(1.3 0.2547835882 0.1265085794)
(1.4 0.2547835882 0.1265085794)
(1.5 0.2547835882 0.1265085794)
(1.6 0.2547835882 0.1265085794)
(1.7 0.2547835882 0.1265085794)
(1.8 0.2547835882 0.1265085794)
(1.9 0.2547835882 0.1265085794)
(2 0.2547835882 0.1265085794)
(0 0.2816436335 0.1265085794)
(0.1 0.2816436335 0.1265085794)
(0.2 0.2816436335 0.1265085794)
(0.3 0.2816436335 0.1265085794)
(0.4 0.2816436335 0.1265085794)
(0.5 0.2816436335 0.1265085794)
(0.6 0.2816436335 0.1265085794)
(0.7 0.2816436335 0.1265085794)
(0.8 0.2816436335 0.1265085794)
(0.9 0.2816436335 0.1265085794)
(1 0.2816436335 0.1265085794)
(1.1 0.2816436335 0.1265085794)
(1.2 0.2816436335 0.1265085794)
(1.3 0.2816436335 0.1265085794)
(1.4 0.2816436335 0.1265085794)
(1.5 0.2816436335 0.1265085794)
(1.6 0.2816436335 0.1265085794)
(1.7 0.2816436335 0.1265085794)
(1.8 0.2816436335 0.1265085794)
(1.9 0.2816436335 0.1265085794)
(2 0.2816436335 0.1265085794)
(0 0.3103672206 0.1265085794)
(0.1 0.3103672206 0.1265085794)
(0.2 0.3103672206 0.1265085794)
(0.3 0.3103672206 0.1265085794)
(0.4 0.3103672206 0.1265085794)
(0.5 0.3103672206 0.1265085794)
(0.6 0.3103672206 0.1265085794)
(0.7 0.3103672206 0.1265085794)
(0.8 0.3103672206 0.1265085794)
(0.9 0.3103672206 0.1265085794)
(1 0.3103672206 0.1265085794)
(1.1 0.3103672206 0.1265085794)
(1.2 0.3103672206 0.1265085794)
(1.3 0.3103672206 0.1265085794)
(1.4 0.3103672206 0.1265085794)
(1.5 0.3103672206 0.1265085794)
(1.6 0.3103672206 0.1265085794)
(1.7 0.3103672206 0.1265085794)
(1.8 0.3103672206 0.1265085794)
(1.9 0.3103672206 0.1265085794)
(2 0.3103672206 0.1265085794)
(0 0.3410836415 0.1265085794)
(0.1 0.3410836415 0.1265085794)
(0.2 0.3410836415 0.1265085794)
(0.3 0.3410836415 0.1265085794)
(0.4 0.3410836415 0.1265085794)
(0.5 0.3410836415 0.1265085794)
(0.6 0.3410836415 0.1265085794)
(0.7 0.3410836415 0.1265085794)
(0.8 0.3410836415 0.1265085794)
(0.9 0.3410836415 0.1265085794)
(1 0.3410836415 0.1265085794)
(1.1 0.3410836415 0.1265085794)
(1.2 0.3410836415 0.1265085794)
(1.3 0.3410836415 0.1265085794)
(1.4 0.3410836415 0.1265085794)
(1.5 0.3410836415 0.1265085794)
(1.6 0.3410836415 0.1265085794)
(1.7 0.3410836415 0.1265085794)
(1.8 0.3410836415 0.1265085794)
(1.9 0.3410836415 0.1265085794)
(2 0.3410836415 0.1265085794)
(0 0.3739311585 0.1265085794)
(0.1 0.3739311585 0.1265085794)
(0.2 0.3739311585 0.1265085794)
(0.3 0.3739311585 0.1265085794)
(0.4 0.3739311585 0.1265085794)
(0.5 0.3739311585 0.1265085794)
(0.6 0.3739311585 0.1265085794)
(0.7 0.3739311585 0.1265085794)
(0.8 0.3739311585 0.1265085794)
(0.9 0.3739311585 0.1265085794)
(1 0.3739311585 0.1265085794)
(1.1 0.3739311585 0.1265085794)
(1.2 0.3739311585 0.1265085794)
(1.3 0.3739311585 0.1265085794)
(1.4 0.3739311585 0.1265085794)
(1.5 0.3739311585 0.1265085794)
(1.6 0.3739311585 0.1265085794)
(1.7 0.3739311585 0.1265085794)
(1.8 0.3739311585 0.1265085794)
(1.9 0.3739311585 0.1265085794)
(2 0.3739311585 0.1265085794)
(0 0.4090576263 0.1265085794)
(0.1 0.4090576263 0.1265085794)
(0.2 0.4090576263 0.1265085794)
(0.3 0.4090576263 0.1265085794)
(0.4 0.4090576263 0.1265085794)
(0.5 0.4090576263 0.1265085794)
(0.6 0.4090576263 0.1265085794)
(0.7 0.4090576263 0.1265085794)
(0.8 0.4090576263 0.1265085794)
(0.9 0.4090576263 0.1265085794)
(1 0.4090576263 0.1265085794)
(1.1 0.4090576263 0.1265085794)
(1.2 0.4090576263 0.1265085794)
(1.3 0.4090576263 0.1265085794)
(1.4 0.4090576263 0.1265085794)
(1.5 0.4090576263 0.1265085794)
(1.6 0.4090576263 0.1265085794)
(1.7 0.4090576263 0.1265085794)
(1.8 0.4090576263 0.1265085794)
(1.9 0.4090576263 0.1265085794)
(2 0.4090576263 0.1265085794)
(0 0.4466211578 0.1265085794)
(0.1 0.4466211578 0.1265085794)
(0.2 0.4466211578 0.1265085794)
(0.3 0.4466211578 0.1265085794)
(0.4 0.4466211578 0.1265085794)
(0.5 0.4466211578 0.1265085794)
(0.6 0.4466211578 0.1265085794)
(0.7 0.4466211578 0.1265085794)
(0.8 0.4466211578 0.1265085794)
(0.9 0.4466211578 0.1265085794)
(1 0.4466211578 0.1265085794)
(1.1 0.4466211578 0.1265085794)
(1.2 0.4466211578 0.1265085794)
(1.3 0.4466211578 0.1265085794)
(1.4 0.4466211578 0.1265085794)
(1.5 0.4466211578 0.1265085794)
(1.6 0.4466211578 0.1265085794)
(1.7 0.4466211578 0.1265085794)
(1.8 0.4466211578 0.1265085794)
(1.9 0.4466211578 0.1265085794)
(2 0.4466211578 0.1265085794)
(0 0.4867908358 0.1265085794)
(0.1 0.4867908358 0.1265085794)
(0.2 0.4867908358 0.1265085794)
(0.3 0.4867908358 0.1265085794)
(0.4 0.4867908358 0.1265085794)
(0.5 0.4867908358 0.1265085794)
(0.6 0.4867908358 0.1265085794)
(0.7 0.4867908358 0.1265085794)
(0.8 0.4867908358 0.1265085794)
(0.9 0.4867908358 0.1265085794)
(1 0.4867908358 0.1265085794)
(1.1 0.4867908358 0.1265085794)
(1.2 0.4867908358 0.1265085794)
(1.3 0.4867908358 0.1265085794)
(1.4 0.4867908358 0.1265085794)
(1.5 0.4867908358 0.1265085794)
(1.6 0.4867908358 0.1265085794)
(1.7 0.4867908358 0.1265085794)
(1.8 0.4867908358 0.1265085794)
(1.9 0.4867908358 0.1265085794)
(2 0.4867908358 0.1265085794)
(0 0.529747474 0.1265085794)
(0.1 0.529747474 0.1265085794)
(0.2 0.529747474 0.1265085794)
(0.3 0.529747474 0.1265085794)
(0.4 0.529747474 0.1265085794)
(0.5 0.529747474 0.1265085794)
(0.6 0.529747474 0.1265085794)
(0.7 0.529747474 0.1265085794)
(0.8 0.529747474 0.1265085794)
(0.9 0.529747474 0.1265085794)
(1 0.529747474 0.1265085794)
(1.1 0.529747474 0.1265085794)
(1.2 0.529747474 0.1265085794)
(1.3 0.529747474 0.1265085794)
(1.4 0.529747474 0.1265085794)
(1.5 0.529747474 0.1265085794)
(1.6 0.529747474 0.1265085794)
(1.7 0.529747474 0.1265085794)
(1.8 0.529747474 0.1265085794)
(1.9 0.529747474 0.1265085794)
(2 0.529747474 0.1265085794)
(0 0.5756844308 0.1265085794)
(0.1 0.5756844308 0.1265085794)
(0.2 0.5756844308 0.1265085794)
(0.3 0.5756844308 0.1265085794)
(0.4 0.5756844308 0.1265085794)
(0.5 0.5756844308 0.1265085794)
(0.6 0.5756844308 0.1265085794)
(0.7 0.5756844308 0.1265085794)
(0.8 0.5756844308 0.1265085794)
(0.9 0.5756844308 0.1265085794)
(1 0.5756844308 0.1265085794)
(1.1 0.5756844308 0.1265085794)
(1.2 0.5756844308 0.1265085794)
(1.3 0.5756844308 0.1265085794)
(1.4 0.5756844308 0.1265085794)
(1.5 0.5756844308 0.1265085794)
(1.6 0.5756844308 0.1265085794)
(1.7 0.5756844308 0.1265085794)
(1.8 0.5756844308 0.1265085794)
(1.9 0.5756844308 0.1265085794)
(2 0.5756844308 0.1265085794)
(0 0.6248084798 0.1265085794)
(0.1 0.6248084798 0.1265085794)
(0.2 0.6248084798 0.1265085794)
(0.3 0.6248084798 0.1265085794)
(0.4 0.6248084798 0.1265085794)
(0.5 0.6248084798 0.1265085794)
(0.6 0.6248084798 0.1265085794)
(0.7 0.6248084798 0.1265085794)
(0.8 0.6248084798 0.1265085794)
(0.9 0.6248084798 0.1265085794)
(1 0.6248084798 0.1265085794)
(1.1 0.6248084798 0.1265085794)
(1.2 0.6248084798 0.1265085794)
(1.3 0.6248084798 0.1265085794)
(1.4 0.6248084798 0.1265085794)
(1.5 0.6248084798 0.1265085794)
(1.6 0.6248084798 0.1265085794)
(1.7 0.6248084798 0.1265085794)
(1.8 0.6248084798 0.1265085794)
(1.9 0.6248084798 0.1265085794)
(2 0.6248084798 0.1265085794)
(0 0.6773407405 0.1265085794)
(0.1 0.6773407405 0.1265085794)
(0.2 0.6773407405 0.1265085794)
(0.3 0.6773407405 0.1265085794)
(0.4 0.6773407405 0.1265085794)
(0.5 0.6773407405 0.1265085794)
(0.6 0.6773407405 0.1265085794)
(0.7 0.6773407405 0.1265085794)
(0.8 0.6773407405 0.1265085794)
(0.9 0.6773407405 0.1265085794)
(1 0.6773407405 0.1265085794)
(1.1 0.6773407405 0.1265085794)
(1.2 0.6773407405 0.1265085794)
(1.3 0.6773407405 0.1265085794)
(1.4 0.6773407405 0.1265085794)
(1.5 0.6773407405 0.1265085794)
(1.6 0.6773407405 0.1265085794)
(1.7 0.6773407405 0.1265085794)
(1.8 0.6773407405 0.1265085794)
(1.9 0.6773407405 0.1265085794)
(2 0.6773407405 0.1265085794)
(0 0.7335176736 0.1265085794)
(0.1 0.7335176736 0.1265085794)
(0.2 0.7335176736 0.1265085794)
(0.3 0.7335176736 0.1265085794)
(0.4 0.7335176736 0.1265085794)
(0.5 0.7335176736 0.1265085794)
(0.6 0.7335176736 0.1265085794)
(0.7 0.7335176736 0.1265085794)
(0.8 0.7335176736 0.1265085794)
(0.9 0.7335176736 0.1265085794)
(1 0.7335176736 0.1265085794)
(1.1 0.7335176736 0.1265085794)
(1.2 0.7335176736 0.1265085794)
(1.3 0.7335176736 0.1265085794)
(1.4 0.7335176736 0.1265085794)
(1.5 0.7335176736 0.1265085794)
(1.6 0.7335176736 0.1265085794)
(1.7 0.7335176736 0.1265085794)
(1.8 0.7335176736 0.1265085794)
(1.9 0.7335176736 0.1265085794)
(2 0.7335176736 0.1265085794)
(0 0.7935921454 0.1265085794)
(0.1 0.7935921454 0.1265085794)
(0.2 0.7935921454 0.1265085794)
(0.3 0.7935921454 0.1265085794)
(0.4 0.7935921454 0.1265085794)
(0.5 0.7935921454 0.1265085794)
(0.6 0.7935921454 0.1265085794)
(0.7 0.7935921454 0.1265085794)
(0.8 0.7935921454 0.1265085794)
(0.9 0.7935921454 0.1265085794)
(1 0.7935921454 0.1265085794)
(1.1 0.7935921454 0.1265085794)
(1.2 0.7935921454 0.1265085794)
(1.3 0.7935921454 0.1265085794)
(1.4 0.7935921454 0.1265085794)
(1.5 0.7935921454 0.1265085794)
(1.6 0.7935921454 0.1265085794)
(1.7 0.7935921454 0.1265085794)
(1.8 0.7935921454 0.1265085794)
(1.9 0.7935921454 0.1265085794)
(2 0.7935921454 0.1265085794)
(0 0.857834566 0.1265085794)
(0.1 0.857834566 0.1265085794)
(0.2 0.857834566 0.1265085794)
(0.3 0.857834566 0.1265085794)
(0.4 0.857834566 0.1265085794)
(0.5 0.857834566 0.1265085794)
(0.6 0.857834566 0.1265085794)
(0.7 0.857834566 0.1265085794)
(0.8 0.857834566 0.1265085794)
(0.9 0.857834566 0.1265085794)
(1 0.857834566 0.1265085794)
(1.1 0.857834566 0.1265085794)
(1.2 0.857834566 0.1265085794)
(1.3 0.857834566 0.1265085794)
(1.4 0.857834566 0.1265085794)
(1.5 0.857834566 0.1265085794)
(1.6 0.857834566 0.1265085794)
(1.7 0.857834566 0.1265085794)
(1.8 0.857834566 0.1265085794)
(1.9 0.857834566 0.1265085794)
(2 0.857834566 0.1265085794)
(0 0.9265341063 0.1265085794)
(0.1 0.9265341063 0.1265085794)
(0.2 0.9265341063 0.1265085794)
(0.3 0.9265341063 0.1265085794)
(0.4 0.9265341063 0.1265085794)
(0.5 0.9265341063 0.1265085794)
(0.6 0.9265341063 0.1265085794)
(0.7 0.9265341063 0.1265085794)
(0.8 0.9265341063 0.1265085794)
(0.9 0.9265341063 0.1265085794)
(1 0.9265341063 0.1265085794)
(1.1 0.9265341063 0.1265085794)
(1.2 0.9265341063 0.1265085794)
(1.3 0.9265341063 0.1265085794)
(1.4 0.9265341063 0.1265085794)
(1.5 0.9265341063 0.1265085794)
(1.6 0.9265341063 0.1265085794)
(1.7 0.9265341063 0.1265085794)
(1.8 0.9265341063 0.1265085794)
(1.9 0.9265341063 0.1265085794)
(2 0.9265341063 0.1265085794)
(0 1 0.1265085794)
(0.1 1 0.1265085794)
(0.2 1 0.1265085794)
(0.3 1 0.1265085794)
(0.4 1 0.1265085794)
(0.5 1 0.1265085794)
(0.6 1 0.1265085794)
(0.7 1 0.1265085794)
(0.8 1 0.1265085794)
(0.9 1 0.1265085794)
(1 1 0.1265085794)
(1.1 1 0.1265085794)
(1.2 1 0.1265085794)
(1.3 1 0.1265085794)
(1.4 1 0.1265085794)
(1.5 1 0.1265085794)
(1.6 1 0.1265085794)
(1.7 1 0.1265085794)
(1.8 1 0.1265085794)
(1.9 1 0.1265085794)
(2 1 0.1265085794)
(0 0 0.1444689432)
(0.1 0 0.1444689432)
(0.2 0 0.1444689432)
(0.3 0 0.1444689432)
(0.4 0 0.1444689432)
(0.5 0 0.1444689432)
(0.6 0 0.1444689432)
(0.7 0 0.1444689432)
(0.8 0 0.1444689432)
(0.9 0 0.1444689432)
(1 0 0.1444689432)
(1.1 0 0.1444689432)
(1.2 0 0.1444689432)
(1.3 0 0.1444689432)
(1.4 0 0.1444689432)
(1.5 0 0.1444689432)
(1.6 0 0.1444689432)
(1.7 0 0.1444689432)
(1.8 0 0.1444689432)
(1.9 0 0.1444689432)
(2 0 0.1444689432)
(0 0.009183236716 0.1444689432)
(0.1 0.009183236716 0.1444689432)
(0.2 0.009183236716 0.1444689432)
(0.3 0.009183236716 0.1444689432)
(0.4 0.009183236716 0.1444689432)
(0.5 0.009183236716 0.1444689432)
(0.6 0.009183236716 0.1444689432)
(0.7 0.009183236716 0.1444689432)
(0.8 0.009183236716 0.1444689432)
(0.9 0.009183236716 0.1444689432)
(1 0.009183236716 0.1444689432)
(1.1 0.009183236716 0.1444689432)
(1.2 0.009183236716 0.1444689432)
(1.3 0.009183236716 0.1444689432)
(1.4 0.009183236716 0.1444689432)
(1.5 0.009183236716 0.1444689432)
(1.6 0.009183236716 0.1444689432)
(1.7 0.009183236716 0.1444689432)
(1.8 0.009183236716 0.1444689432)
(1.9 0.009183236716 0.1444689432)
(2 0.009183236716 0.1444689432)
(0 0.01900360363 0.1444689432)
(0.1 0.01900360363 0.1444689432)
(0.2 0.01900360363 0.1444689432)
(0.3 0.01900360363 0.1444689432)
(0.4 0.01900360363 0.1444689432)
(0.5 0.01900360363 0.1444689432)
(0.6 0.01900360363 0.1444689432)
(0.7 0.01900360363 0.1444689432)
(0.8 0.01900360363 0.1444689432)
(0.9 0.01900360363 0.1444689432)
(1 0.01900360363 0.1444689432)
(1.1 0.01900360363 0.1444689432)
(1.2 0.01900360363 0.1444689432)
(1.3 0.01900360363 0.1444689432)
(1.4 0.01900360363 0.1444689432)
(1.5 0.01900360363 0.1444689432)
(1.6 0.01900360363 0.1444689432)
(1.7 0.01900360363 0.1444689432)
(1.8 0.01900360363 0.1444689432)
(1.9 0.01900360363 0.1444689432)
(2 0.01900360363 0.1444689432)
(0 0.02950530463 0.1444689432)
(0.1 0.02950530463 0.1444689432)
(0.2 0.02950530463 0.1444689432)
(0.3 0.02950530463 0.1444689432)
(0.4 0.02950530463 0.1444689432)
(0.5 0.02950530463 0.1444689432)
(0.6 0.02950530463 0.1444689432)
(0.7 0.02950530463 0.1444689432)
(0.8 0.02950530463 0.1444689432)
(0.9 0.02950530463 0.1444689432)
(1 0.02950530463 0.1444689432)
(1.1 0.02950530463 0.1444689432)
(1.2 0.02950530463 0.1444689432)
(1.3 0.02950530463 0.1444689432)
(1.4 0.02950530463 0.1444689432)
(1.5 0.02950530463 0.1444689432)
(1.6 0.02950530463 0.1444689432)
(1.7 0.02950530463 0.1444689432)
(1.8 0.02950530463 0.1444689432)
(1.9 0.02950530463 0.1444689432)
(2 0.02950530463 0.1444689432)
(0 0.04073561049 0.1444689432)
(0.1 0.04073561049 0.1444689432)
(0.2 0.04073561049 0.1444689432)
(0.3 0.04073561049 0.1444689432)
(0.4 0.04073561049 0.1444689432)
(0.5 0.04073561049 0.1444689432)
(0.6 0.04073561049 0.1444689432)
(0.7 0.04073561049 0.1444689432)
(0.8 0.04073561049 0.1444689432)
(0.9 0.04073561049 0.1444689432)
(1 0.04073561049 0.1444689432)
(1.1 0.04073561049 0.1444689432)
(1.2 0.04073561049 0.1444689432)
(1.3 0.04073561049 0.1444689432)
(1.4 0.04073561049 0.1444689432)
(1.5 0.04073561049 0.1444689432)
(1.6 0.04073561049 0.1444689432)
(1.7 0.04073561049 0.1444689432)
(1.8 0.04073561049 0.1444689432)
(1.9 0.04073561049 0.1444689432)
(2 0.04073561049 0.1444689432)
(0 0.05274507158 0.1444689432)
(0.1 0.05274507158 0.1444689432)
(0.2 0.05274507158 0.1444689432)
(0.3 0.05274507158 0.1444689432)
(0.4 0.05274507158 0.1444689432)
(0.5 0.05274507158 0.1444689432)
(0.6 0.05274507158 0.1444689432)
(0.7 0.05274507158 0.1444689432)
(0.8 0.05274507158 0.1444689432)
(0.9 0.05274507158 0.1444689432)
(1 0.05274507158 0.1444689432)
(1.1 0.05274507158 0.1444689432)
(1.2 0.05274507158 0.1444689432)
(1.3 0.05274507158 0.1444689432)
(1.4 0.05274507158 0.1444689432)
(1.5 0.05274507158 0.1444689432)
(1.6 0.05274507158 0.1444689432)
(1.7 0.05274507158 0.1444689432)
(1.8 0.05274507158 0.1444689432)
(1.9 0.05274507158 0.1444689432)
(2 0.05274507158 0.1444689432)
(0 0.06558774547 0.1444689432)
(0.1 0.06558774547 0.1444689432)
(0.2 0.06558774547 0.1444689432)
(0.3 0.06558774547 0.1444689432)
(0.4 0.06558774547 0.1444689432)
(0.5 0.06558774547 0.1444689432)
(0.6 0.06558774547 0.1444689432)
(0.7 0.06558774547 0.1444689432)
(0.8 0.06558774547 0.1444689432)
(0.9 0.06558774547 0.1444689432)
(1 0.06558774547 0.1444689432)
(1.1 0.06558774547 0.1444689432)
(1.2 0.06558774547 0.1444689432)
(1.3 0.06558774547 0.1444689432)
(1.4 0.06558774547 0.1444689432)
(1.5 0.06558774547 0.1444689432)
(1.6 0.06558774547 0.1444689432)
(1.7 0.06558774547 0.1444689432)
(1.8 0.06558774547 0.1444689432)
(1.9 0.06558774547 0.1444689432)
(2 0.06558774547 0.1444689432)
(0 0.07932144019 0.1444689432)
(0.1 0.07932144019 0.1444689432)
(0.2 0.07932144019 0.1444689432)
(0.3 0.07932144019 0.1444689432)
(0.4 0.07932144019 0.1444689432)
(0.5 0.07932144019 0.1444689432)
(0.6 0.07932144019 0.1444689432)
(0.7 0.07932144019 0.1444689432)
(0.8 0.07932144019 0.1444689432)
(0.9 0.07932144019 0.1444689432)
(1 0.07932144019 0.1444689432)
(1.1 0.07932144019 0.1444689432)
(1.2 0.07932144019 0.1444689432)
(1.3 0.07932144019 0.1444689432)
(1.4 0.07932144019 0.1444689432)
(1.5 0.07932144019 0.1444689432)
(1.6 0.07932144019 0.1444689432)
(1.7 0.07932144019 0.1444689432)
(1.8 0.07932144019 0.1444689432)
(1.9 0.07932144019 0.1444689432)
(2 0.07932144019 0.1444689432)
(0 0.09400797452 0.1444689432)
(0.1 0.09400797452 0.1444689432)
(0.2 0.09400797452 0.1444689432)
(0.3 0.09400797452 0.1444689432)
(0.4 0.09400797452 0.1444689432)
(0.5 0.09400797452 0.1444689432)
(0.6 0.09400797452 0.1444689432)
(0.7 0.09400797452 0.1444689432)
(0.8 0.09400797452 0.1444689432)
(0.9 0.09400797452 0.1444689432)
(1 0.09400797452 0.1444689432)
(1.1 0.09400797452 0.1444689432)
(1.2 0.09400797452 0.1444689432)
(1.3 0.09400797452 0.1444689432)
(1.4 0.09400797452 0.1444689432)
(1.5 0.09400797452 0.1444689432)
(1.6 0.09400797452 0.1444689432)
(1.7 0.09400797452 0.1444689432)
(1.8 0.09400797452 0.1444689432)
(1.9 0.09400797452 0.1444689432)
(2 0.09400797452 0.1444689432)
(0 0.1097134562 0.1444689432)
(0.1 0.1097134562 0.1444689432)
(0.2 0.1097134562 0.1444689432)
(0.3 0.1097134562 0.1444689432)
(0.4 0.1097134562 0.1444689432)
(0.5 0.1097134562 0.1444689432)
(0.6 0.1097134562 0.1444689432)
(0.7 0.1097134562 0.1444689432)
(0.8 0.1097134562 0.1444689432)
(0.9 0.1097134562 0.1444689432)
(1 0.1097134562 0.1444689432)
(1.1 0.1097134562 0.1444689432)
(1.2 0.1097134562 0.1444689432)
(1.3 0.1097134562 0.1444689432)
(1.4 0.1097134562 0.1444689432)
(1.5 0.1097134562 0.1444689432)
(1.6 0.1097134562 0.1444689432)
(1.7 0.1097134562 0.1444689432)
(1.8 0.1097134562 0.1444689432)
(1.9 0.1097134562 0.1444689432)
(2 0.1097134562 0.1444689432)
(0 0.1265085794 0.1444689432)
(0.1 0.1265085794 0.1444689432)
(0.2 0.1265085794 0.1444689432)
(0.3 0.1265085794 0.1444689432)
(0.4 0.1265085794 0.1444689432)
(0.5 0.1265085794 0.1444689432)
(0.6 0.1265085794 0.1444689432)
(0.7 0.1265085794 0.1444689432)
(0.8 0.1265085794 0.1444689432)
(0.9 0.1265085794 0.1444689432)
(1 0.1265085794 0.1444689432)
(1.1 0.1265085794 0.1444689432)
(1.2 0.1265085794 0.1444689432)
(1.3 0.1265085794 0.1444689432)
(1.4 0.1265085794 0.1444689432)
(1.5 0.1265085794 0.1444689432)
(1.6 0.1265085794 0.1444689432)
(1.7 0.1265085794 0.1444689432)
(1.8 0.1265085794 0.1444689432)
(1.9 0.1265085794 0.1444689432)
(2 0.1265085794 0.1444689432)
(0 0.1444689432 0.1444689432)
(0.1 0.1444689432 0.1444689432)
(0.2 0.1444689432 0.1444689432)
(0.3 0.1444689432 0.1444689432)
(0.4 0.1444689432 0.1444689432)
(0.5 0.1444689432 0.1444689432)
(0.6 0.1444689432 0.1444689432)
(0.7 0.1444689432 0.1444689432)
(0.8 0.1444689432 0.1444689432)
(0.9 0.1444689432 0.1444689432)
(1 0.1444689432 0.1444689432)
(1.1 0.1444689432 0.1444689432)
(1.2 0.1444689432 0.1444689432)
(1.3 0.1444689432 0.1444689432)
(1.4 0.1444689432 0.1444689432)
(1.5 0.1444689432 0.1444689432)
(1.6 0.1444689432 0.1444689432)
(1.7 0.1444689432 0.1444689432)
(1.8 0.1444689432 0.1444689432)
(1.9 0.1444689432 0.1444689432)
(2 0.1444689432 0.1444689432)
(0 0.1636753917 0.1444689432)
(0.1 0.1636753917 0.1444689432)
(0.2 0.1636753917 0.1444689432)
(0.3 0.1636753917 0.1444689432)
(0.4 0.1636753917 0.1444689432)
(0.5 0.1636753917 0.1444689432)
(0.6 0.1636753917 0.1444689432)
(0.7 0.1636753917 0.1444689432)
(0.8 0.1636753917 0.1444689432)
(0.9 0.1636753917 0.1444689432)
(1 0.1636753917 0.1444689432)
(1.1 0.1636753917 0.1444689432)
(1.2 0.1636753917 0.1444689432)
(1.3 0.1636753917 0.1444689432)
(1.4 0.1636753917 0.1444689432)
(1.5 0.1636753917 0.1444689432)
(1.6 0.1636753917 0.1444689432)
(1.7 0.1636753917 0.1444689432)
(1.8 0.1636753917 0.1444689432)
(1.9 0.1636753917 0.1444689432)
(2 0.1636753917 0.1444689432)
(0 0.1842143777 0.1444689432)
(0.1 0.1842143777 0.1444689432)
(0.2 0.1842143777 0.1444689432)
(0.3 0.1842143777 0.1444689432)
(0.4 0.1842143777 0.1444689432)
(0.5 0.1842143777 0.1444689432)
(0.6 0.1842143777 0.1444689432)
(0.7 0.1842143777 0.1444689432)
(0.8 0.1842143777 0.1444689432)
(0.9 0.1842143777 0.1444689432)
(1 0.1842143777 0.1444689432)
(1.1 0.1842143777 0.1444689432)
(1.2 0.1842143777 0.1444689432)
(1.3 0.1842143777 0.1444689432)
(1.4 0.1842143777 0.1444689432)
(1.5 0.1842143777 0.1444689432)
(1.6 0.1842143777 0.1444689432)
(1.7 0.1842143777 0.1444689432)
(1.8 0.1842143777 0.1444689432)
(1.9 0.1842143777 0.1444689432)
(2 0.1842143777 0.1444689432)
(0 0.2061783524 0.1444689432)
(0.1 0.2061783524 0.1444689432)
(0.2 0.2061783524 0.1444689432)
(0.3 0.2061783524 0.1444689432)
(0.4 0.2061783524 0.1444689432)
(0.5 0.2061783524 0.1444689432)
(0.6 0.2061783524 0.1444689432)
(0.7 0.2061783524 0.1444689432)
(0.8 0.2061783524 0.1444689432)
(0.9 0.2061783524 0.1444689432)
(1 0.2061783524 0.1444689432)
(1.1 0.2061783524 0.1444689432)
(1.2 0.2061783524 0.1444689432)
(1.3 0.2061783524 0.1444689432)
(1.4 0.2061783524 0.1444689432)
(1.5 0.2061783524 0.1444689432)
(1.6 0.2061783524 0.1444689432)
(1.7 0.2061783524 0.1444689432)
(1.8 0.2061783524 0.1444689432)
(1.9 0.2061783524 0.1444689432)
(2 0.2061783524 0.1444689432)
(0 0.2296661811 0.1444689432)
(0.1 0.2296661811 0.1444689432)
(0.2 0.2296661811 0.1444689432)
(0.3 0.2296661811 0.1444689432)
(0.4 0.2296661811 0.1444689432)
(0.5 0.2296661811 0.1444689432)
(0.6 0.2296661811 0.1444689432)
(0.7 0.2296661811 0.1444689432)
(0.8 0.2296661811 0.1444689432)
(0.9 0.2296661811 0.1444689432)
(1 0.2296661811 0.1444689432)
(1.1 0.2296661811 0.1444689432)
(1.2 0.2296661811 0.1444689432)
(1.3 0.2296661811 0.1444689432)
(1.4 0.2296661811 0.1444689432)
(1.5 0.2296661811 0.1444689432)
(1.6 0.2296661811 0.1444689432)
(1.7 0.2296661811 0.1444689432)
(1.8 0.2296661811 0.1444689432)
(1.9 0.2296661811 0.1444689432)
(2 0.2296661811 0.1444689432)
(0 0.2547835882 0.1444689432)
(0.1 0.2547835882 0.1444689432)
(0.2 0.2547835882 0.1444689432)
(0.3 0.2547835882 0.1444689432)
(0.4 0.2547835882 0.1444689432)
(0.5 0.2547835882 0.1444689432)
(0.6 0.2547835882 0.1444689432)
(0.7 0.2547835882 0.1444689432)
(0.8 0.2547835882 0.1444689432)
(0.9 0.2547835882 0.1444689432)
(1 0.2547835882 0.1444689432)
(1.1 0.2547835882 0.1444689432)
(1.2 0.2547835882 0.1444689432)
(1.3 0.2547835882 0.1444689432)
(1.4 0.2547835882 0.1444689432)
(1.5 0.2547835882 0.1444689432)
(1.6 0.2547835882 0.1444689432)
(1.7 0.2547835882 0.1444689432)
(1.8 0.2547835882 0.1444689432)
(1.9 0.2547835882 0.1444689432)
(2 0.2547835882 0.1444689432)
(0 0.2816436335 0.1444689432)
(0.1 0.2816436335 0.1444689432)
(0.2 0.2816436335 0.1444689432)
(0.3 0.2816436335 0.1444689432)
(0.4 0.2816436335 0.1444689432)
(0.5 0.2816436335 0.1444689432)
(0.6 0.2816436335 0.1444689432)
(0.7 0.2816436335 0.1444689432)
(0.8 0.2816436335 0.1444689432)
(0.9 0.2816436335 0.1444689432)
(1 0.2816436335 0.1444689432)
(1.1 0.2816436335 0.1444689432)
(1.2 0.2816436335 0.1444689432)
(1.3 0.2816436335 0.1444689432)
(1.4 0.2816436335 0.1444689432)
(1.5 0.2816436335 0.1444689432)
(1.6 0.2816436335 0.1444689432)
(1.7 0.2816436335 0.1444689432)
(1.8 0.2816436335 0.1444689432)
(1.9 0.2816436335 0.1444689432)
(2 0.2816436335 0.1444689432)
(0 0.3103672206 0.1444689432)
(0.1 0.3103672206 0.1444689432)
(0.2 0.3103672206 0.1444689432)
(0.3 0.3103672206 0.1444689432)
(0.4 0.3103672206 0.1444689432)
(0.5 0.3103672206 0.1444689432)
(0.6 0.3103672206 0.1444689432)
(0.7 0.3103672206 0.1444689432)
(0.8 0.3103672206 0.1444689432)
(0.9 0.3103672206 0.1444689432)
(1 0.3103672206 0.1444689432)
(1.1 0.3103672206 0.1444689432)
(1.2 0.3103672206 0.1444689432)
(1.3 0.3103672206 0.1444689432)
(1.4 0.3103672206 0.1444689432)
(1.5 0.3103672206 0.1444689432)
(1.6 0.3103672206 0.1444689432)
(1.7 0.3103672206 0.1444689432)
(1.8 0.3103672206 0.1444689432)
(1.9 0.3103672206 0.1444689432)
(2 0.3103672206 0.1444689432)
(0 0.3410836415 0.1444689432)
(0.1 0.3410836415 0.1444689432)
(0.2 0.3410836415 0.1444689432)
(0.3 0.3410836415 0.1444689432)
(0.4 0.3410836415 0.1444689432)
(0.5 0.3410836415 0.1444689432)
(0.6 0.3410836415 0.1444689432)
(0.7 0.3410836415 0.1444689432)
(0.8 0.3410836415 0.1444689432)
(0.9 0.3410836415 0.1444689432)
(1 0.3410836415 0.1444689432)
(1.1 0.3410836415 0.1444689432)
(1.2 0.3410836415 0.1444689432)
(1.3 0.3410836415 0.1444689432)
(1.4 0.3410836415 0.1444689432)
(1.5 0.3410836415 0.1444689432)
(1.6 0.3410836415 0.1444689432)
(1.7 0.3410836415 0.1444689432)
(1.8 0.3410836415 0.1444689432)
(1.9 0.3410836415 0.1444689432)
(2 0.3410836415 0.1444689432)
(0 0.3739311585 0.1444689432)
(0.1 0.3739311585 0.1444689432)
(0.2 0.3739311585 0.1444689432)
(0.3 0.3739311585 0.1444689432)
(0.4 0.3739311585 0.1444689432)
(0.5 0.3739311585 0.1444689432)
(0.6 0.3739311585 0.1444689432)
(0.7 0.3739311585 0.1444689432)
(0.8 0.3739311585 0.1444689432)
(0.9 0.3739311585 0.1444689432)
(1 0.3739311585 0.1444689432)
(1.1 0.3739311585 0.1444689432)
(1.2 0.3739311585 0.1444689432)
(1.3 0.3739311585 0.1444689432)
(1.4 0.3739311585 0.1444689432)
(1.5 0.3739311585 0.1444689432)
(1.6 0.3739311585 0.1444689432)
(1.7 0.3739311585 0.1444689432)
(1.8 0.3739311585 0.1444689432)
(1.9 0.3739311585 0.1444689432)
(2 0.3739311585 0.1444689432)
(0 0.4090576263 0.1444689432)
(0.1 0.4090576263 0.1444689432)
(0.2 0.4090576263 0.1444689432)
(0.3 0.4090576263 0.1444689432)
(0.4 0.4090576263 0.1444689432)
(0.5 0.4090576263 0.1444689432)
(0.6 0.4090576263 0.1444689432)
(0.7 0.4090576263 0.1444689432)
(0.8 0.4090576263 0.1444689432)
(0.9 0.4090576263 0.1444689432)
(1 0.4090576263 0.1444689432)
(1.1 0.4090576263 0.1444689432)
(1.2 0.4090576263 0.1444689432)
(1.3 0.4090576263 0.1444689432)
(1.4 0.4090576263 0.1444689432)
(1.5 0.4090576263 0.1444689432)
(1.6 0.4090576263 0.1444689432)
(1.7 0.4090576263 0.1444689432)
(1.8 0.4090576263 0.1444689432)
(1.9 0.4090576263 0.1444689432)
(2 0.4090576263 0.1444689432)
(0 0.4466211578 0.1444689432)
(0.1 0.4466211578 0.1444689432)
(0.2 0.4466211578 0.1444689432)
(0.3 0.4466211578 0.1444689432)
(0.4 0.4466211578 0.1444689432)
(0.5 0.4466211578 0.1444689432)
(0.6 0.4466211578 0.1444689432)
(0.7 0.4466211578 0.1444689432)
(0.8 0.4466211578 0.1444689432)
(0.9 0.4466211578 0.1444689432)
(1 0.4466211578 0.1444689432)
(1.1 0.4466211578 0.1444689432)
(1.2 0.4466211578 0.1444689432)
(1.3 0.4466211578 0.1444689432)
(1.4 0.4466211578 0.1444689432)
(1.5 0.4466211578 0.1444689432)
(1.6 0.4466211578 0.1444689432)
(1.7 0.4466211578 0.1444689432)
(1.8 0.4466211578 0.1444689432)
(1.9 0.4466211578 0.1444689432)
(2 0.4466211578 0.1444689432)
(0 0.4867908358 0.1444689432)
(0.1 0.4867908358 0.1444689432)
(0.2 0.4867908358 0.1444689432)
(0.3 0.4867908358 0.1444689432)
(0.4 0.4867908358 0.1444689432)
(0.5 0.4867908358 0.1444689432)
(0.6 0.4867908358 0.1444689432)
(0.7 0.4867908358 0.1444689432)
(0.8 0.4867908358 0.1444689432)
(0.9 0.4867908358 0.1444689432)
(1 0.4867908358 0.1444689432)
(1.1 0.4867908358 0.1444689432)
(1.2 0.4867908358 0.1444689432)
(1.3 0.4867908358 0.1444689432)
(1.4 0.4867908358 0.1444689432)
(1.5 0.4867908358 0.1444689432)
(1.6 0.4867908358 0.1444689432)
(1.7 0.4867908358 0.1444689432)
(1.8 0.4867908358 0.1444689432)
(1.9 0.4867908358 0.1444689432)
(2 0.4867908358 0.1444689432)
(0 0.529747474 0.1444689432)
(0.1 0.529747474 0.1444689432)
(0.2 0.529747474 0.1444689432)
(0.3 0.529747474 0.1444689432)
(0.4 0.529747474 0.1444689432)
(0.5 0.529747474 0.1444689432)
(0.6 0.529747474 0.1444689432)
(0.7 0.529747474 0.1444689432)
(0.8 0.529747474 0.1444689432)
(0.9 0.529747474 0.1444689432)
(1 0.529747474 0.1444689432)
(1.1 0.529747474 0.1444689432)
(1.2 0.529747474 0.1444689432)
(1.3 0.529747474 0.1444689432)
(1.4 0.529747474 0.1444689432)
(1.5 0.529747474 0.1444689432)
(1.6 0.529747474 0.1444689432)
(1.7 0.529747474 0.1444689432)
(1.8 0.529747474 0.1444689432)
(1.9 0.529747474 0.1444689432)
(2 0.529747474 0.1444689432)
(0 0.5756844308 0.1444689432)
(0.1 0.5756844308 0.1444689432)
(0.2 0.5756844308 0.1444689432)
(0.3 0.5756844308 0.1444689432)
(0.4 0.5756844308 0.1444689432)
(0.5 0.5756844308 0.1444689432)
(0.6 0.5756844308 0.1444689432)
(0.7 0.5756844308 0.1444689432)
(0.8 0.5756844308 0.1444689432)
(0.9 0.5756844308 0.1444689432)
(1 0.5756844308 0.1444689432)
(1.1 0.5756844308 0.1444689432)
(1.2 0.5756844308 0.1444689432)
(1.3 0.5756844308 0.1444689432)
(1.4 0.5756844308 0.1444689432)
(1.5 0.5756844308 0.1444689432)
(1.6 0.5756844308 0.1444689432)
(1.7 0.5756844308 0.1444689432)
(1.8 0.5756844308 0.1444689432)
(1.9 0.5756844308 0.1444689432)
(2 0.5756844308 0.1444689432)
(0 0.6248084798 0.1444689432)
(0.1 0.6248084798 0.1444689432)
(0.2 0.6248084798 0.1444689432)
(0.3 0.6248084798 0.1444689432)
(0.4 0.6248084798 0.1444689432)
(0.5 0.6248084798 0.1444689432)
(0.6 0.6248084798 0.1444689432)
(0.7 0.6248084798 0.1444689432)
(0.8 0.6248084798 0.1444689432)
(0.9 0.6248084798 0.1444689432)
(1 0.6248084798 0.1444689432)
(1.1 0.6248084798 0.1444689432)
(1.2 0.6248084798 0.1444689432)
(1.3 0.6248084798 0.1444689432)
(1.4 0.6248084798 0.1444689432)
(1.5 0.6248084798 0.1444689432)
(1.6 0.6248084798 0.1444689432)
(1.7 0.6248084798 0.1444689432)
(1.8 0.6248084798 0.1444689432)
(1.9 0.6248084798 0.1444689432)
(2 0.6248084798 0.1444689432)
(0 0.6773407405 0.1444689432)
(0.1 0.6773407405 0.1444689432)
(0.2 0.6773407405 0.1444689432)
(0.3 0.6773407405 0.1444689432)
(0.4 0.6773407405 0.1444689432)
(0.5 0.6773407405 0.1444689432)
(0.6 0.6773407405 0.1444689432)
(0.7 0.6773407405 0.1444689432)
(0.8 0.6773407405 0.1444689432)
(0.9 0.6773407405 0.1444689432)
(1 0.6773407405 0.1444689432)
(1.1 0.6773407405 0.1444689432)
(1.2 0.6773407405 0.1444689432)
(1.3 0.6773407405 0.1444689432)
(1.4 0.6773407405 0.1444689432)
(1.5 0.6773407405 0.1444689432)
(1.6 0.6773407405 0.1444689432)
(1.7 0.6773407405 0.1444689432)
(1.8 0.6773407405 0.1444689432)
(1.9 0.6773407405 0.1444689432)
(2 0.6773407405 0.1444689432)
(0 0.7335176736 0.1444689432)
(0.1 0.7335176736 0.1444689432)
(0.2 0.7335176736 0.1444689432)
(0.3 0.7335176736 0.1444689432)
(0.4 0.7335176736 0.1444689432)
(0.5 0.7335176736 0.1444689432)
(0.6 0.7335176736 0.1444689432)
(0.7 0.7335176736 0.1444689432)
(0.8 0.7335176736 0.1444689432)
(0.9 0.7335176736 0.1444689432)
(1 0.7335176736 0.1444689432)
(1.1 0.7335176736 0.1444689432)
(1.2 0.7335176736 0.1444689432)
(1.3 0.7335176736 0.1444689432)
(1.4 0.7335176736 0.1444689432)
(1.5 0.7335176736 0.1444689432)
(1.6 0.7335176736 0.1444689432)
(1.7 0.7335176736 0.1444689432)
(1.8 0.7335176736 0.1444689432)
(1.9 0.7335176736 0.1444689432)
(2 0.7335176736 0.1444689432)
(0 0.7935921454 0.1444689432)
(0.1 0.7935921454 0.1444689432)
(0.2 0.7935921454 0.1444689432)
(0.3 0.7935921454 0.1444689432)
(0.4 0.7935921454 0.1444689432)
(0.5 0.7935921454 0.1444689432)
(0.6 0.7935921454 0.1444689432)
(0.7 0.7935921454 0.1444689432)
(0.8 0.7935921454 0.1444689432)
(0.9 0.7935921454 0.1444689432)
(1 0.7935921454 0.1444689432)
(1.1 0.7935921454 0.1444689432)
(1.2 0.7935921454 0.1444689432)
(1.3 0.7935921454 0.1444689432)
(1.4 0.7935921454 0.1444689432)
(1.5 0.7935921454 0.1444689432)
(1.6 0.7935921454 0.1444689432)
(1.7 0.7935921454 0.1444689432)
(1.8 0.7935921454 0.1444689432)
(1.9 0.7935921454 0.1444689432)
(2 0.7935921454 0.1444689432)
(0 0.857834566 0.1444689432)
(0.1 0.857834566 0.1444689432)
(0.2 0.857834566 0.1444689432)
(0.3 0.857834566 0.1444689432)
(0.4 0.857834566 0.1444689432)
(0.5 0.857834566 0.1444689432)
(0.6 0.857834566 0.1444689432)
(0.7 0.857834566 0.1444689432)
(0.8 0.857834566 0.1444689432)
(0.9 0.857834566 0.1444689432)
(1 0.857834566 0.1444689432)
(1.1 0.857834566 0.1444689432)
(1.2 0.857834566 0.1444689432)
(1.3 0.857834566 0.1444689432)
(1.4 0.857834566 0.1444689432)
(1.5 0.857834566 0.1444689432)
(1.6 0.857834566 0.1444689432)
(1.7 0.857834566 0.1444689432)
(1.8 0.857834566 0.1444689432)
(1.9 0.857834566 0.1444689432)
(2 0.857834566 0.1444689432)
(0 0.9265341063 0.1444689432)
(0.1 0.9265341063 0.1444689432)
(0.2 0.9265341063 0.1444689432)
(0.3 0.9265341063 0.1444689432)
(0.4 0.9265341063 0.1444689432)
(0.5 0.9265341063 0.1444689432)
(0.6 0.9265341063 0.1444689432)
(0.7 0.9265341063 0.1444689432)
(0.8 0.9265341063 0.1444689432)
(0.9 0.9265341063 0.1444689432)
(1 0.9265341063 0.1444689432)
(1.1 0.9265341063 0.1444689432)
(1.2 0.9265341063 0.1444689432)
(1.3 0.9265341063 0.1444689432)
(1.4 0.9265341063 0.1444689432)
(1.5 0.9265341063 0.1444689432)
(1.6 0.9265341063 0.1444689432)
(1.7 0.9265341063 0.1444689432)
(1.8 0.9265341063 0.1444689432)
(1.9 0.9265341063 0.1444689432)
(2 0.9265341063 0.1444689432)
(0 1 0.1444689432)
(0.1 1 0.1444689432)
(0.2 1 0.1444689432)
(0.3 1 0.1444689432)
(0.4 1 0.1444689432)
(0.5 1 0.1444689432)
(0.6 1 0.1444689432)
(0.7 1 0.1444689432)
(0.8 1 0.1444689432)
(0.9 1 0.1444689432)
(1 1 0.1444689432)
(1.1 1 0.1444689432)
(1.2 1 0.1444689432)
(1.3 1 0.1444689432)
(1.4 1 0.1444689432)
(1.5 1 0.1444689432)
(1.6 1 0.1444689432)
(1.7 1 0.1444689432)
(1.8 1 0.1444689432)
(1.9 1 0.1444689432)
(2 1 0.1444689432)
(0 0 0.1636753917)
(0.1 0 0.1636753917)
(0.2 0 0.1636753917)
(0.3 0 0.1636753917)
(0.4 0 0.1636753917)
(0.5 0 0.1636753917)
(0.6 0 0.1636753917)
(0.7 0 0.1636753917)
(0.8 0 0.1636753917)
(0.9 0 0.1636753917)
(1 0 0.1636753917)
(1.1 0 0.1636753917)
(1.2 0 0.1636753917)
(1.3 0 0.1636753917)
(1.4 0 0.1636753917)
(1.5 0 0.1636753917)
(1.6 0 0.1636753917)
(1.7 0 0.1636753917)
(1.8 0 0.1636753917)
(1.9 0 0.1636753917)
(2 0 0.1636753917)
(0 0.009183236716 0.1636753917)
(0.1 0.009183236716 0.1636753917)
(0.2 0.009183236716 0.1636753917)
(0.3 0.009183236716 0.1636753917)
(0.4 0.009183236716 0.1636753917)
(0.5 0.009183236716 0.1636753917)
(0.6 0.009183236716 0.1636753917)
(0.7 0.009183236716 0.1636753917)
(0.8 0.009183236716 0.1636753917)
(0.9 0.009183236716 0.1636753917)
(1 0.009183236716 0.1636753917)
(1.1 0.009183236716 0.1636753917)
(1.2 0.009183236716 0.1636753917)
(1.3 0.009183236716 0.1636753917)
(1.4 0.009183236716 0.1636753917)
(1.5 0.009183236716 0.1636753917)
(1.6 0.009183236716 0.1636753917)
(1.7 0.009183236716 0.1636753917)
(1.8 0.009183236716 0.1636753917)
(1.9 0.009183236716 0.1636753917)
(2 0.009183236716 0.1636753917)
(0 0.01900360363 0.1636753917)
(0.1 0.01900360363 0.1636753917)
(0.2 0.01900360363 0.1636753917)
(0.3 0.01900360363 0.1636753917)
(0.4 0.01900360363 0.1636753917)
(0.5 0.01900360363 0.1636753917)
(0.6 0.01900360363 0.1636753917)
(0.7 0.01900360363 0.1636753917)
(0.8 0.01900360363 0.1636753917)
(0.9 0.01900360363 0.1636753917)
(1 0.01900360363 0.1636753917)
(1.1 0.01900360363 0.1636753917)
(1.2 0.01900360363 0.1636753917)
(1.3 0.01900360363 0.1636753917)
(1.4 0.01900360363 0.1636753917)
(1.5 0.01900360363 0.1636753917)
(1.6 0.01900360363 0.1636753917)
(1.7 0.01900360363 0.1636753917)
(1.8 0.01900360363 0.1636753917)
(1.9 0.01900360363 0.1636753917)
(2 0.01900360363 0.1636753917)
(0 0.02950530463 0.1636753917)
(0.1 0.02950530463 0.1636753917)
(0.2 0.02950530463 0.1636753917)
(0.3 0.02950530463 0.1636753917)
(0.4 0.02950530463 0.1636753917)
(0.5 0.02950530463 0.1636753917)
(0.6 0.02950530463 0.1636753917)
(0.7 0.02950530463 0.1636753917)
(0.8 0.02950530463 0.1636753917)
(0.9 0.02950530463 0.1636753917)
(1 0.02950530463 0.1636753917)
(1.1 0.02950530463 0.1636753917)
(1.2 0.02950530463 0.1636753917)
(1.3 0.02950530463 0.1636753917)
(1.4 0.02950530463 0.1636753917)
(1.5 0.02950530463 0.1636753917)
(1.6 0.02950530463 0.1636753917)
(1.7 0.02950530463 0.1636753917)
(1.8 0.02950530463 0.1636753917)
(1.9 0.02950530463 0.1636753917)
(2 0.02950530463 0.1636753917)
(0 0.04073561049 0.1636753917)
(0.1 0.04073561049 0.1636753917)
(0.2 0.04073561049 0.1636753917)
(0.3 0.04073561049 0.1636753917)
(0.4 0.04073561049 0.1636753917)
(0.5 0.04073561049 0.1636753917)
(0.6 0.04073561049 0.1636753917)
(0.7 0.04073561049 0.1636753917)
(0.8 0.04073561049 0.1636753917)
(0.9 0.04073561049 0.1636753917)
(1 0.04073561049 0.1636753917)
(1.1 0.04073561049 0.1636753917)
(1.2 0.04073561049 0.1636753917)
(1.3 0.04073561049 0.1636753917)
(1.4 0.04073561049 0.1636753917)
(1.5 0.04073561049 0.1636753917)
(1.6 0.04073561049 0.1636753917)
(1.7 0.04073561049 0.1636753917)
(1.8 0.04073561049 0.1636753917)
(1.9 0.04073561049 0.1636753917)
(2 0.04073561049 0.1636753917)
(0 0.05274507158 0.1636753917)
(0.1 0.05274507158 0.1636753917)
(0.2 0.05274507158 0.1636753917)
(0.3 0.05274507158 0.1636753917)
(0.4 0.05274507158 0.1636753917)
(0.5 0.05274507158 0.1636753917)
(0.6 0.05274507158 0.1636753917)
(0.7 0.05274507158 0.1636753917)
(0.8 0.05274507158 0.1636753917)
(0.9 0.05274507158 0.1636753917)
(1 0.05274507158 0.1636753917)
(1.1 0.05274507158 0.1636753917)
(1.2 0.05274507158 0.1636753917)
(1.3 0.05274507158 0.1636753917)
(1.4 0.05274507158 0.1636753917)
(1.5 0.05274507158 0.1636753917)
(1.6 0.05274507158 0.1636753917)
(1.7 0.05274507158 0.1636753917)
(1.8 0.05274507158 0.1636753917)
(1.9 0.05274507158 0.1636753917)
(2 0.05274507158 0.1636753917)
(0 0.06558774547 0.1636753917)
(0.1 0.06558774547 0.1636753917)
(0.2 0.06558774547 0.1636753917)
(0.3 0.06558774547 0.1636753917)
(0.4 0.06558774547 0.1636753917)
(0.5 0.06558774547 0.1636753917)
(0.6 0.06558774547 0.1636753917)
(0.7 0.06558774547 0.1636753917)
(0.8 0.06558774547 0.1636753917)
(0.9 0.06558774547 0.1636753917)
(1 0.06558774547 0.1636753917)
(1.1 0.06558774547 0.1636753917)
(1.2 0.06558774547 0.1636753917)
(1.3 0.06558774547 0.1636753917)
(1.4 0.06558774547 0.1636753917)
(1.5 0.06558774547 0.1636753917)
(1.6 0.06558774547 0.1636753917)
(1.7 0.06558774547 0.1636753917)
(1.8 0.06558774547 0.1636753917)
(1.9 0.06558774547 0.1636753917)
(2 0.06558774547 0.1636753917)
(0 0.07932144019 0.1636753917)
(0.1 0.07932144019 0.1636753917)
(0.2 0.07932144019 0.1636753917)
(0.3 0.07932144019 0.1636753917)
(0.4 0.07932144019 0.1636753917)
(0.5 0.07932144019 0.1636753917)
(0.6 0.07932144019 0.1636753917)
(0.7 0.07932144019 0.1636753917)
(0.8 0.07932144019 0.1636753917)
(0.9 0.07932144019 0.1636753917)
(1 0.07932144019 0.1636753917)
(1.1 0.07932144019 0.1636753917)
(1.2 0.07932144019 0.1636753917)
(1.3 0.07932144019 0.1636753917)
(1.4 0.07932144019 0.1636753917)
(1.5 0.07932144019 0.1636753917)
(1.6 0.07932144019 0.1636753917)
(1.7 0.07932144019 0.1636753917)
(1.8 0.07932144019 0.1636753917)
(1.9 0.07932144019 0.1636753917)
(2 0.07932144019 0.1636753917)
(0 0.09400797452 0.1636753917)
(0.1 0.09400797452 0.1636753917)
(0.2 0.09400797452 0.1636753917)
(0.3 0.09400797452 0.1636753917)
(0.4 0.09400797452 0.1636753917)
(0.5 0.09400797452 0.1636753917)
(0.6 0.09400797452 0.1636753917)
(0.7 0.09400797452 0.1636753917)
(0.8 0.09400797452 0.1636753917)
(0.9 0.09400797452 0.1636753917)
(1 0.09400797452 0.1636753917)
(1.1 0.09400797452 0.1636753917)
(1.2 0.09400797452 0.1636753917)
(1.3 0.09400797452 0.1636753917)
(1.4 0.09400797452 0.1636753917)
(1.5 0.09400797452 0.1636753917)
(1.6 0.09400797452 0.1636753917)
(1.7 0.09400797452 0.1636753917)
(1.8 0.09400797452 0.1636753917)
(1.9 0.09400797452 0.1636753917)
(2 0.09400797452 0.1636753917)
(0 0.1097134562 0.1636753917)
(0.1 0.1097134562 0.1636753917)
(0.2 0.1097134562 0.1636753917)
(0.3 0.1097134562 0.1636753917)
(0.4 0.1097134562 0.1636753917)
(0.5 0.1097134562 0.1636753917)
(0.6 0.1097134562 0.1636753917)
(0.7 0.1097134562 0.1636753917)
(0.8 0.1097134562 0.1636753917)
(0.9 0.1097134562 0.1636753917)
(1 0.1097134562 0.1636753917)
(1.1 0.1097134562 0.1636753917)
(1.2 0.1097134562 0.1636753917)
(1.3 0.1097134562 0.1636753917)
(1.4 0.1097134562 0.1636753917)
(1.5 0.1097134562 0.1636753917)
(1.6 0.1097134562 0.1636753917)
(1.7 0.1097134562 0.1636753917)
(1.8 0.1097134562 0.1636753917)
(1.9 0.1097134562 0.1636753917)
(2 0.1097134562 0.1636753917)
(0 0.1265085794 0.1636753917)
(0.1 0.1265085794 0.1636753917)
(0.2 0.1265085794 0.1636753917)
(0.3 0.1265085794 0.1636753917)
(0.4 0.1265085794 0.1636753917)
(0.5 0.1265085794 0.1636753917)
(0.6 0.1265085794 0.1636753917)
(0.7 0.1265085794 0.1636753917)
(0.8 0.1265085794 0.1636753917)
(0.9 0.1265085794 0.1636753917)
(1 0.1265085794 0.1636753917)
(1.1 0.1265085794 0.1636753917)
(1.2 0.1265085794 0.1636753917)
(1.3 0.1265085794 0.1636753917)
(1.4 0.1265085794 0.1636753917)
(1.5 0.1265085794 0.1636753917)
(1.6 0.1265085794 0.1636753917)
(1.7 0.1265085794 0.1636753917)
(1.8 0.1265085794 0.1636753917)
(1.9 0.1265085794 0.1636753917)
(2 0.1265085794 0.1636753917)
(0 0.1444689432 0.1636753917)
(0.1 0.1444689432 0.1636753917)
(0.2 0.1444689432 0.1636753917)
(0.3 0.1444689432 0.1636753917)
(0.4 0.1444689432 0.1636753917)
(0.5 0.1444689432 0.1636753917)
(0.6 0.1444689432 0.1636753917)
(0.7 0.1444689432 0.1636753917)
(0.8 0.1444689432 0.1636753917)
(0.9 0.1444689432 0.1636753917)
(1 0.1444689432 0.1636753917)
(1.1 0.1444689432 0.1636753917)
(1.2 0.1444689432 0.1636753917)
(1.3 0.1444689432 0.1636753917)
(1.4 0.1444689432 0.1636753917)
(1.5 0.1444689432 0.1636753917)
(1.6 0.1444689432 0.1636753917)
(1.7 0.1444689432 0.1636753917)
(1.8 0.1444689432 0.1636753917)
(1.9 0.1444689432 0.1636753917)
(2 0.1444689432 0.1636753917)
(0 0.1636753917 0.1636753917)
(0.1 0.1636753917 0.1636753917)
(0.2 0.1636753917 0.1636753917)
(0.3 0.1636753917 0.1636753917)
(0.4 0.1636753917 0.1636753917)
(0.5 0.1636753917 0.1636753917)
(0.6 0.1636753917 0.1636753917)
(0.7 0.1636753917 0.1636753917)
(0.8 0.1636753917 0.1636753917)
(0.9 0.1636753917 0.1636753917)
(1 0.1636753917 0.1636753917)
(1.1 0.1636753917 0.1636753917)
(1.2 0.1636753917 0.1636753917)
(1.3 0.1636753917 0.1636753917)
(1.4 0.1636753917 0.1636753917)
(1.5 0.1636753917 0.1636753917)
(1.6 0.1636753917 0.1636753917)
(1.7 0.1636753917 0.1636753917)
(1.8 0.1636753917 0.1636753917)
(1.9 0.1636753917 0.1636753917)
(2 0.1636753917 0.1636753917)
(0 0.1842143777 0.1636753917)
(0.1 0.1842143777 0.1636753917)
(0.2 0.1842143777 0.1636753917)
(0.3 0.1842143777 0.1636753917)
(0.4 0.1842143777 0.1636753917)
(0.5 0.1842143777 0.1636753917)
(0.6 0.1842143777 0.1636753917)
(0.7 0.1842143777 0.1636753917)
(0.8 0.1842143777 0.1636753917)
(0.9 0.1842143777 0.1636753917)
(1 0.1842143777 0.1636753917)
(1.1 0.1842143777 0.1636753917)
(1.2 0.1842143777 0.1636753917)
(1.3 0.1842143777 0.1636753917)
(1.4 0.1842143777 0.1636753917)
(1.5 0.1842143777 0.1636753917)
(1.6 0.1842143777 0.1636753917)
(1.7 0.1842143777 0.1636753917)
(1.8 0.1842143777 0.1636753917)
(1.9 0.1842143777 0.1636753917)
(2 0.1842143777 0.1636753917)
(0 0.2061783524 0.1636753917)
(0.1 0.2061783524 0.1636753917)
(0.2 0.2061783524 0.1636753917)
(0.3 0.2061783524 0.1636753917)
(0.4 0.2061783524 0.1636753917)
(0.5 0.2061783524 0.1636753917)
(0.6 0.2061783524 0.1636753917)
(0.7 0.2061783524 0.1636753917)
(0.8 0.2061783524 0.1636753917)
(0.9 0.2061783524 0.1636753917)
(1 0.2061783524 0.1636753917)
(1.1 0.2061783524 0.1636753917)
(1.2 0.2061783524 0.1636753917)
(1.3 0.2061783524 0.1636753917)
(1.4 0.2061783524 0.1636753917)
(1.5 0.2061783524 0.1636753917)
(1.6 0.2061783524 0.1636753917)
(1.7 0.2061783524 0.1636753917)
(1.8 0.2061783524 0.1636753917)
(1.9 0.2061783524 0.1636753917)
(2 0.2061783524 0.1636753917)
(0 0.2296661811 0.1636753917)
(0.1 0.2296661811 0.1636753917)
(0.2 0.2296661811 0.1636753917)
(0.3 0.2296661811 0.1636753917)
(0.4 0.2296661811 0.1636753917)
(0.5 0.2296661811 0.1636753917)
(0.6 0.2296661811 0.1636753917)
(0.7 0.2296661811 0.1636753917)
(0.8 0.2296661811 0.1636753917)
(0.9 0.2296661811 0.1636753917)
(1 0.2296661811 0.1636753917)
(1.1 0.2296661811 0.1636753917)
(1.2 0.2296661811 0.1636753917)
(1.3 0.2296661811 0.1636753917)
(1.4 0.2296661811 0.1636753917)
(1.5 0.2296661811 0.1636753917)
(1.6 0.2296661811 0.1636753917)
(1.7 0.2296661811 0.1636753917)
(1.8 0.2296661811 0.1636753917)
(1.9 0.2296661811 0.1636753917)
(2 0.2296661811 0.1636753917)
(0 0.2547835882 0.1636753917)
(0.1 0.2547835882 0.1636753917)
(0.2 0.2547835882 0.1636753917)
(0.3 0.2547835882 0.1636753917)
(0.4 0.2547835882 0.1636753917)
(0.5 0.2547835882 0.1636753917)
(0.6 0.2547835882 0.1636753917)
(0.7 0.2547835882 0.1636753917)
(0.8 0.2547835882 0.1636753917)
(0.9 0.2547835882 0.1636753917)
(1 0.2547835882 0.1636753917)
(1.1 0.2547835882 0.1636753917)
(1.2 0.2547835882 0.1636753917)
(1.3 0.2547835882 0.1636753917)
(1.4 0.2547835882 0.1636753917)
(1.5 0.2547835882 0.1636753917)
(1.6 0.2547835882 0.1636753917)
(1.7 0.2547835882 0.1636753917)
(1.8 0.2547835882 0.1636753917)
(1.9 0.2547835882 0.1636753917)
(2 0.2547835882 0.1636753917)
(0 0.2816436335 0.1636753917)
(0.1 0.2816436335 0.1636753917)
(0.2 0.2816436335 0.1636753917)
(0.3 0.2816436335 0.1636753917)
(0.4 0.2816436335 0.1636753917)
(0.5 0.2816436335 0.1636753917)
(0.6 0.2816436335 0.1636753917)
(0.7 0.2816436335 0.1636753917)
(0.8 0.2816436335 0.1636753917)
(0.9 0.2816436335 0.1636753917)
(1 0.2816436335 0.1636753917)
(1.1 0.2816436335 0.1636753917)
(1.2 0.2816436335 0.1636753917)
(1.3 0.2816436335 0.1636753917)
(1.4 0.2816436335 0.1636753917)
(1.5 0.2816436335 0.1636753917)
(1.6 0.2816436335 0.1636753917)
(1.7 0.2816436335 0.1636753917)
(1.8 0.2816436335 0.1636753917)
(1.9 0.2816436335 0.1636753917)
(2 0.2816436335 0.1636753917)
(0 0.3103672206 0.1636753917)
(0.1 0.3103672206 0.1636753917)
(0.2 0.3103672206 0.1636753917)
(0.3 0.3103672206 0.1636753917)
(0.4 0.3103672206 0.1636753917)
(0.5 0.3103672206 0.1636753917)
(0.6 0.3103672206 0.1636753917)
(0.7 0.3103672206 0.1636753917)
(0.8 0.3103672206 0.1636753917)
(0.9 0.3103672206 0.1636753917)
(1 0.3103672206 0.1636753917)
(1.1 0.3103672206 0.1636753917)
(1.2 0.3103672206 0.1636753917)
(1.3 0.3103672206 0.1636753917)
(1.4 0.3103672206 0.1636753917)
(1.5 0.3103672206 0.1636753917)
(1.6 0.3103672206 0.1636753917)
(1.7 0.3103672206 0.1636753917)
(1.8 0.3103672206 0.1636753917)
(1.9 0.3103672206 0.1636753917)
(2 0.3103672206 0.1636753917)
(0 0.3410836415 0.1636753917)
(0.1 0.3410836415 0.1636753917)
(0.2 0.3410836415 0.1636753917)
(0.3 0.3410836415 0.1636753917)
(0.4 0.3410836415 0.1636753917)
(0.5 0.3410836415 0.1636753917)
(0.6 0.3410836415 0.1636753917)
(0.7 0.3410836415 0.1636753917)
(0.8 0.3410836415 0.1636753917)
(0.9 0.3410836415 0.1636753917)
(1 0.3410836415 0.1636753917)
(1.1 0.3410836415 0.1636753917)
(1.2 0.3410836415 0.1636753917)
(1.3 0.3410836415 0.1636753917)
(1.4 0.3410836415 0.1636753917)
(1.5 0.3410836415 0.1636753917)
(1.6 0.3410836415 0.1636753917)
(1.7 0.3410836415 0.1636753917)
(1.8 0.3410836415 0.1636753917)
(1.9 0.3410836415 0.1636753917)
(2 0.3410836415 0.1636753917)
(0 0.3739311585 0.1636753917)
(0.1 0.3739311585 0.1636753917)
(0.2 0.3739311585 0.1636753917)
(0.3 0.3739311585 0.1636753917)
(0.4 0.3739311585 0.1636753917)
(0.5 0.3739311585 0.1636753917)
(0.6 0.3739311585 0.1636753917)
(0.7 0.3739311585 0.1636753917)
(0.8 0.3739311585 0.1636753917)
(0.9 0.3739311585 0.1636753917)
(1 0.3739311585 0.1636753917)
(1.1 0.3739311585 0.1636753917)
(1.2 0.3739311585 0.1636753917)
(1.3 0.3739311585 0.1636753917)
(1.4 0.3739311585 0.1636753917)
(1.5 0.3739311585 0.1636753917)
(1.6 0.3739311585 0.1636753917)
(1.7 0.3739311585 0.1636753917)
(1.8 0.3739311585 0.1636753917)
(1.9 0.3739311585 0.1636753917)
(2 0.3739311585 0.1636753917)
(0 0.4090576263 0.1636753917)
(0.1 0.4090576263 0.1636753917)
(0.2 0.4090576263 0.1636753917)
(0.3 0.4090576263 0.1636753917)
(0.4 0.4090576263 0.1636753917)
(0.5 0.4090576263 0.1636753917)
(0.6 0.4090576263 0.1636753917)
(0.7 0.4090576263 0.1636753917)
(0.8 0.4090576263 0.1636753917)
(0.9 0.4090576263 0.1636753917)
(1 0.4090576263 0.1636753917)
(1.1 0.4090576263 0.1636753917)
(1.2 0.4090576263 0.1636753917)
(1.3 0.4090576263 0.1636753917)
(1.4 0.4090576263 0.1636753917)
(1.5 0.4090576263 0.1636753917)
(1.6 0.4090576263 0.1636753917)
(1.7 0.4090576263 0.1636753917)
(1.8 0.4090576263 0.1636753917)
(1.9 0.4090576263 0.1636753917)
(2 0.4090576263 0.1636753917)
(0 0.4466211578 0.1636753917)
(0.1 0.4466211578 0.1636753917)
(0.2 0.4466211578 0.1636753917)
(0.3 0.4466211578 0.1636753917)
(0.4 0.4466211578 0.1636753917)
(0.5 0.4466211578 0.1636753917)
(0.6 0.4466211578 0.1636753917)
(0.7 0.4466211578 0.1636753917)
(0.8 0.4466211578 0.1636753917)
(0.9 0.4466211578 0.1636753917)
(1 0.4466211578 0.1636753917)
(1.1 0.4466211578 0.1636753917)
(1.2 0.4466211578 0.1636753917)
(1.3 0.4466211578 0.1636753917)
(1.4 0.4466211578 0.1636753917)
(1.5 0.4466211578 0.1636753917)
(1.6 0.4466211578 0.1636753917)
(1.7 0.4466211578 0.1636753917)
(1.8 0.4466211578 0.1636753917)
(1.9 0.4466211578 0.1636753917)
(2 0.4466211578 0.1636753917)
(0 0.4867908358 0.1636753917)
(0.1 0.4867908358 0.1636753917)
(0.2 0.4867908358 0.1636753917)
(0.3 0.4867908358 0.1636753917)
(0.4 0.4867908358 0.1636753917)
(0.5 0.4867908358 0.1636753917)
(0.6 0.4867908358 0.1636753917)
(0.7 0.4867908358 0.1636753917)
(0.8 0.4867908358 0.1636753917)
(0.9 0.4867908358 0.1636753917)
(1 0.4867908358 0.1636753917)
(1.1 0.4867908358 0.1636753917)
(1.2 0.4867908358 0.1636753917)
(1.3 0.4867908358 0.1636753917)
(1.4 0.4867908358 0.1636753917)
(1.5 0.4867908358 0.1636753917)
(1.6 0.4867908358 0.1636753917)
(1.7 0.4867908358 0.1636753917)
(1.8 0.4867908358 0.1636753917)
(1.9 0.4867908358 0.1636753917)
(2 0.4867908358 0.1636753917)
(0 0.529747474 0.1636753917)
(0.1 0.529747474 0.1636753917)
(0.2 0.529747474 0.1636753917)
(0.3 0.529747474 0.1636753917)
(0.4 0.529747474 0.1636753917)
(0.5 0.529747474 0.1636753917)
(0.6 0.529747474 0.1636753917)
(0.7 0.529747474 0.1636753917)
(0.8 0.529747474 0.1636753917)
(0.9 0.529747474 0.1636753917)
(1 0.529747474 0.1636753917)
(1.1 0.529747474 0.1636753917)
(1.2 0.529747474 0.1636753917)
(1.3 0.529747474 0.1636753917)
(1.4 0.529747474 0.1636753917)
(1.5 0.529747474 0.1636753917)
(1.6 0.529747474 0.1636753917)
(1.7 0.529747474 0.1636753917)
(1.8 0.529747474 0.1636753917)
(1.9 0.529747474 0.1636753917)
(2 0.529747474 0.1636753917)
(0 0.5756844308 0.1636753917)
(0.1 0.5756844308 0.1636753917)
(0.2 0.5756844308 0.1636753917)
(0.3 0.5756844308 0.1636753917)
(0.4 0.5756844308 0.1636753917)
(0.5 0.5756844308 0.1636753917)
(0.6 0.5756844308 0.1636753917)
(0.7 0.5756844308 0.1636753917)
(0.8 0.5756844308 0.1636753917)
(0.9 0.5756844308 0.1636753917)
(1 0.5756844308 0.1636753917)
(1.1 0.5756844308 0.1636753917)
(1.2 0.5756844308 0.1636753917)
(1.3 0.5756844308 0.1636753917)
(1.4 0.5756844308 0.1636753917)
(1.5 0.5756844308 0.1636753917)
(1.6 0.5756844308 0.1636753917)
(1.7 0.5756844308 0.1636753917)
(1.8 0.5756844308 0.1636753917)
(1.9 0.5756844308 0.1636753917)
(2 0.5756844308 0.1636753917)
(0 0.6248084798 0.1636753917)
(0.1 0.6248084798 0.1636753917)
(0.2 0.6248084798 0.1636753917)
(0.3 0.6248084798 0.1636753917)
(0.4 0.6248084798 0.1636753917)
(0.5 0.6248084798 0.1636753917)
(0.6 0.6248084798 0.1636753917)
(0.7 0.6248084798 0.1636753917)
(0.8 0.6248084798 0.1636753917)
(0.9 0.6248084798 0.1636753917)
(1 0.6248084798 0.1636753917)
(1.1 0.6248084798 0.1636753917)
(1.2 0.6248084798 0.1636753917)
(1.3 0.6248084798 0.1636753917)
(1.4 0.6248084798 0.1636753917)
(1.5 0.6248084798 0.1636753917)
(1.6 0.6248084798 0.1636753917)
(1.7 0.6248084798 0.1636753917)
(1.8 0.6248084798 0.1636753917)
(1.9 0.6248084798 0.1636753917)
(2 0.6248084798 0.1636753917)
(0 0.6773407405 0.1636753917)
(0.1 0.6773407405 0.1636753917)
(0.2 0.6773407405 0.1636753917)
(0.3 0.6773407405 0.1636753917)
(0.4 0.6773407405 0.1636753917)
(0.5 0.6773407405 0.1636753917)
(0.6 0.6773407405 0.1636753917)
(0.7 0.6773407405 0.1636753917)
(0.8 0.6773407405 0.1636753917)
(0.9 0.6773407405 0.1636753917)
(1 0.6773407405 0.1636753917)
(1.1 0.6773407405 0.1636753917)
(1.2 0.6773407405 0.1636753917)
(1.3 0.6773407405 0.1636753917)
(1.4 0.6773407405 0.1636753917)
(1.5 0.6773407405 0.1636753917)
(1.6 0.6773407405 0.1636753917)
(1.7 0.6773407405 0.1636753917)
(1.8 0.6773407405 0.1636753917)
(1.9 0.6773407405 0.1636753917)
(2 0.6773407405 0.1636753917)
(0 0.7335176736 0.1636753917)
(0.1 0.7335176736 0.1636753917)
(0.2 0.7335176736 0.1636753917)
(0.3 0.7335176736 0.1636753917)
(0.4 0.7335176736 0.1636753917)
(0.5 0.7335176736 0.1636753917)
(0.6 0.7335176736 0.1636753917)
(0.7 0.7335176736 0.1636753917)
(0.8 0.7335176736 0.1636753917)
(0.9 0.7335176736 0.1636753917)
(1 0.7335176736 0.1636753917)
(1.1 0.7335176736 0.1636753917)
(1.2 0.7335176736 0.1636753917)
(1.3 0.7335176736 0.1636753917)
(1.4 0.7335176736 0.1636753917)
(1.5 0.7335176736 0.1636753917)
(1.6 0.7335176736 0.1636753917)
(1.7 0.7335176736 0.1636753917)
(1.8 0.7335176736 0.1636753917)
(1.9 0.7335176736 0.1636753917)
(2 0.7335176736 0.1636753917)
(0 0.7935921454 0.1636753917)
(0.1 0.7935921454 0.1636753917)
(0.2 0.7935921454 0.1636753917)
(0.3 0.7935921454 0.1636753917)
(0.4 0.7935921454 0.1636753917)
(0.5 0.7935921454 0.1636753917)
(0.6 0.7935921454 0.1636753917)
(0.7 0.7935921454 0.1636753917)
(0.8 0.7935921454 0.1636753917)
(0.9 0.7935921454 0.1636753917)
(1 0.7935921454 0.1636753917)
(1.1 0.7935921454 0.1636753917)
(1.2 0.7935921454 0.1636753917)
(1.3 0.7935921454 0.1636753917)
(1.4 0.7935921454 0.1636753917)
(1.5 0.7935921454 0.1636753917)
(1.6 0.7935921454 0.1636753917)
(1.7 0.7935921454 0.1636753917)
(1.8 0.7935921454 0.1636753917)
(1.9 0.7935921454 0.1636753917)
(2 0.7935921454 0.1636753917)
(0 0.857834566 0.1636753917)
(0.1 0.857834566 0.1636753917)
(0.2 0.857834566 0.1636753917)
(0.3 0.857834566 0.1636753917)
(0.4 0.857834566 0.1636753917)
(0.5 0.857834566 0.1636753917)
(0.6 0.857834566 0.1636753917)
(0.7 0.857834566 0.1636753917)
(0.8 0.857834566 0.1636753917)
(0.9 0.857834566 0.1636753917)
(1 0.857834566 0.1636753917)
(1.1 0.857834566 0.1636753917)
(1.2 0.857834566 0.1636753917)
(1.3 0.857834566 0.1636753917)
(1.4 0.857834566 0.1636753917)
(1.5 0.857834566 0.1636753917)
(1.6 0.857834566 0.1636753917)
(1.7 0.857834566 0.1636753917)
(1.8 0.857834566 0.1636753917)
(1.9 0.857834566 0.1636753917)
(2 0.857834566 0.1636753917)
(0 0.9265341063 0.1636753917)
(0.1 0.9265341063 0.1636753917)
(0.2 0.9265341063 0.1636753917)
(0.3 0.9265341063 0.1636753917)
(0.4 0.9265341063 0.1636753917)
(0.5 0.9265341063 0.1636753917)
(0.6 0.9265341063 0.1636753917)
(0.7 0.9265341063 0.1636753917)
(0.8 0.9265341063 0.1636753917)
(0.9 0.9265341063 0.1636753917)
(1 0.9265341063 0.1636753917)
(1.1 0.9265341063 0.1636753917)
(1.2 0.9265341063 0.1636753917)
(1.3 0.9265341063 0.1636753917)
(1.4 0.9265341063 0.1636753917)
(1.5 0.9265341063 0.1636753917)
(1.6 0.9265341063 0.1636753917)
(1.7 0.9265341063 0.1636753917)
(1.8 0.9265341063 0.1636753917)
(1.9 0.9265341063 0.1636753917)
(2 0.9265341063 0.1636753917)
(0 1 0.1636753917)
(0.1 1 0.1636753917)
(0.2 1 0.1636753917)
(0.3 1 0.1636753917)
(0.4 1 0.1636753917)
(0.5 1 0.1636753917)
(0.6 1 0.1636753917)
(0.7 1 0.1636753917)
(0.8 1 0.1636753917)
(0.9 1 0.1636753917)
(1 1 0.1636753917)
(1.1 1 0.1636753917)
(1.2 1 0.1636753917)
(1.3 1 0.1636753917)
(1.4 1 0.1636753917)
(1.5 1 0.1636753917)
(1.6 1 0.1636753917)
(1.7 1 0.1636753917)
(1.8 1 0.1636753917)
(1.9 1 0.1636753917)
(2 1 0.1636753917)
(0 0 0.1842143777)
(0.1 0 0.1842143777)
(0.2 0 0.1842143777)
(0.3 0 0.1842143777)
(0.4 0 0.1842143777)
(0.5 0 0.1842143777)
(0.6 0 0.1842143777)
(0.7 0 0.1842143777)
(0.8 0 0.1842143777)
(0.9 0 0.1842143777)
(1 0 0.1842143777)
(1.1 0 0.1842143777)
(1.2 0 0.1842143777)
(1.3 0 0.1842143777)
(1.4 0 0.1842143777)
(1.5 0 0.1842143777)
(1.6 0 0.1842143777)
(1.7 0 0.1842143777)
(1.8 0 0.1842143777)
(1.9 0 0.1842143777)
(2 0 0.1842143777)
(0 0.009183236716 0.1842143777)
(0.1 0.009183236716 0.1842143777)
(0.2 0.009183236716 0.1842143777)
(0.3 0.009183236716 0.1842143777)
(0.4 0.009183236716 0.1842143777)
(0.5 0.009183236716 0.1842143777)
(0.6 0.009183236716 0.1842143777)
(0.7 0.009183236716 0.1842143777)
(0.8 0.009183236716 0.1842143777)
(0.9 0.009183236716 0.1842143777)
(1 0.009183236716 0.1842143777)
(1.1 0.009183236716 0.1842143777)
(1.2 0.009183236716 0.1842143777)
(1.3 0.009183236716 0.1842143777)
(1.4 0.009183236716 0.1842143777)
(1.5 0.009183236716 0.1842143777)
(1.6 0.009183236716 0.1842143777)
(1.7 0.009183236716 0.1842143777)
(1.8 0.009183236716 0.1842143777)
(1.9 0.009183236716 0.1842143777)
(2 0.009183236716 0.1842143777)
(0 0.01900360363 0.1842143777)
(0.1 0.01900360363 0.1842143777)
(0.2 0.01900360363 0.1842143777)
(0.3 0.01900360363 0.1842143777)
(0.4 0.01900360363 0.1842143777)
(0.5 0.01900360363 0.1842143777)
(0.6 0.01900360363 0.1842143777)
(0.7 0.01900360363 0.1842143777)
(0.8 0.01900360363 0.1842143777)
(0.9 0.01900360363 0.1842143777)
(1 0.01900360363 0.1842143777)
(1.1 0.01900360363 0.1842143777)
(1.2 0.01900360363 0.1842143777)
(1.3 0.01900360363 0.1842143777)
(1.4 0.01900360363 0.1842143777)
(1.5 0.01900360363 0.1842143777)
(1.6 0.01900360363 0.1842143777)
(1.7 0.01900360363 0.1842143777)
(1.8 0.01900360363 0.1842143777)
(1.9 0.01900360363 0.1842143777)
(2 0.01900360363 0.1842143777)
(0 0.02950530463 0.1842143777)
(0.1 0.02950530463 0.1842143777)
(0.2 0.02950530463 0.1842143777)
(0.3 0.02950530463 0.1842143777)
(0.4 0.02950530463 0.1842143777)
(0.5 0.02950530463 0.1842143777)
(0.6 0.02950530463 0.1842143777)
(0.7 0.02950530463 0.1842143777)
(0.8 0.02950530463 0.1842143777)
(0.9 0.02950530463 0.1842143777)
(1 0.02950530463 0.1842143777)
(1.1 0.02950530463 0.1842143777)
(1.2 0.02950530463 0.1842143777)
(1.3 0.02950530463 0.1842143777)
(1.4 0.02950530463 0.1842143777)
(1.5 0.02950530463 0.1842143777)
(1.6 0.02950530463 0.1842143777)
(1.7 0.02950530463 0.1842143777)
(1.8 0.02950530463 0.1842143777)
(1.9 0.02950530463 0.1842143777)
(2 0.02950530463 0.1842143777)
(0 0.04073561049 0.1842143777)
(0.1 0.04073561049 0.1842143777)
(0.2 0.04073561049 0.1842143777)
(0.3 0.04073561049 0.1842143777)
(0.4 0.04073561049 0.1842143777)
(0.5 0.04073561049 0.1842143777)
(0.6 0.04073561049 0.1842143777)
(0.7 0.04073561049 0.1842143777)
(0.8 0.04073561049 0.1842143777)
(0.9 0.04073561049 0.1842143777)
(1 0.04073561049 0.1842143777)
(1.1 0.04073561049 0.1842143777)
(1.2 0.04073561049 0.1842143777)
(1.3 0.04073561049 0.1842143777)
(1.4 0.04073561049 0.1842143777)
(1.5 0.04073561049 0.1842143777)
(1.6 0.04073561049 0.1842143777)
(1.7 0.04073561049 0.1842143777)
(1.8 0.04073561049 0.1842143777)
(1.9 0.04073561049 0.1842143777)
(2 0.04073561049 0.1842143777)
(0 0.05274507158 0.1842143777)
(0.1 0.05274507158 0.1842143777)
(0.2 0.05274507158 0.1842143777)
(0.3 0.05274507158 0.1842143777)
(0.4 0.05274507158 0.1842143777)
(0.5 0.05274507158 0.1842143777)
(0.6 0.05274507158 0.1842143777)
(0.7 0.05274507158 0.1842143777)
(0.8 0.05274507158 0.1842143777)
(0.9 0.05274507158 0.1842143777)
(1 0.05274507158 0.1842143777)
(1.1 0.05274507158 0.1842143777)
(1.2 0.05274507158 0.1842143777)
(1.3 0.05274507158 0.1842143777)
(1.4 0.05274507158 0.1842143777)
(1.5 0.05274507158 0.1842143777)
(1.6 0.05274507158 0.1842143777)
(1.7 0.05274507158 0.1842143777)
(1.8 0.05274507158 0.1842143777)
(1.9 0.05274507158 0.1842143777)
(2 0.05274507158 0.1842143777)
(0 0.06558774547 0.1842143777)
(0.1 0.06558774547 0.1842143777)
(0.2 0.06558774547 0.1842143777)
(0.3 0.06558774547 0.1842143777)
(0.4 0.06558774547 0.1842143777)
(0.5 0.06558774547 0.1842143777)
(0.6 0.06558774547 0.1842143777)
(0.7 0.06558774547 0.1842143777)
(0.8 0.06558774547 0.1842143777)
(0.9 0.06558774547 0.1842143777)
(1 0.06558774547 0.1842143777)
(1.1 0.06558774547 0.1842143777)
(1.2 0.06558774547 0.1842143777)
(1.3 0.06558774547 0.1842143777)
(1.4 0.06558774547 0.1842143777)
(1.5 0.06558774547 0.1842143777)
(1.6 0.06558774547 0.1842143777)
(1.7 0.06558774547 0.1842143777)
(1.8 0.06558774547 0.1842143777)
(1.9 0.06558774547 0.1842143777)
(2 0.06558774547 0.1842143777)
(0 0.07932144019 0.1842143777)
(0.1 0.07932144019 0.1842143777)
(0.2 0.07932144019 0.1842143777)
(0.3 0.07932144019 0.1842143777)
(0.4 0.07932144019 0.1842143777)
(0.5 0.07932144019 0.1842143777)
(0.6 0.07932144019 0.1842143777)
(0.7 0.07932144019 0.1842143777)
(0.8 0.07932144019 0.1842143777)
(0.9 0.07932144019 0.1842143777)
(1 0.07932144019 0.1842143777)
(1.1 0.07932144019 0.1842143777)
(1.2 0.07932144019 0.1842143777)
(1.3 0.07932144019 0.1842143777)
(1.4 0.07932144019 0.1842143777)
(1.5 0.07932144019 0.1842143777)
(1.6 0.07932144019 0.1842143777)
(1.7 0.07932144019 0.1842143777)
(1.8 0.07932144019 0.1842143777)
(1.9 0.07932144019 0.1842143777)
(2 0.07932144019 0.1842143777)
(0 0.09400797452 0.1842143777)
(0.1 0.09400797452 0.1842143777)
(0.2 0.09400797452 0.1842143777)
(0.3 0.09400797452 0.1842143777)
(0.4 0.09400797452 0.1842143777)
(0.5 0.09400797452 0.1842143777)
(0.6 0.09400797452 0.1842143777)
(0.7 0.09400797452 0.1842143777)
(0.8 0.09400797452 0.1842143777)
(0.9 0.09400797452 0.1842143777)
(1 0.09400797452 0.1842143777)
(1.1 0.09400797452 0.1842143777)
(1.2 0.09400797452 0.1842143777)
(1.3 0.09400797452 0.1842143777)
(1.4 0.09400797452 0.1842143777)
(1.5 0.09400797452 0.1842143777)
(1.6 0.09400797452 0.1842143777)
(1.7 0.09400797452 0.1842143777)
(1.8 0.09400797452 0.1842143777)
(1.9 0.09400797452 0.1842143777)
(2 0.09400797452 0.1842143777)
(0 0.1097134562 0.1842143777)
(0.1 0.1097134562 0.1842143777)
(0.2 0.1097134562 0.1842143777)
(0.3 0.1097134562 0.1842143777)
(0.4 0.1097134562 0.1842143777)
(0.5 0.1097134562 0.1842143777)
(0.6 0.1097134562 0.1842143777)
(0.7 0.1097134562 0.1842143777)
(0.8 0.1097134562 0.1842143777)
(0.9 0.1097134562 0.1842143777)
(1 0.1097134562 0.1842143777)
(1.1 0.1097134562 0.1842143777)
(1.2 0.1097134562 0.1842143777)
(1.3 0.1097134562 0.1842143777)
(1.4 0.1097134562 0.1842143777)
(1.5 0.1097134562 0.1842143777)
(1.6 0.1097134562 0.1842143777)
(1.7 0.1097134562 0.1842143777)
(1.8 0.1097134562 0.1842143777)
(1.9 0.1097134562 0.1842143777)
(2 0.1097134562 0.1842143777)
(0 0.1265085794 0.1842143777)
(0.1 0.1265085794 0.1842143777)
(0.2 0.1265085794 0.1842143777)
(0.3 0.1265085794 0.1842143777)
(0.4 0.1265085794 0.1842143777)
(0.5 0.1265085794 0.1842143777)
(0.6 0.1265085794 0.1842143777)
(0.7 0.1265085794 0.1842143777)
(0.8 0.1265085794 0.1842143777)
(0.9 0.1265085794 0.1842143777)
(1 0.1265085794 0.1842143777)
(1.1 0.1265085794 0.1842143777)
(1.2 0.1265085794 0.1842143777)
(1.3 0.1265085794 0.1842143777)
(1.4 0.1265085794 0.1842143777)
(1.5 0.1265085794 0.1842143777)
(1.6 0.1265085794 0.1842143777)
(1.7 0.1265085794 0.1842143777)
(1.8 0.1265085794 0.1842143777)
(1.9 0.1265085794 0.1842143777)
(2 0.1265085794 0.1842143777)
(0 0.1444689432 0.1842143777)
(0.1 0.1444689432 0.1842143777)
(0.2 0.1444689432 0.1842143777)
(0.3 0.1444689432 0.1842143777)
(0.4 0.1444689432 0.1842143777)
(0.5 0.1444689432 0.1842143777)
(0.6 0.1444689432 0.1842143777)
(0.7 0.1444689432 0.1842143777)
(0.8 0.1444689432 0.1842143777)
(0.9 0.1444689432 0.1842143777)
(1 0.1444689432 0.1842143777)
(1.1 0.1444689432 0.1842143777)
(1.2 0.1444689432 0.1842143777)
(1.3 0.1444689432 0.1842143777)
(1.4 0.1444689432 0.1842143777)
(1.5 0.1444689432 0.1842143777)
(1.6 0.1444689432 0.1842143777)
(1.7 0.1444689432 0.1842143777)
(1.8 0.1444689432 0.1842143777)
(1.9 0.1444689432 0.1842143777)
(2 0.1444689432 0.1842143777)
(0 0.1636753917 0.1842143777)
(0.1 0.1636753917 0.1842143777)
(0.2 0.1636753917 0.1842143777)
(0.3 0.1636753917 0.1842143777)
(0.4 0.1636753917 0.1842143777)
(0.5 0.1636753917 0.1842143777)
(0.6 0.1636753917 0.1842143777)
(0.7 0.1636753917 0.1842143777)
(0.8 0.1636753917 0.1842143777)
(0.9 0.1636753917 0.1842143777)
(1 0.1636753917 0.1842143777)
(1.1 0.1636753917 0.1842143777)
(1.2 0.1636753917 0.1842143777)
(1.3 0.1636753917 0.1842143777)
(1.4 0.1636753917 0.1842143777)
(1.5 0.1636753917 0.1842143777)
(1.6 0.1636753917 0.1842143777)
(1.7 0.1636753917 0.1842143777)
(1.8 0.1636753917 0.1842143777)
(1.9 0.1636753917 0.1842143777)
(2 0.1636753917 0.1842143777)
(0 0.1842143777 0.1842143777)
(0.1 0.1842143777 0.1842143777)
(0.2 0.1842143777 0.1842143777)
(0.3 0.1842143777 0.1842143777)
(0.4 0.1842143777 0.1842143777)
(0.5 0.1842143777 0.1842143777)
(0.6 0.1842143777 0.1842143777)
(0.7 0.1842143777 0.1842143777)
(0.8 0.1842143777 0.1842143777)
(0.9 0.1842143777 0.1842143777)
(1 0.1842143777 0.1842143777)
(1.1 0.1842143777 0.1842143777)
(1.2 0.1842143777 0.1842143777)
(1.3 0.1842143777 0.1842143777)
(1.4 0.1842143777 0.1842143777)
(1.5 0.1842143777 0.1842143777)
(1.6 0.1842143777 0.1842143777)
(1.7 0.1842143777 0.1842143777)
(1.8 0.1842143777 0.1842143777)
(1.9 0.1842143777 0.1842143777)
(2 0.1842143777 0.1842143777)
(0 0.2061783524 0.1842143777)
(0.1 0.2061783524 0.1842143777)
(0.2 0.2061783524 0.1842143777)
(0.3 0.2061783524 0.1842143777)
(0.4 0.2061783524 0.1842143777)
(0.5 0.2061783524 0.1842143777)
(0.6 0.2061783524 0.1842143777)
(0.7 0.2061783524 0.1842143777)
(0.8 0.2061783524 0.1842143777)
(0.9 0.2061783524 0.1842143777)
(1 0.2061783524 0.1842143777)
(1.1 0.2061783524 0.1842143777)
(1.2 0.2061783524 0.1842143777)
(1.3 0.2061783524 0.1842143777)
(1.4 0.2061783524 0.1842143777)
(1.5 0.2061783524 0.1842143777)
(1.6 0.2061783524 0.1842143777)
(1.7 0.2061783524 0.1842143777)
(1.8 0.2061783524 0.1842143777)
(1.9 0.2061783524 0.1842143777)
(2 0.2061783524 0.1842143777)
(0 0.2296661811 0.1842143777)
(0.1 0.2296661811 0.1842143777)
(0.2 0.2296661811 0.1842143777)
(0.3 0.2296661811 0.1842143777)
(0.4 0.2296661811 0.1842143777)
(0.5 0.2296661811 0.1842143777)
(0.6 0.2296661811 0.1842143777)
(0.7 0.2296661811 0.1842143777)
(0.8 0.2296661811 0.1842143777)
(0.9 0.2296661811 0.1842143777)
(1 0.2296661811 0.1842143777)
(1.1 0.2296661811 0.1842143777)
(1.2 0.2296661811 0.1842143777)
(1.3 0.2296661811 0.1842143777)
(1.4 0.2296661811 0.1842143777)
(1.5 0.2296661811 0.1842143777)
(1.6 0.2296661811 0.1842143777)
(1.7 0.2296661811 0.1842143777)
(1.8 0.2296661811 0.1842143777)
(1.9 0.2296661811 0.1842143777)
(2 0.2296661811 0.1842143777)
(0 0.2547835882 0.1842143777)
(0.1 0.2547835882 0.1842143777)
(0.2 0.2547835882 0.1842143777)
(0.3 0.2547835882 0.1842143777)
(0.4 0.2547835882 0.1842143777)
(0.5 0.2547835882 0.1842143777)
(0.6 0.2547835882 0.1842143777)
(0.7 0.2547835882 0.1842143777)
(0.8 0.2547835882 0.1842143777)
(0.9 0.2547835882 0.1842143777)
(1 0.2547835882 0.1842143777)
(1.1 0.2547835882 0.1842143777)
(1.2 0.2547835882 0.1842143777)
(1.3 0.2547835882 0.1842143777)
(1.4 0.2547835882 0.1842143777)
(1.5 0.2547835882 0.1842143777)
(1.6 0.2547835882 0.1842143777)
(1.7 0.2547835882 0.1842143777)
(1.8 0.2547835882 0.1842143777)
(1.9 0.2547835882 0.1842143777)
(2 0.2547835882 0.1842143777)
(0 0.2816436335 0.1842143777)
(0.1 0.2816436335 0.1842143777)
(0.2 0.2816436335 0.1842143777)
(0.3 0.2816436335 0.1842143777)
(0.4 0.2816436335 0.1842143777)
(0.5 0.2816436335 0.1842143777)
(0.6 0.2816436335 0.1842143777)
(0.7 0.2816436335 0.1842143777)
(0.8 0.2816436335 0.1842143777)
(0.9 0.2816436335 0.1842143777)
(1 0.2816436335 0.1842143777)
(1.1 0.2816436335 0.1842143777)
(1.2 0.2816436335 0.1842143777)
(1.3 0.2816436335 0.1842143777)
(1.4 0.2816436335 0.1842143777)
(1.5 0.2816436335 0.1842143777)
(1.6 0.2816436335 0.1842143777)
(1.7 0.2816436335 0.1842143777)
(1.8 0.2816436335 0.1842143777)
(1.9 0.2816436335 0.1842143777)
(2 0.2816436335 0.1842143777)
(0 0.3103672206 0.1842143777)
(0.1 0.3103672206 0.1842143777)
(0.2 0.3103672206 0.1842143777)
(0.3 0.3103672206 0.1842143777)
(0.4 0.3103672206 0.1842143777)
(0.5 0.3103672206 0.1842143777)
(0.6 0.3103672206 0.1842143777)
(0.7 0.3103672206 0.1842143777)
(0.8 0.3103672206 0.1842143777)
(0.9 0.3103672206 0.1842143777)
(1 0.3103672206 0.1842143777)
(1.1 0.3103672206 0.1842143777)
(1.2 0.3103672206 0.1842143777)
(1.3 0.3103672206 0.1842143777)
(1.4 0.3103672206 0.1842143777)
(1.5 0.3103672206 0.1842143777)
(1.6 0.3103672206 0.1842143777)
(1.7 0.3103672206 0.1842143777)
(1.8 0.3103672206 0.1842143777)
(1.9 0.3103672206 0.1842143777)
(2 0.3103672206 0.1842143777)
(0 0.3410836415 0.1842143777)
(0.1 0.3410836415 0.1842143777)
(0.2 0.3410836415 0.1842143777)
(0.3 0.3410836415 0.1842143777)
(0.4 0.3410836415 0.1842143777)
(0.5 0.3410836415 0.1842143777)
(0.6 0.3410836415 0.1842143777)
(0.7 0.3410836415 0.1842143777)
(0.8 0.3410836415 0.1842143777)
(0.9 0.3410836415 0.1842143777)
(1 0.3410836415 0.1842143777)
(1.1 0.3410836415 0.1842143777)
(1.2 0.3410836415 0.1842143777)
(1.3 0.3410836415 0.1842143777)
(1.4 0.3410836415 0.1842143777)
(1.5 0.3410836415 0.1842143777)
(1.6 0.3410836415 0.1842143777)
(1.7 0.3410836415 0.1842143777)
(1.8 0.3410836415 0.1842143777)
(1.9 0.3410836415 0.1842143777)
(2 0.3410836415 0.1842143777)
(0 0.3739311585 0.1842143777)
(0.1 0.3739311585 0.1842143777)
(0.2 0.3739311585 0.1842143777)
(0.3 0.3739311585 0.1842143777)
(0.4 0.3739311585 0.1842143777)
(0.5 0.3739311585 0.1842143777)
(0.6 0.3739311585 0.1842143777)
(0.7 0.3739311585 0.1842143777)
(0.8 0.3739311585 0.1842143777)
(0.9 0.3739311585 0.1842143777)
(1 0.3739311585 0.1842143777)
(1.1 0.3739311585 0.1842143777)
(1.2 0.3739311585 0.1842143777)
(1.3 0.3739311585 0.1842143777)
(1.4 0.3739311585 0.1842143777)
(1.5 0.3739311585 0.1842143777)
(1.6 0.3739311585 0.1842143777)
(1.7 0.3739311585 0.1842143777)
(1.8 0.3739311585 0.1842143777)
(1.9 0.3739311585 0.1842143777)
(2 0.3739311585 0.1842143777)
(0 0.4090576263 0.1842143777)
(0.1 0.4090576263 0.1842143777)
(0.2 0.4090576263 0.1842143777)
(0.3 0.4090576263 0.1842143777)
(0.4 0.4090576263 0.1842143777)
(0.5 0.4090576263 0.1842143777)
(0.6 0.4090576263 0.1842143777)
(0.7 0.4090576263 0.1842143777)
(0.8 0.4090576263 0.1842143777)
(0.9 0.4090576263 0.1842143777)
(1 0.4090576263 0.1842143777)
(1.1 0.4090576263 0.1842143777)
(1.2 0.4090576263 0.1842143777)
(1.3 0.4090576263 0.1842143777)
(1.4 0.4090576263 0.1842143777)
(1.5 0.4090576263 0.1842143777)
(1.6 0.4090576263 0.1842143777)
(1.7 0.4090576263 0.1842143777)
(1.8 0.4090576263 0.1842143777)
(1.9 0.4090576263 0.1842143777)
(2 0.4090576263 0.1842143777)
(0 0.4466211578 0.1842143777)
(0.1 0.4466211578 0.1842143777)
(0.2 0.4466211578 0.1842143777)
(0.3 0.4466211578 0.1842143777)
(0.4 0.4466211578 0.1842143777)
(0.5 0.4466211578 0.1842143777)
(0.6 0.4466211578 0.1842143777)
(0.7 0.4466211578 0.1842143777)
(0.8 0.4466211578 0.1842143777)
(0.9 0.4466211578 0.1842143777)
(1 0.4466211578 0.1842143777)
(1.1 0.4466211578 0.1842143777)
(1.2 0.4466211578 0.1842143777)
(1.3 0.4466211578 0.1842143777)
(1.4 0.4466211578 0.1842143777)
(1.5 0.4466211578 0.1842143777)
(1.6 0.4466211578 0.1842143777)
(1.7 0.4466211578 0.1842143777)
(1.8 0.4466211578 0.1842143777)
(1.9 0.4466211578 0.1842143777)
(2 0.4466211578 0.1842143777)
(0 0.4867908358 0.1842143777)
(0.1 0.4867908358 0.1842143777)
(0.2 0.4867908358 0.1842143777)
(0.3 0.4867908358 0.1842143777)
(0.4 0.4867908358 0.1842143777)
(0.5 0.4867908358 0.1842143777)
(0.6 0.4867908358 0.1842143777)
(0.7 0.4867908358 0.1842143777)
(0.8 0.4867908358 0.1842143777)
(0.9 0.4867908358 0.1842143777)
(1 0.4867908358 0.1842143777)
(1.1 0.4867908358 0.1842143777)
(1.2 0.4867908358 0.1842143777)
(1.3 0.4867908358 0.1842143777)
(1.4 0.4867908358 0.1842143777)
(1.5 0.4867908358 0.1842143777)
(1.6 0.4867908358 0.1842143777)
(1.7 0.4867908358 0.1842143777)
(1.8 0.4867908358 0.1842143777)
(1.9 0.4867908358 0.1842143777)
(2 0.4867908358 0.1842143777)
(0 0.529747474 0.1842143777)
(0.1 0.529747474 0.1842143777)
(0.2 0.529747474 0.1842143777)
(0.3 0.529747474 0.1842143777)
(0.4 0.529747474 0.1842143777)
(0.5 0.529747474 0.1842143777)
(0.6 0.529747474 0.1842143777)
(0.7 0.529747474 0.1842143777)
(0.8 0.529747474 0.1842143777)
(0.9 0.529747474 0.1842143777)
(1 0.529747474 0.1842143777)
(1.1 0.529747474 0.1842143777)
(1.2 0.529747474 0.1842143777)
(1.3 0.529747474 0.1842143777)
(1.4 0.529747474 0.1842143777)
(1.5 0.529747474 0.1842143777)
(1.6 0.529747474 0.1842143777)
(1.7 0.529747474 0.1842143777)
(1.8 0.529747474 0.1842143777)
(1.9 0.529747474 0.1842143777)
(2 0.529747474 0.1842143777)
(0 0.5756844308 0.1842143777)
(0.1 0.5756844308 0.1842143777)
(0.2 0.5756844308 0.1842143777)
(0.3 0.5756844308 0.1842143777)
(0.4 0.5756844308 0.1842143777)
(0.5 0.5756844308 0.1842143777)
(0.6 0.5756844308 0.1842143777)
(0.7 0.5756844308 0.1842143777)
(0.8 0.5756844308 0.1842143777)
(0.9 0.5756844308 0.1842143777)
(1 0.5756844308 0.1842143777)
(1.1 0.5756844308 0.1842143777)
(1.2 0.5756844308 0.1842143777)
(1.3 0.5756844308 0.1842143777)
(1.4 0.5756844308 0.1842143777)
(1.5 0.5756844308 0.1842143777)
(1.6 0.5756844308 0.1842143777)
(1.7 0.5756844308 0.1842143777)
(1.8 0.5756844308 0.1842143777)
(1.9 0.5756844308 0.1842143777)
(2 0.5756844308 0.1842143777)
(0 0.6248084798 0.1842143777)
(0.1 0.6248084798 0.1842143777)
(0.2 0.6248084798 0.1842143777)
(0.3 0.6248084798 0.1842143777)
(0.4 0.6248084798 0.1842143777)
(0.5 0.6248084798 0.1842143777)
(0.6 0.6248084798 0.1842143777)
(0.7 0.6248084798 0.1842143777)
(0.8 0.6248084798 0.1842143777)
(0.9 0.6248084798 0.1842143777)
(1 0.6248084798 0.1842143777)
(1.1 0.6248084798 0.1842143777)
(1.2 0.6248084798 0.1842143777)
(1.3 0.6248084798 0.1842143777)
(1.4 0.6248084798 0.1842143777)
(1.5 0.6248084798 0.1842143777)
(1.6 0.6248084798 0.1842143777)
(1.7 0.6248084798 0.1842143777)
(1.8 0.6248084798 0.1842143777)
(1.9 0.6248084798 0.1842143777)
(2 0.6248084798 0.1842143777)
(0 0.6773407405 0.1842143777)
(0.1 0.6773407405 0.1842143777)
(0.2 0.6773407405 0.1842143777)
(0.3 0.6773407405 0.1842143777)
(0.4 0.6773407405 0.1842143777)
(0.5 0.6773407405 0.1842143777)
(0.6 0.6773407405 0.1842143777)
(0.7 0.6773407405 0.1842143777)
(0.8 0.6773407405 0.1842143777)
(0.9 0.6773407405 0.1842143777)
(1 0.6773407405 0.1842143777)
(1.1 0.6773407405 0.1842143777)
(1.2 0.6773407405 0.1842143777)
(1.3 0.6773407405 0.1842143777)
(1.4 0.6773407405 0.1842143777)
(1.5 0.6773407405 0.1842143777)
(1.6 0.6773407405 0.1842143777)
(1.7 0.6773407405 0.1842143777)
(1.8 0.6773407405 0.1842143777)
(1.9 0.6773407405 0.1842143777)
(2 0.6773407405 0.1842143777)
(0 0.7335176736 0.1842143777)
(0.1 0.7335176736 0.1842143777)
(0.2 0.7335176736 0.1842143777)
(0.3 0.7335176736 0.1842143777)
(0.4 0.7335176736 0.1842143777)
(0.5 0.7335176736 0.1842143777)
(0.6 0.7335176736 0.1842143777)
(0.7 0.7335176736 0.1842143777)
(0.8 0.7335176736 0.1842143777)
(0.9 0.7335176736 0.1842143777)
(1 0.7335176736 0.1842143777)
(1.1 0.7335176736 0.1842143777)
(1.2 0.7335176736 0.1842143777)
(1.3 0.7335176736 0.1842143777)
(1.4 0.7335176736 0.1842143777)
(1.5 0.7335176736 0.1842143777)
(1.6 0.7335176736 0.1842143777)
(1.7 0.7335176736 0.1842143777)
(1.8 0.7335176736 0.1842143777)
(1.9 0.7335176736 0.1842143777)
(2 0.7335176736 0.1842143777)
(0 0.7935921454 0.1842143777)
(0.1 0.7935921454 0.1842143777)
(0.2 0.7935921454 0.1842143777)
(0.3 0.7935921454 0.1842143777)
(0.4 0.7935921454 0.1842143777)
(0.5 0.7935921454 0.1842143777)
(0.6 0.7935921454 0.1842143777)
(0.7 0.7935921454 0.1842143777)
(0.8 0.7935921454 0.1842143777)
(0.9 0.7935921454 0.1842143777)
(1 0.7935921454 0.1842143777)
(1.1 0.7935921454 0.1842143777)
(1.2 0.7935921454 0.1842143777)
(1.3 0.7935921454 0.1842143777)
(1.4 0.7935921454 0.1842143777)
(1.5 0.7935921454 0.1842143777)
(1.6 0.7935921454 0.1842143777)
(1.7 0.7935921454 0.1842143777)
(1.8 0.7935921454 0.1842143777)
(1.9 0.7935921454 0.1842143777)
(2 0.7935921454 0.1842143777)
(0 0.857834566 0.1842143777)
(0.1 0.857834566 0.1842143777)
(0.2 0.857834566 0.1842143777)
(0.3 0.857834566 0.1842143777)
(0.4 0.857834566 0.1842143777)
(0.5 0.857834566 0.1842143777)
(0.6 0.857834566 0.1842143777)
(0.7 0.857834566 0.1842143777)
(0.8 0.857834566 0.1842143777)
(0.9 0.857834566 0.1842143777)
(1 0.857834566 0.1842143777)
(1.1 0.857834566 0.1842143777)
(1.2 0.857834566 0.1842143777)
(1.3 0.857834566 0.1842143777)
(1.4 0.857834566 0.1842143777)
(1.5 0.857834566 0.1842143777)
(1.6 0.857834566 0.1842143777)
(1.7 0.857834566 0.1842143777)
(1.8 0.857834566 0.1842143777)
(1.9 0.857834566 0.1842143777)
(2 0.857834566 0.1842143777)
(0 0.9265341063 0.1842143777)
(0.1 0.9265341063 0.1842143777)
(0.2 0.9265341063 0.1842143777)
(0.3 0.9265341063 0.1842143777)
(0.4 0.9265341063 0.1842143777)
(0.5 0.9265341063 0.1842143777)
(0.6 0.9265341063 0.1842143777)
(0.7 0.9265341063 0.1842143777)
(0.8 0.9265341063 0.1842143777)
(0.9 0.9265341063 0.1842143777)
(1 0.9265341063 0.1842143777)
(1.1 0.9265341063 0.1842143777)
(1.2 0.9265341063 0.1842143777)
(1.3 0.9265341063 0.1842143777)
(1.4 0.9265341063 0.1842143777)
(1.5 0.9265341063 0.1842143777)
(1.6 0.9265341063 0.1842143777)
(1.7 0.9265341063 0.1842143777)
(1.8 0.9265341063 0.1842143777)
(1.9 0.9265341063 0.1842143777)
(2 0.9265341063 0.1842143777)
(0 1 0.1842143777)
(0.1 1 0.1842143777)
(0.2 1 0.1842143777)
(0.3 1 0.1842143777)
(0.4 1 0.1842143777)
(0.5 1 0.1842143777)
(0.6 1 0.1842143777)
(0.7 1 0.1842143777)
(0.8 1 0.1842143777)
(0.9 1 0.1842143777)
(1 1 0.1842143777)
(1.1 1 0.1842143777)
(1.2 1 0.1842143777)
(1.3 1 0.1842143777)
(1.4 1 0.1842143777)
(1.5 1 0.1842143777)
(1.6 1 0.1842143777)
(1.7 1 0.1842143777)
(1.8 1 0.1842143777)
(1.9 1 0.1842143777)
(2 1 0.1842143777)
(0 0 0.2061783524)
(0.1 0 0.2061783524)
(0.2 0 0.2061783524)
(0.3 0 0.2061783524)
(0.4 0 0.2061783524)
(0.5 0 0.2061783524)
(0.6 0 0.2061783524)
(0.7 0 0.2061783524)
(0.8 0 0.2061783524)
(0.9 0 0.2061783524)
(1 0 0.2061783524)
(1.1 0 0.2061783524)
(1.2 0 0.2061783524)
(1.3 0 0.2061783524)
(1.4 0 0.2061783524)
(1.5 0 0.2061783524)
(1.6 0 0.2061783524)
(1.7 0 0.2061783524)
(1.8 0 0.2061783524)
(1.9 0 0.2061783524)
(2 0 0.2061783524)
(0 0.009183236716 0.2061783524)
(0.1 0.009183236716 0.2061783524)
(0.2 0.009183236716 0.2061783524)
(0.3 0.009183236716 0.2061783524)
(0.4 0.009183236716 0.2061783524)
(0.5 0.009183236716 0.2061783524)
(0.6 0.009183236716 0.2061783524)
(0.7 0.009183236716 0.2061783524)
(0.8 0.009183236716 0.2061783524)
(0.9 0.009183236716 0.2061783524)
(1 0.009183236716 0.2061783524)
(1.1 0.009183236716 0.2061783524)
(1.2 0.009183236716 0.2061783524)
(1.3 0.009183236716 0.2061783524)
(1.4 0.009183236716 0.2061783524)
(1.5 0.009183236716 0.2061783524)
(1.6 0.009183236716 0.2061783524)
(1.7 0.009183236716 0.2061783524)
(1.8 0.009183236716 0.2061783524)
(1.9 0.009183236716 0.2061783524)
(2 0.009183236716 0.2061783524)
(0 0.01900360363 0.2061783524)
(0.1 0.01900360363 0.2061783524)
(0.2 0.01900360363 0.2061783524)
(0.3 0.01900360363 0.2061783524)
(0.4 0.01900360363 0.2061783524)
(0.5 0.01900360363 0.2061783524)
(0.6 0.01900360363 0.2061783524)
(0.7 0.01900360363 0.2061783524)
(0.8 0.01900360363 0.2061783524)
(0.9 0.01900360363 0.2061783524)
(1 0.01900360363 0.2061783524)
(1.1 0.01900360363 0.2061783524)
(1.2 0.01900360363 0.2061783524)
(1.3 0.01900360363 0.2061783524)
(1.4 0.01900360363 0.2061783524)
(1.5 0.01900360363 0.2061783524)
(1.6 0.01900360363 0.2061783524)
(1.7 0.01900360363 0.2061783524)
(1.8 0.01900360363 0.2061783524)
(1.9 0.01900360363 0.2061783524)
(2 0.01900360363 0.2061783524)
(0 0.02950530463 0.2061783524)
(0.1 0.02950530463 0.2061783524)
(0.2 0.02950530463 0.2061783524)
(0.3 0.02950530463 0.2061783524)
(0.4 0.02950530463 0.2061783524)
(0.5 0.02950530463 0.2061783524)
(0.6 0.02950530463 0.2061783524)
(0.7 0.02950530463 0.2061783524)
(0.8 0.02950530463 0.2061783524)
(0.9 0.02950530463 0.2061783524)
(1 0.02950530463 0.2061783524)
(1.1 0.02950530463 0.2061783524)
(1.2 0.02950530463 0.2061783524)
(1.3 0.02950530463 0.2061783524)
(1.4 0.02950530463 0.2061783524)
(1.5 0.02950530463 0.2061783524)
(1.6 0.02950530463 0.2061783524)
(1.7 0.02950530463 0.2061783524)
(1.8 0.02950530463 0.2061783524)
(1.9 0.02950530463 0.2061783524)
(2 0.02950530463 0.2061783524)
(0 0.04073561049 0.2061783524)
(0.1 0.04073561049 0.2061783524)
(0.2 0.04073561049 0.2061783524)
(0.3 0.04073561049 0.2061783524)
(0.4 0.04073561049 0.2061783524)
(0.5 0.04073561049 0.2061783524)
(0.6 0.04073561049 0.2061783524)
(0.7 0.04073561049 0.2061783524)
(0.8 0.04073561049 0.2061783524)
(0.9 0.04073561049 0.2061783524)
(1 0.04073561049 0.2061783524)
(1.1 0.04073561049 0.2061783524)
(1.2 0.04073561049 0.2061783524)
(1.3 0.04073561049 0.2061783524)
(1.4 0.04073561049 0.2061783524)
(1.5 0.04073561049 0.2061783524)
(1.6 0.04073561049 0.2061783524)
(1.7 0.04073561049 0.2061783524)
(1.8 0.04073561049 0.2061783524)
(1.9 0.04073561049 0.2061783524)
(2 0.04073561049 0.2061783524)
(0 0.05274507158 0.2061783524)
(0.1 0.05274507158 0.2061783524)
(0.2 0.05274507158 0.2061783524)
(0.3 0.05274507158 0.2061783524)
(0.4 0.05274507158 0.2061783524)
(0.5 0.05274507158 0.2061783524)
(0.6 0.05274507158 0.2061783524)
(0.7 0.05274507158 0.2061783524)
(0.8 0.05274507158 0.2061783524)
(0.9 0.05274507158 0.2061783524)
(1 0.05274507158 0.2061783524)
(1.1 0.05274507158 0.2061783524)
(1.2 0.05274507158 0.2061783524)
(1.3 0.05274507158 0.2061783524)
(1.4 0.05274507158 0.2061783524)
(1.5 0.05274507158 0.2061783524)
(1.6 0.05274507158 0.2061783524)
(1.7 0.05274507158 0.2061783524)
(1.8 0.05274507158 0.2061783524)
(1.9 0.05274507158 0.2061783524)
(2 0.05274507158 0.2061783524)
(0 0.06558774547 0.2061783524)
(0.1 0.06558774547 0.2061783524)
(0.2 0.06558774547 0.2061783524)
(0.3 0.06558774547 0.2061783524)
(0.4 0.06558774547 0.2061783524)
(0.5 0.06558774547 0.2061783524)
(0.6 0.06558774547 0.2061783524)
(0.7 0.06558774547 0.2061783524)
(0.8 0.06558774547 0.2061783524)
(0.9 0.06558774547 0.2061783524)
(1 0.06558774547 0.2061783524)
(1.1 0.06558774547 0.2061783524)
(1.2 0.06558774547 0.2061783524)
(1.3 0.06558774547 0.2061783524)
(1.4 0.06558774547 0.2061783524)
(1.5 0.06558774547 0.2061783524)
(1.6 0.06558774547 0.2061783524)
(1.7 0.06558774547 0.2061783524)
(1.8 0.06558774547 0.2061783524)
(1.9 0.06558774547 0.2061783524)
(2 0.06558774547 0.2061783524)
(0 0.07932144019 0.2061783524)
(0.1 0.07932144019 0.2061783524)
(0.2 0.07932144019 0.2061783524)
(0.3 0.07932144019 0.2061783524)
(0.4 0.07932144019 0.2061783524)
(0.5 0.07932144019 0.2061783524)
(0.6 0.07932144019 0.2061783524)
(0.7 0.07932144019 0.2061783524)
(0.8 0.07932144019 0.2061783524)
(0.9 0.07932144019 0.2061783524)
(1 0.07932144019 0.2061783524)
(1.1 0.07932144019 0.2061783524)
(1.2 0.07932144019 0.2061783524)
(1.3 0.07932144019 0.2061783524)
(1.4 0.07932144019 0.2061783524)
(1.5 0.07932144019 0.2061783524)
(1.6 0.07932144019 0.2061783524)
(1.7 0.07932144019 0.2061783524)
(1.8 0.07932144019 0.2061783524)
(1.9 0.07932144019 0.2061783524)
(2 0.07932144019 0.2061783524)
(0 0.09400797452 0.2061783524)
(0.1 0.09400797452 0.2061783524)
(0.2 0.09400797452 0.2061783524)
(0.3 0.09400797452 0.2061783524)
(0.4 0.09400797452 0.2061783524)
(0.5 0.09400797452 0.2061783524)
(0.6 0.09400797452 0.2061783524)
(0.7 0.09400797452 0.2061783524)
(0.8 0.09400797452 0.2061783524)
(0.9 0.09400797452 0.2061783524)
(1 0.09400797452 0.2061783524)
(1.1 0.09400797452 0.2061783524)
(1.2 0.09400797452 0.2061783524)
(1.3 0.09400797452 0.2061783524)
(1.4 0.09400797452 0.2061783524)
(1.5 0.09400797452 0.2061783524)
(1.6 0.09400797452 0.2061783524)
(1.7 0.09400797452 0.2061783524)
(1.8 0.09400797452 0.2061783524)
(1.9 0.09400797452 0.2061783524)
(2 0.09400797452 0.2061783524)
(0 0.1097134562 0.2061783524)
(0.1 0.1097134562 0.2061783524)
(0.2 0.1097134562 0.2061783524)
(0.3 0.1097134562 0.2061783524)
(0.4 0.1097134562 0.2061783524)
(0.5 0.1097134562 0.2061783524)
(0.6 0.1097134562 0.2061783524)
(0.7 0.1097134562 0.2061783524)
(0.8 0.1097134562 0.2061783524)
(0.9 0.1097134562 0.2061783524)
(1 0.1097134562 0.2061783524)
(1.1 0.1097134562 0.2061783524)
(1.2 0.1097134562 0.2061783524)
(1.3 0.1097134562 0.2061783524)
(1.4 0.1097134562 0.2061783524)
(1.5 0.1097134562 0.2061783524)
(1.6 0.1097134562 0.2061783524)
(1.7 0.1097134562 0.2061783524)
(1.8 0.1097134562 0.2061783524)
(1.9 0.1097134562 0.2061783524)
(2 0.1097134562 0.2061783524)
(0 0.1265085794 0.2061783524)
(0.1 0.1265085794 0.2061783524)
(0.2 0.1265085794 0.2061783524)
(0.3 0.1265085794 0.2061783524)
(0.4 0.1265085794 0.2061783524)
(0.5 0.1265085794 0.2061783524)
(0.6 0.1265085794 0.2061783524)
(0.7 0.1265085794 0.2061783524)
(0.8 0.1265085794 0.2061783524)
(0.9 0.1265085794 0.2061783524)
(1 0.1265085794 0.2061783524)
(1.1 0.1265085794 0.2061783524)
(1.2 0.1265085794 0.2061783524)
(1.3 0.1265085794 0.2061783524)
(1.4 0.1265085794 0.2061783524)
(1.5 0.1265085794 0.2061783524)
(1.6 0.1265085794 0.2061783524)
(1.7 0.1265085794 0.2061783524)
(1.8 0.1265085794 0.2061783524)
(1.9 0.1265085794 0.2061783524)
(2 0.1265085794 0.2061783524)
(0 0.1444689432 0.2061783524)
(0.1 0.1444689432 0.2061783524)
(0.2 0.1444689432 0.2061783524)
(0.3 0.1444689432 0.2061783524)
(0.4 0.1444689432 0.2061783524)
(0.5 0.1444689432 0.2061783524)
(0.6 0.1444689432 0.2061783524)
(0.7 0.1444689432 0.2061783524)
(0.8 0.1444689432 0.2061783524)
(0.9 0.1444689432 0.2061783524)
(1 0.1444689432 0.2061783524)
(1.1 0.1444689432 0.2061783524)
(1.2 0.1444689432 0.2061783524)
(1.3 0.1444689432 0.2061783524)
(1.4 0.1444689432 0.2061783524)
(1.5 0.1444689432 0.2061783524)
(1.6 0.1444689432 0.2061783524)
(1.7 0.1444689432 0.2061783524)
(1.8 0.1444689432 0.2061783524)
(1.9 0.1444689432 0.2061783524)
(2 0.1444689432 0.2061783524)
(0 0.1636753917 0.2061783524)
(0.1 0.1636753917 0.2061783524)
(0.2 0.1636753917 0.2061783524)
(0.3 0.1636753917 0.2061783524)
(0.4 0.1636753917 0.2061783524)
(0.5 0.1636753917 0.2061783524)
(0.6 0.1636753917 0.2061783524)
(0.7 0.1636753917 0.2061783524)
(0.8 0.1636753917 0.2061783524)
(0.9 0.1636753917 0.2061783524)
(1 0.1636753917 0.2061783524)
(1.1 0.1636753917 0.2061783524)
(1.2 0.1636753917 0.2061783524)
(1.3 0.1636753917 0.2061783524)
(1.4 0.1636753917 0.2061783524)
(1.5 0.1636753917 0.2061783524)
(1.6 0.1636753917 0.2061783524)
(1.7 0.1636753917 0.2061783524)
(1.8 0.1636753917 0.2061783524)
(1.9 0.1636753917 0.2061783524)
(2 0.1636753917 0.2061783524)
(0 0.1842143777 0.2061783524)
(0.1 0.1842143777 0.2061783524)
(0.2 0.1842143777 0.2061783524)
(0.3 0.1842143777 0.2061783524)
(0.4 0.1842143777 0.2061783524)
(0.5 0.1842143777 0.2061783524)
(0.6 0.1842143777 0.2061783524)
(0.7 0.1842143777 0.2061783524)
(0.8 0.1842143777 0.2061783524)
(0.9 0.1842143777 0.2061783524)
(1 0.1842143777 0.2061783524)
(1.1 0.1842143777 0.2061783524)
(1.2 0.1842143777 0.2061783524)
(1.3 0.1842143777 0.2061783524)
(1.4 0.1842143777 0.2061783524)
(1.5 0.1842143777 0.2061783524)
(1.6 0.1842143777 0.2061783524)
(1.7 0.1842143777 0.2061783524)
(1.8 0.1842143777 0.2061783524)
(1.9 0.1842143777 0.2061783524)
(2 0.1842143777 0.2061783524)
(0 0.2061783524 0.2061783524)
(0.1 0.2061783524 0.2061783524)
(0.2 0.2061783524 0.2061783524)
(0.3 0.2061783524 0.2061783524)
(0.4 0.2061783524 0.2061783524)
(0.5 0.2061783524 0.2061783524)
(0.6 0.2061783524 0.2061783524)
(0.7 0.2061783524 0.2061783524)
(0.8 0.2061783524 0.2061783524)
(0.9 0.2061783524 0.2061783524)
(1 0.2061783524 0.2061783524)
(1.1 0.2061783524 0.2061783524)
(1.2 0.2061783524 0.2061783524)
(1.3 0.2061783524 0.2061783524)
(1.4 0.2061783524 0.2061783524)
(1.5 0.2061783524 0.2061783524)
(1.6 0.2061783524 0.2061783524)
(1.7 0.2061783524 0.2061783524)
(1.8 0.2061783524 0.2061783524)
(1.9 0.2061783524 0.2061783524)
(2 0.2061783524 0.2061783524)
(0 0.2296661811 0.2061783524)
(0.1 0.2296661811 0.2061783524)
(0.2 0.2296661811 0.2061783524)
(0.3 0.2296661811 0.2061783524)
(0.4 0.2296661811 0.2061783524)
(0.5 0.2296661811 0.2061783524)
(0.6 0.2296661811 0.2061783524)
(0.7 0.2296661811 0.2061783524)
(0.8 0.2296661811 0.2061783524)
(0.9 0.2296661811 0.2061783524)
(1 0.2296661811 0.2061783524)
(1.1 0.2296661811 0.2061783524)
(1.2 0.2296661811 0.2061783524)
(1.3 0.2296661811 0.2061783524)
(1.4 0.2296661811 0.2061783524)
(1.5 0.2296661811 0.2061783524)
(1.6 0.2296661811 0.2061783524)
(1.7 0.2296661811 0.2061783524)
(1.8 0.2296661811 0.2061783524)
(1.9 0.2296661811 0.2061783524)
(2 0.2296661811 0.2061783524)
(0 0.2547835882 0.2061783524)
(0.1 0.2547835882 0.2061783524)
(0.2 0.2547835882 0.2061783524)
(0.3 0.2547835882 0.2061783524)
(0.4 0.2547835882 0.2061783524)
(0.5 0.2547835882 0.2061783524)
(0.6 0.2547835882 0.2061783524)
(0.7 0.2547835882 0.2061783524)
(0.8 0.2547835882 0.2061783524)
(0.9 0.2547835882 0.2061783524)
(1 0.2547835882 0.2061783524)
(1.1 0.2547835882 0.2061783524)
(1.2 0.2547835882 0.2061783524)
(1.3 0.2547835882 0.2061783524)
(1.4 0.2547835882 0.2061783524)
(1.5 0.2547835882 0.2061783524)
(1.6 0.2547835882 0.2061783524)
(1.7 0.2547835882 0.2061783524)
(1.8 0.2547835882 0.2061783524)
(1.9 0.2547835882 0.2061783524)
(2 0.2547835882 0.2061783524)
(0 0.2816436335 0.2061783524)
(0.1 0.2816436335 0.2061783524)
(0.2 0.2816436335 0.2061783524)
(0.3 0.2816436335 0.2061783524)
(0.4 0.2816436335 0.2061783524)
(0.5 0.2816436335 0.2061783524)
(0.6 0.2816436335 0.2061783524)
(0.7 0.2816436335 0.2061783524)
(0.8 0.2816436335 0.2061783524)
(0.9 0.2816436335 0.2061783524)
(1 0.2816436335 0.2061783524)
(1.1 0.2816436335 0.2061783524)
(1.2 0.2816436335 0.2061783524)
(1.3 0.2816436335 0.2061783524)
(1.4 0.2816436335 0.2061783524)
(1.5 0.2816436335 0.2061783524)
(1.6 0.2816436335 0.2061783524)
(1.7 0.2816436335 0.2061783524)
(1.8 0.2816436335 0.2061783524)
(1.9 0.2816436335 0.2061783524)
(2 0.2816436335 0.2061783524)
(0 0.3103672206 0.2061783524)
(0.1 0.3103672206 0.2061783524)
(0.2 0.3103672206 0.2061783524)
(0.3 0.3103672206 0.2061783524)
(0.4 0.3103672206 0.2061783524)
(0.5 0.3103672206 0.2061783524)
(0.6 0.3103672206 0.2061783524)
(0.7 0.3103672206 0.2061783524)
(0.8 0.3103672206 0.2061783524)
(0.9 0.3103672206 0.2061783524)
(1 0.3103672206 0.2061783524)
(1.1 0.3103672206 0.2061783524)
(1.2 0.3103672206 0.2061783524)
(1.3 0.3103672206 0.2061783524)
(1.4 0.3103672206 0.2061783524)
(1.5 0.3103672206 0.2061783524)
(1.6 0.3103672206 0.2061783524)
(1.7 0.3103672206 0.2061783524)
(1.8 0.3103672206 0.2061783524)
(1.9 0.3103672206 0.2061783524)
(2 0.3103672206 0.2061783524)
(0 0.3410836415 0.2061783524)
(0.1 0.3410836415 0.2061783524)
(0.2 0.3410836415 0.2061783524)
(0.3 0.3410836415 0.2061783524)
(0.4 0.3410836415 0.2061783524)
(0.5 0.3410836415 0.2061783524)
(0.6 0.3410836415 0.2061783524)
(0.7 0.3410836415 0.2061783524)
(0.8 0.3410836415 0.2061783524)
(0.9 0.3410836415 0.2061783524)
(1 0.3410836415 0.2061783524)
(1.1 0.3410836415 0.2061783524)
(1.2 0.3410836415 0.2061783524)
(1.3 0.3410836415 0.2061783524)
(1.4 0.3410836415 0.2061783524)
(1.5 0.3410836415 0.2061783524)
(1.6 0.3410836415 0.2061783524)
(1.7 0.3410836415 0.2061783524)
(1.8 0.3410836415 0.2061783524)
(1.9 0.3410836415 0.2061783524)
(2 0.3410836415 0.2061783524)
(0 0.3739311585 0.2061783524)
(0.1 0.3739311585 0.2061783524)
(0.2 0.3739311585 0.2061783524)
(0.3 0.3739311585 0.2061783524)
(0.4 0.3739311585 0.2061783524)
(0.5 0.3739311585 0.2061783524)
(0.6 0.3739311585 0.2061783524)
(0.7 0.3739311585 0.2061783524)
(0.8 0.3739311585 0.2061783524)
(0.9 0.3739311585 0.2061783524)
(1 0.3739311585 0.2061783524)
(1.1 0.3739311585 0.2061783524)
(1.2 0.3739311585 0.2061783524)
(1.3 0.3739311585 0.2061783524)
(1.4 0.3739311585 0.2061783524)
(1.5 0.3739311585 0.2061783524)
(1.6 0.3739311585 0.2061783524)
(1.7 0.3739311585 0.2061783524)
(1.8 0.3739311585 0.2061783524)
(1.9 0.3739311585 0.2061783524)
(2 0.3739311585 0.2061783524)
(0 0.4090576263 0.2061783524)
(0.1 0.4090576263 0.2061783524)
(0.2 0.4090576263 0.2061783524)
(0.3 0.4090576263 0.2061783524)
(0.4 0.4090576263 0.2061783524)
(0.5 0.4090576263 0.2061783524)
(0.6 0.4090576263 0.2061783524)
(0.7 0.4090576263 0.2061783524)
(0.8 0.4090576263 0.2061783524)
(0.9 0.4090576263 0.2061783524)
(1 0.4090576263 0.2061783524)
(1.1 0.4090576263 0.2061783524)
(1.2 0.4090576263 0.2061783524)
(1.3 0.4090576263 0.2061783524)
(1.4 0.4090576263 0.2061783524)
(1.5 0.4090576263 0.2061783524)
(1.6 0.4090576263 0.2061783524)
(1.7 0.4090576263 0.2061783524)
(1.8 0.4090576263 0.2061783524)
(1.9 0.4090576263 0.2061783524)
(2 0.4090576263 0.2061783524)
(0 0.4466211578 0.2061783524)
(0.1 0.4466211578 0.2061783524)
(0.2 0.4466211578 0.2061783524)
(0.3 0.4466211578 0.2061783524)
(0.4 0.4466211578 0.2061783524)
(0.5 0.4466211578 0.2061783524)
(0.6 0.4466211578 0.2061783524)
(0.7 0.4466211578 0.2061783524)
(0.8 0.4466211578 0.2061783524)
(0.9 0.4466211578 0.2061783524)
(1 0.4466211578 0.2061783524)
(1.1 0.4466211578 0.2061783524)
(1.2 0.4466211578 0.2061783524)
(1.3 0.4466211578 0.2061783524)
(1.4 0.4466211578 0.2061783524)
(1.5 0.4466211578 0.2061783524)
(1.6 0.4466211578 0.2061783524)
(1.7 0.4466211578 0.2061783524)
(1.8 0.4466211578 0.2061783524)
(1.9 0.4466211578 0.2061783524)
(2 0.4466211578 0.2061783524)
(0 0.4867908358 0.2061783524)
(0.1 0.4867908358 0.2061783524)
(0.2 0.4867908358 0.2061783524)
(0.3 0.4867908358 0.2061783524)
(0.4 0.4867908358 0.2061783524)
(0.5 0.4867908358 0.2061783524)
(0.6 0.4867908358 0.2061783524)
(0.7 0.4867908358 0.2061783524)
(0.8 0.4867908358 0.2061783524)
(0.9 0.4867908358 0.2061783524)
(1 0.4867908358 0.2061783524)
(1.1 0.4867908358 0.2061783524)
(1.2 0.4867908358 0.2061783524)
(1.3 0.4867908358 0.2061783524)
(1.4 0.4867908358 0.2061783524)
(1.5 0.4867908358 0.2061783524)
(1.6 0.4867908358 0.2061783524)
(1.7 0.4867908358 0.2061783524)
(1.8 0.4867908358 0.2061783524)
(1.9 0.4867908358 0.2061783524)
(2 0.4867908358 0.2061783524)
(0 0.529747474 0.2061783524)
(0.1 0.529747474 0.2061783524)
(0.2 0.529747474 0.2061783524)
(0.3 0.529747474 0.2061783524)
(0.4 0.529747474 0.2061783524)
(0.5 0.529747474 0.2061783524)
(0.6 0.529747474 0.2061783524)
(0.7 0.529747474 0.2061783524)
(0.8 0.529747474 0.2061783524)
(0.9 0.529747474 0.2061783524)
(1 0.529747474 0.2061783524)
(1.1 0.529747474 0.2061783524)
(1.2 0.529747474 0.2061783524)
(1.3 0.529747474 0.2061783524)
(1.4 0.529747474 0.2061783524)
(1.5 0.529747474 0.2061783524)
(1.6 0.529747474 0.2061783524)
(1.7 0.529747474 0.2061783524)
(1.8 0.529747474 0.2061783524)
(1.9 0.529747474 0.2061783524)
(2 0.529747474 0.2061783524)
(0 0.5756844308 0.2061783524)
(0.1 0.5756844308 0.2061783524)
(0.2 0.5756844308 0.2061783524)
(0.3 0.5756844308 0.2061783524)
(0.4 0.5756844308 0.2061783524)
(0.5 0.5756844308 0.2061783524)
(0.6 0.5756844308 0.2061783524)
(0.7 0.5756844308 0.2061783524)
(0.8 0.5756844308 0.2061783524)
(0.9 0.5756844308 0.2061783524)
(1 0.5756844308 0.2061783524)
(1.1 0.5756844308 0.2061783524)
(1.2 0.5756844308 0.2061783524)
(1.3 0.5756844308 0.2061783524)
(1.4 0.5756844308 0.2061783524)
(1.5 0.5756844308 0.2061783524)
(1.6 0.5756844308 0.2061783524)
(1.7 0.5756844308 0.2061783524)
(1.8 0.5756844308 0.2061783524)
(1.9 0.5756844308 0.2061783524)
(2 0.5756844308 0.2061783524)
(0 0.6248084798 0.2061783524)
(0.1 0.6248084798 0.2061783524)
(0.2 0.6248084798 0.2061783524)
(0.3 0.6248084798 0.2061783524)
(0.4 0.6248084798 0.2061783524)
(0.5 0.6248084798 0.2061783524)
(0.6 0.6248084798 0.2061783524)
(0.7 0.6248084798 0.2061783524)
(0.8 0.6248084798 0.2061783524)
(0.9 0.6248084798 0.2061783524)
(1 0.6248084798 0.2061783524)
(1.1 0.6248084798 0.2061783524)
(1.2 0.6248084798 0.2061783524)
(1.3 0.6248084798 0.2061783524)
(1.4 0.6248084798 0.2061783524)
(1.5 0.6248084798 0.2061783524)
(1.6 0.6248084798 0.2061783524)
(1.7 0.6248084798 0.2061783524)
(1.8 0.6248084798 0.2061783524)
(1.9 0.6248084798 0.2061783524)
(2 0.6248084798 0.2061783524)
(0 0.6773407405 0.2061783524)
(0.1 0.6773407405 0.2061783524)
(0.2 0.6773407405 0.2061783524)
(0.3 0.6773407405 0.2061783524)
(0.4 0.6773407405 0.2061783524)
(0.5 0.6773407405 0.2061783524)
(0.6 0.6773407405 0.2061783524)
(0.7 0.6773407405 0.2061783524)
(0.8 0.6773407405 0.2061783524)
(0.9 0.6773407405 0.2061783524)
(1 0.6773407405 0.2061783524)
(1.1 0.6773407405 0.2061783524)
(1.2 0.6773407405 0.2061783524)
(1.3 0.6773407405 0.2061783524)
(1.4 0.6773407405 0.2061783524)
(1.5 0.6773407405 0.2061783524)
(1.6 0.6773407405 0.2061783524)
(1.7 0.6773407405 0.2061783524)
(1.8 0.6773407405 0.2061783524)
(1.9 0.6773407405 0.2061783524)
(2 0.6773407405 0.2061783524)
(0 0.7335176736 0.2061783524)
(0.1 0.7335176736 0.2061783524)
(0.2 0.7335176736 0.2061783524)
(0.3 0.7335176736 0.2061783524)
(0.4 0.7335176736 0.2061783524)
(0.5 0.7335176736 0.2061783524)
(0.6 0.7335176736 0.2061783524)
(0.7 0.7335176736 0.2061783524)
(0.8 0.7335176736 0.2061783524)
(0.9 0.7335176736 0.2061783524)
(1 0.7335176736 0.2061783524)
(1.1 0.7335176736 0.2061783524)
(1.2 0.7335176736 0.2061783524)
(1.3 0.7335176736 0.2061783524)
(1.4 0.7335176736 0.2061783524)
(1.5 0.7335176736 0.2061783524)
(1.6 0.7335176736 0.2061783524)
(1.7 0.7335176736 0.2061783524)
(1.8 0.7335176736 0.2061783524)
(1.9 0.7335176736 0.2061783524)
(2 0.7335176736 0.2061783524)
(0 0.7935921454 0.2061783524)
(0.1 0.7935921454 0.2061783524)
(0.2 0.7935921454 0.2061783524)
(0.3 0.7935921454 0.2061783524)
(0.4 0.7935921454 0.2061783524)
(0.5 0.7935921454 0.2061783524)
(0.6 0.7935921454 0.2061783524)
(0.7 0.7935921454 0.2061783524)
(0.8 0.7935921454 0.2061783524)
(0.9 0.7935921454 0.2061783524)
(1 0.7935921454 0.2061783524)
(1.1 0.7935921454 0.2061783524)
(1.2 0.7935921454 0.2061783524)
(1.3 0.7935921454 0.2061783524)
(1.4 0.7935921454 0.2061783524)
(1.5 0.7935921454 0.2061783524)
(1.6 0.7935921454 0.2061783524)
(1.7 0.7935921454 0.2061783524)
(1.8 0.7935921454 0.2061783524)
(1.9 0.7935921454 0.2061783524)
(2 0.7935921454 0.2061783524)
(0 0.857834566 0.2061783524)
(0.1 0.857834566 0.2061783524)
(0.2 0.857834566 0.2061783524)
(0.3 0.857834566 0.2061783524)
(0.4 0.857834566 0.2061783524)
(0.5 0.857834566 0.2061783524)
(0.6 0.857834566 0.2061783524)
(0.7 0.857834566 0.2061783524)
(0.8 0.857834566 0.2061783524)
(0.9 0.857834566 0.2061783524)
(1 0.857834566 0.2061783524)
(1.1 0.857834566 0.2061783524)
(1.2 0.857834566 0.2061783524)
(1.3 0.857834566 0.2061783524)
(1.4 0.857834566 0.2061783524)
(1.5 0.857834566 0.2061783524)
(1.6 0.857834566 0.2061783524)
(1.7 0.857834566 0.2061783524)
(1.8 0.857834566 0.2061783524)
(1.9 0.857834566 0.2061783524)
(2 0.857834566 0.2061783524)
(0 0.9265341063 0.2061783524)
(0.1 0.9265341063 0.2061783524)
(0.2 0.9265341063 0.2061783524)
(0.3 0.9265341063 0.2061783524)
(0.4 0.9265341063 0.2061783524)
(0.5 0.9265341063 0.2061783524)
(0.6 0.9265341063 0.2061783524)
(0.7 0.9265341063 0.2061783524)
(0.8 0.9265341063 0.2061783524)
(0.9 0.9265341063 0.2061783524)
(1 0.9265341063 0.2061783524)
(1.1 0.9265341063 0.2061783524)
(1.2 0.9265341063 0.2061783524)
(1.3 0.9265341063 0.2061783524)
(1.4 0.9265341063 0.2061783524)
(1.5 0.9265341063 0.2061783524)
(1.6 0.9265341063 0.2061783524)
(1.7 0.9265341063 0.2061783524)
(1.8 0.9265341063 0.2061783524)
(1.9 0.9265341063 0.2061783524)
(2 0.9265341063 0.2061783524)
(0 1 0.2061783524)
(0.1 1 0.2061783524)
(0.2 1 0.2061783524)
(0.3 1 0.2061783524)
(0.4 1 0.2061783524)
(0.5 1 0.2061783524)
(0.6 1 0.2061783524)
(0.7 1 0.2061783524)
(0.8 1 0.2061783524)
(0.9 1 0.2061783524)
(1 1 0.2061783524)
(1.1 1 0.2061783524)
(1.2 1 0.2061783524)
(1.3 1 0.2061783524)
(1.4 1 0.2061783524)
(1.5 1 0.2061783524)
(1.6 1 0.2061783524)
(1.7 1 0.2061783524)
(1.8 1 0.2061783524)
(1.9 1 0.2061783524)
(2 1 0.2061783524)
(0 0 0.2296661811)
(0.1 0 0.2296661811)
(0.2 0 0.2296661811)
(0.3 0 0.2296661811)
(0.4 0 0.2296661811)
(0.5 0 0.2296661811)
(0.6 0 0.2296661811)
(0.7 0 0.2296661811)
(0.8 0 0.2296661811)
(0.9 0 0.2296661811)
(1 0 0.2296661811)
(1.1 0 0.2296661811)
(1.2 0 0.2296661811)
(1.3 0 0.2296661811)
(1.4 0 0.2296661811)
(1.5 0 0.2296661811)
(1.6 0 0.2296661811)
(1.7 0 0.2296661811)
(1.8 0 0.2296661811)
(1.9 0 0.2296661811)
(2 0 0.2296661811)
(0 0.009183236716 0.2296661811)
(0.1 0.009183236716 0.2296661811)
(0.2 0.009183236716 0.2296661811)
(0.3 0.009183236716 0.2296661811)
(0.4 0.009183236716 0.2296661811)
(0.5 0.009183236716 0.2296661811)
(0.6 0.009183236716 0.2296661811)
(0.7 0.009183236716 0.2296661811)
(0.8 0.009183236716 0.2296661811)
(0.9 0.009183236716 0.2296661811)
(1 0.009183236716 0.2296661811)
(1.1 0.009183236716 0.2296661811)
(1.2 0.009183236716 0.2296661811)
(1.3 0.009183236716 0.2296661811)
(1.4 0.009183236716 0.2296661811)
(1.5 0.009183236716 0.2296661811)
(1.6 0.009183236716 0.2296661811)
(1.7 0.009183236716 0.2296661811)
(1.8 0.009183236716 0.2296661811)
(1.9 0.009183236716 0.2296661811)
(2 0.009183236716 0.2296661811)
(0 0.01900360363 0.2296661811)
(0.1 0.01900360363 0.2296661811)
(0.2 0.01900360363 0.2296661811)
(0.3 0.01900360363 0.2296661811)
(0.4 0.01900360363 0.2296661811)
(0.5 0.01900360363 0.2296661811)
(0.6 0.01900360363 0.2296661811)
(0.7 0.01900360363 0.2296661811)
(0.8 0.01900360363 0.2296661811)
(0.9 0.01900360363 0.2296661811)
(1 0.01900360363 0.2296661811)
(1.1 0.01900360363 0.2296661811)
(1.2 0.01900360363 0.2296661811)
(1.3 0.01900360363 0.2296661811)
(1.4 0.01900360363 0.2296661811)
(1.5 0.01900360363 0.2296661811)
(1.6 0.01900360363 0.2296661811)
(1.7 0.01900360363 0.2296661811)
(1.8 0.01900360363 0.2296661811)
(1.9 0.01900360363 0.2296661811)
(2 0.01900360363 0.2296661811)
(0 0.02950530463 0.2296661811)
(0.1 0.02950530463 0.2296661811)
(0.2 0.02950530463 0.2296661811)
(0.3 0.02950530463 0.2296661811)
(0.4 0.02950530463 0.2296661811)
(0.5 0.02950530463 0.2296661811)
(0.6 0.02950530463 0.2296661811)
(0.7 0.02950530463 0.2296661811)
(0.8 0.02950530463 0.2296661811)
(0.9 0.02950530463 0.2296661811)
(1 0.02950530463 0.2296661811)
(1.1 0.02950530463 0.2296661811)
(1.2 0.02950530463 0.2296661811)
(1.3 0.02950530463 0.2296661811)
(1.4 0.02950530463 0.2296661811)
(1.5 0.02950530463 0.2296661811)
(1.6 0.02950530463 0.2296661811)
(1.7 0.02950530463 0.2296661811)
(1.8 0.02950530463 0.2296661811)
(1.9 0.02950530463 0.2296661811)
(2 0.02950530463 0.2296661811)
(0 0.04073561049 0.2296661811)
(0.1 0.04073561049 0.2296661811)
(0.2 0.04073561049 0.2296661811)
(0.3 0.04073561049 0.2296661811)
(0.4 0.04073561049 0.2296661811)
(0.5 0.04073561049 0.2296661811)
(0.6 0.04073561049 0.2296661811)
(0.7 0.04073561049 0.2296661811)
(0.8 0.04073561049 0.2296661811)
(0.9 0.04073561049 0.2296661811)
(1 0.04073561049 0.2296661811)
(1.1 0.04073561049 0.2296661811)
(1.2 0.04073561049 0.2296661811)
(1.3 0.04073561049 0.2296661811)
(1.4 0.04073561049 0.2296661811)
(1.5 0.04073561049 0.2296661811)
(1.6 0.04073561049 0.2296661811)
(1.7 0.04073561049 0.2296661811)
(1.8 0.04073561049 0.2296661811)
(1.9 0.04073561049 0.2296661811)
(2 0.04073561049 0.2296661811)
(0 0.05274507158 0.2296661811)
(0.1 0.05274507158 0.2296661811)
(0.2 0.05274507158 0.2296661811)
(0.3 0.05274507158 0.2296661811)
(0.4 0.05274507158 0.2296661811)
(0.5 0.05274507158 0.2296661811)
(0.6 0.05274507158 0.2296661811)
(0.7 0.05274507158 0.2296661811)
(0.8 0.05274507158 0.2296661811)
(0.9 0.05274507158 0.2296661811)
(1 0.05274507158 0.2296661811)
(1.1 0.05274507158 0.2296661811)
(1.2 0.05274507158 0.2296661811)
(1.3 0.05274507158 0.2296661811)
(1.4 0.05274507158 0.2296661811)
(1.5 0.05274507158 0.2296661811)
(1.6 0.05274507158 0.2296661811)
(1.7 0.05274507158 0.2296661811)
(1.8 0.05274507158 0.2296661811)
(1.9 0.05274507158 0.2296661811)
(2 0.05274507158 0.2296661811)
(0 0.06558774547 0.2296661811)
(0.1 0.06558774547 0.2296661811)
(0.2 0.06558774547 0.2296661811)
(0.3 0.06558774547 0.2296661811)
(0.4 0.06558774547 0.2296661811)
(0.5 0.06558774547 0.2296661811)
(0.6 0.06558774547 0.2296661811)
(0.7 0.06558774547 0.2296661811)
(0.8 0.06558774547 0.2296661811)
(0.9 0.06558774547 0.2296661811)
(1 0.06558774547 0.2296661811)
(1.1 0.06558774547 0.2296661811)
(1.2 0.06558774547 0.2296661811)
(1.3 0.06558774547 0.2296661811)
(1.4 0.06558774547 0.2296661811)
(1.5 0.06558774547 0.2296661811)
(1.6 0.06558774547 0.2296661811)
(1.7 0.06558774547 0.2296661811)
(1.8 0.06558774547 0.2296661811)
(1.9 0.06558774547 0.2296661811)
(2 0.06558774547 0.2296661811)
(0 0.07932144019 0.2296661811)
(0.1 0.07932144019 0.2296661811)
(0.2 0.07932144019 0.2296661811)
(0.3 0.07932144019 0.2296661811)
(0.4 0.07932144019 0.2296661811)
(0.5 0.07932144019 0.2296661811)
(0.6 0.07932144019 0.2296661811)
(0.7 0.07932144019 0.2296661811)
(0.8 0.07932144019 0.2296661811)
(0.9 0.07932144019 0.2296661811)
(1 0.07932144019 0.2296661811)
(1.1 0.07932144019 0.2296661811)
(1.2 0.07932144019 0.2296661811)
(1.3 0.07932144019 0.2296661811)
(1.4 0.07932144019 0.2296661811)
(1.5 0.07932144019 0.2296661811)
(1.6 0.07932144019 0.2296661811)
(1.7 0.07932144019 0.2296661811)
(1.8 0.07932144019 0.2296661811)
(1.9 0.07932144019 0.2296661811)
(2 0.07932144019 0.2296661811)
(0 0.09400797452 0.2296661811)
(0.1 0.09400797452 0.2296661811)
(0.2 0.09400797452 0.2296661811)
(0.3 0.09400797452 0.2296661811)
(0.4 0.09400797452 0.2296661811)
(0.5 0.09400797452 0.2296661811)
(0.6 0.09400797452 0.2296661811)
(0.7 0.09400797452 0.2296661811)
(0.8 0.09400797452 0.2296661811)
(0.9 0.09400797452 0.2296661811)
(1 0.09400797452 0.2296661811)
(1.1 0.09400797452 0.2296661811)
(1.2 0.09400797452 0.2296661811)
(1.3 0.09400797452 0.2296661811)
(1.4 0.09400797452 0.2296661811)
(1.5 0.09400797452 0.2296661811)
(1.6 0.09400797452 0.2296661811)
(1.7 0.09400797452 0.2296661811)
(1.8 0.09400797452 0.2296661811)
(1.9 0.09400797452 0.2296661811)
(2 0.09400797452 0.2296661811)
(0 0.1097134562 0.2296661811)
(0.1 0.1097134562 0.2296661811)
(0.2 0.1097134562 0.2296661811)
(0.3 0.1097134562 0.2296661811)
(0.4 0.1097134562 0.2296661811)
(0.5 0.1097134562 0.2296661811)
(0.6 0.1097134562 0.2296661811)
(0.7 0.1097134562 0.2296661811)
(0.8 0.1097134562 0.2296661811)
(0.9 0.1097134562 0.2296661811)
(1 0.1097134562 0.2296661811)
(1.1 0.1097134562 0.2296661811)
(1.2 0.1097134562 0.2296661811)
(1.3 0.1097134562 0.2296661811)
(1.4 0.1097134562 0.2296661811)
(1.5 0.1097134562 0.2296661811)
(1.6 0.1097134562 0.2296661811)
(1.7 0.1097134562 0.2296661811)
(1.8 0.1097134562 0.2296661811)
(1.9 0.1097134562 0.2296661811)
(2 0.1097134562 0.2296661811)
(0 0.1265085794 0.2296661811)
(0.1 0.1265085794 0.2296661811)
(0.2 0.1265085794 0.2296661811)
(0.3 0.1265085794 0.2296661811)
(0.4 0.1265085794 0.2296661811)
(0.5 0.1265085794 0.2296661811)
(0.6 0.1265085794 0.2296661811)
(0.7 0.1265085794 0.2296661811)
(0.8 0.1265085794 0.2296661811)
(0.9 0.1265085794 0.2296661811)
(1 0.1265085794 0.2296661811)
(1.1 0.1265085794 0.2296661811)
(1.2 0.1265085794 0.2296661811)
(1.3 0.1265085794 0.2296661811)
(1.4 0.1265085794 0.2296661811)
(1.5 0.1265085794 0.2296661811)
(1.6 0.1265085794 0.2296661811)
(1.7 0.1265085794 0.2296661811)
(1.8 0.1265085794 0.2296661811)
(1.9 0.1265085794 0.2296661811)
(2 0.1265085794 0.2296661811)
(0 0.1444689432 0.2296661811)
(0.1 0.1444689432 0.2296661811)
(0.2 0.1444689432 0.2296661811)
(0.3 0.1444689432 0.2296661811)
(0.4 0.1444689432 0.2296661811)
(0.5 0.1444689432 0.2296661811)
(0.6 0.1444689432 0.2296661811)
(0.7 0.1444689432 0.2296661811)
(0.8 0.1444689432 0.2296661811)
(0.9 0.1444689432 0.2296661811)
(1 0.1444689432 0.2296661811)
(1.1 0.1444689432 0.2296661811)
(1.2 0.1444689432 0.2296661811)
(1.3 0.1444689432 0.2296661811)
(1.4 0.1444689432 0.2296661811)
(1.5 0.1444689432 0.2296661811)
(1.6 0.1444689432 0.2296661811)
(1.7 0.1444689432 0.2296661811)
(1.8 0.1444689432 0.2296661811)
(1.9 0.1444689432 0.2296661811)
(2 0.1444689432 0.2296661811)
(0 0.1636753917 0.2296661811)
(0.1 0.1636753917 0.2296661811)
(0.2 0.1636753917 0.2296661811)
(0.3 0.1636753917 0.2296661811)
(0.4 0.1636753917 0.2296661811)
(0.5 0.1636753917 0.2296661811)
(0.6 0.1636753917 0.2296661811)
(0.7 0.1636753917 0.2296661811)
(0.8 0.1636753917 0.2296661811)
(0.9 0.1636753917 0.2296661811)
(1 0.1636753917 0.2296661811)
(1.1 0.1636753917 0.2296661811)
(1.2 0.1636753917 0.2296661811)
(1.3 0.1636753917 0.2296661811)
(1.4 0.1636753917 0.2296661811)
(1.5 0.1636753917 0.2296661811)
(1.6 0.1636753917 0.2296661811)
(1.7 0.1636753917 0.2296661811)
(1.8 0.1636753917 0.2296661811)
(1.9 0.1636753917 0.2296661811)
(2 0.1636753917 0.2296661811)
(0 0.1842143777 0.2296661811)
(0.1 0.1842143777 0.2296661811)
(0.2 0.1842143777 0.2296661811)
(0.3 0.1842143777 0.2296661811)
(0.4 0.1842143777 0.2296661811)
(0.5 0.1842143777 0.2296661811)
(0.6 0.1842143777 0.2296661811)
(0.7 0.1842143777 0.2296661811)
(0.8 0.1842143777 0.2296661811)
(0.9 0.1842143777 0.2296661811)
(1 0.1842143777 0.2296661811)
(1.1 0.1842143777 0.2296661811)
(1.2 0.1842143777 0.2296661811)
(1.3 0.1842143777 0.2296661811)
(1.4 0.1842143777 0.2296661811)
(1.5 0.1842143777 0.2296661811)
(1.6 0.1842143777 0.2296661811)
(1.7 0.1842143777 0.2296661811)
(1.8 0.1842143777 0.2296661811)
(1.9 0.1842143777 0.2296661811)
(2 0.1842143777 0.2296661811)
(0 0.2061783524 0.2296661811)
(0.1 0.2061783524 0.2296661811)
(0.2 0.2061783524 0.2296661811)
(0.3 0.2061783524 0.2296661811)
(0.4 0.2061783524 0.2296661811)
(0.5 0.2061783524 0.2296661811)
(0.6 0.2061783524 0.2296661811)
(0.7 0.2061783524 0.2296661811)
(0.8 0.2061783524 0.2296661811)
(0.9 0.2061783524 0.2296661811)
(1 0.2061783524 0.2296661811)
(1.1 0.2061783524 0.2296661811)
(1.2 0.2061783524 0.2296661811)
(1.3 0.2061783524 0.2296661811)
(1.4 0.2061783524 0.2296661811)
(1.5 0.2061783524 0.2296661811)
(1.6 0.2061783524 0.2296661811)
(1.7 0.2061783524 0.2296661811)
(1.8 0.2061783524 0.2296661811)
(1.9 0.2061783524 0.2296661811)
(2 0.2061783524 0.2296661811)
(0 0.2296661811 0.2296661811)
(0.1 0.2296661811 0.2296661811)
(0.2 0.2296661811 0.2296661811)
(0.3 0.2296661811 0.2296661811)
(0.4 0.2296661811 0.2296661811)
(0.5 0.2296661811 0.2296661811)
(0.6 0.2296661811 0.2296661811)
(0.7 0.2296661811 0.2296661811)
(0.8 0.2296661811 0.2296661811)
(0.9 0.2296661811 0.2296661811)
(1 0.2296661811 0.2296661811)
(1.1 0.2296661811 0.2296661811)
(1.2 0.2296661811 0.2296661811)
(1.3 0.2296661811 0.2296661811)
(1.4 0.2296661811 0.2296661811)
(1.5 0.2296661811 0.2296661811)
(1.6 0.2296661811 0.2296661811)
(1.7 0.2296661811 0.2296661811)
(1.8 0.2296661811 0.2296661811)
(1.9 0.2296661811 0.2296661811)
(2 0.2296661811 0.2296661811)
(0 0.2547835882 0.2296661811)
(0.1 0.2547835882 0.2296661811)
(0.2 0.2547835882 0.2296661811)
(0.3 0.2547835882 0.2296661811)
(0.4 0.2547835882 0.2296661811)
(0.5 0.2547835882 0.2296661811)
(0.6 0.2547835882 0.2296661811)
(0.7 0.2547835882 0.2296661811)
(0.8 0.2547835882 0.2296661811)
(0.9 0.2547835882 0.2296661811)
(1 0.2547835882 0.2296661811)
(1.1 0.2547835882 0.2296661811)
(1.2 0.2547835882 0.2296661811)
(1.3 0.2547835882 0.2296661811)
(1.4 0.2547835882 0.2296661811)
(1.5 0.2547835882 0.2296661811)
(1.6 0.2547835882 0.2296661811)
(1.7 0.2547835882 0.2296661811)
(1.8 0.2547835882 0.2296661811)
(1.9 0.2547835882 0.2296661811)
(2 0.2547835882 0.2296661811)
(0 0.2816436335 0.2296661811)
(0.1 0.2816436335 0.2296661811)
(0.2 0.2816436335 0.2296661811)
(0.3 0.2816436335 0.2296661811)
(0.4 0.2816436335 0.2296661811)
(0.5 0.2816436335 0.2296661811)
(0.6 0.2816436335 0.2296661811)
(0.7 0.2816436335 0.2296661811)
(0.8 0.2816436335 0.2296661811)
(0.9 0.2816436335 0.2296661811)
(1 0.2816436335 0.2296661811)
(1.1 0.2816436335 0.2296661811)
(1.2 0.2816436335 0.2296661811)
(1.3 0.2816436335 0.2296661811)
(1.4 0.2816436335 0.2296661811)
(1.5 0.2816436335 0.2296661811)
(1.6 0.2816436335 0.2296661811)
(1.7 0.2816436335 0.2296661811)
(1.8 0.2816436335 0.2296661811)
(1.9 0.2816436335 0.2296661811)
(2 0.2816436335 0.2296661811)
(0 0.3103672206 0.2296661811)
(0.1 0.3103672206 0.2296661811)
(0.2 0.3103672206 0.2296661811)
(0.3 0.3103672206 0.2296661811)
(0.4 0.3103672206 0.2296661811)
(0.5 0.3103672206 0.2296661811)
(0.6 0.3103672206 0.2296661811)
(0.7 0.3103672206 0.2296661811)
(0.8 0.3103672206 0.2296661811)
(0.9 0.3103672206 0.2296661811)
(1 0.3103672206 0.2296661811)
(1.1 0.3103672206 0.2296661811)
(1.2 0.3103672206 0.2296661811)
(1.3 0.3103672206 0.2296661811)
(1.4 0.3103672206 0.2296661811)
(1.5 0.3103672206 0.2296661811)
(1.6 0.3103672206 0.2296661811)
(1.7 0.3103672206 0.2296661811)
(1.8 0.3103672206 0.2296661811)
(1.9 0.3103672206 0.2296661811)
(2 0.3103672206 0.2296661811)
(0 0.3410836415 0.2296661811)
(0.1 0.3410836415 0.2296661811)
(0.2 0.3410836415 0.2296661811)
(0.3 0.3410836415 0.2296661811)
(0.4 0.3410836415 0.2296661811)
(0.5 0.3410836415 0.2296661811)
(0.6 0.3410836415 0.2296661811)
(0.7 0.3410836415 0.2296661811)
(0.8 0.3410836415 0.2296661811)
(0.9 0.3410836415 0.2296661811)
(1 0.3410836415 0.2296661811)
(1.1 0.3410836415 0.2296661811)
(1.2 0.3410836415 0.2296661811)
(1.3 0.3410836415 0.2296661811)
(1.4 0.3410836415 0.2296661811)
(1.5 0.3410836415 0.2296661811)
(1.6 0.3410836415 0.2296661811)
(1.7 0.3410836415 0.2296661811)
(1.8 0.3410836415 0.2296661811)
(1.9 0.3410836415 0.2296661811)
(2 0.3410836415 0.2296661811)
(0 0.3739311585 0.2296661811)
(0.1 0.3739311585 0.2296661811)
(0.2 0.3739311585 0.2296661811)
(0.3 0.3739311585 0.2296661811)
(0.4 0.3739311585 0.2296661811)
(0.5 0.3739311585 0.2296661811)
(0.6 0.3739311585 0.2296661811)
(0.7 0.3739311585 0.2296661811)
(0.8 0.3739311585 0.2296661811)
(0.9 0.3739311585 0.2296661811)
(1 0.3739311585 0.2296661811)
(1.1 0.3739311585 0.2296661811)
(1.2 0.3739311585 0.2296661811)
(1.3 0.3739311585 0.2296661811)
(1.4 0.3739311585 0.2296661811)
(1.5 0.3739311585 0.2296661811)
(1.6 0.3739311585 0.2296661811)
(1.7 0.3739311585 0.2296661811)
(1.8 0.3739311585 0.2296661811)
(1.9 0.3739311585 0.2296661811)
(2 0.3739311585 0.2296661811)
(0 0.4090576263 0.2296661811)
(0.1 0.4090576263 0.2296661811)
(0.2 0.4090576263 0.2296661811)
(0.3 0.4090576263 0.2296661811)
(0.4 0.4090576263 0.2296661811)
(0.5 0.4090576263 0.2296661811)
(0.6 0.4090576263 0.2296661811)
(0.7 0.4090576263 0.2296661811)
(0.8 0.4090576263 0.2296661811)
(0.9 0.4090576263 0.2296661811)
(1 0.4090576263 0.2296661811)
(1.1 0.4090576263 0.2296661811)
(1.2 0.4090576263 0.2296661811)
(1.3 0.4090576263 0.2296661811)
(1.4 0.4090576263 0.2296661811)
(1.5 0.4090576263 0.2296661811)
(1.6 0.4090576263 0.2296661811)
(1.7 0.4090576263 0.2296661811)
(1.8 0.4090576263 0.2296661811)
(1.9 0.4090576263 0.2296661811)
(2 0.4090576263 0.2296661811)
(0 0.4466211578 0.2296661811)
(0.1 0.4466211578 0.2296661811)
(0.2 0.4466211578 0.2296661811)
(0.3 0.4466211578 0.2296661811)
(0.4 0.4466211578 0.2296661811)
(0.5 0.4466211578 0.2296661811)
(0.6 0.4466211578 0.2296661811)
(0.7 0.4466211578 0.2296661811)
(0.8 0.4466211578 0.2296661811)
(0.9 0.4466211578 0.2296661811)
(1 0.4466211578 0.2296661811)
(1.1 0.4466211578 0.2296661811)
(1.2 0.4466211578 0.2296661811)
(1.3 0.4466211578 0.2296661811)
(1.4 0.4466211578 0.2296661811)
(1.5 0.4466211578 0.2296661811)
(1.6 0.4466211578 0.2296661811)
(1.7 0.4466211578 0.2296661811)
(1.8 0.4466211578 0.2296661811)
(1.9 0.4466211578 0.2296661811)
(2 0.4466211578 0.2296661811)
(0 0.4867908358 0.2296661811)
(0.1 0.4867908358 0.2296661811)
(0.2 0.4867908358 0.2296661811)
(0.3 0.4867908358 0.2296661811)
(0.4 0.4867908358 0.2296661811)
(0.5 0.4867908358 0.2296661811)
(0.6 0.4867908358 0.2296661811)
(0.7 0.4867908358 0.2296661811)
(0.8 0.4867908358 0.2296661811)
(0.9 0.4867908358 0.2296661811)
(1 0.4867908358 0.2296661811)
(1.1 0.4867908358 0.2296661811)
(1.2 0.4867908358 0.2296661811)
(1.3 0.4867908358 0.2296661811)
(1.4 0.4867908358 0.2296661811)
(1.5 0.4867908358 0.2296661811)
(1.6 0.4867908358 0.2296661811)
(1.7 0.4867908358 0.2296661811)
(1.8 0.4867908358 0.2296661811)
(1.9 0.4867908358 0.2296661811)
(2 0.4867908358 0.2296661811)
(0 0.529747474 0.2296661811)
(0.1 0.529747474 0.2296661811)
(0.2 0.529747474 0.2296661811)
(0.3 0.529747474 0.2296661811)
(0.4 0.529747474 0.2296661811)
(0.5 0.529747474 0.2296661811)
(0.6 0.529747474 0.2296661811)
(0.7 0.529747474 0.2296661811)
(0.8 0.529747474 0.2296661811)
(0.9 0.529747474 0.2296661811)
(1 0.529747474 0.2296661811)
(1.1 0.529747474 0.2296661811)
(1.2 0.529747474 0.2296661811)
(1.3 0.529747474 0.2296661811)
(1.4 0.529747474 0.2296661811)
(1.5 0.529747474 0.2296661811)
(1.6 0.529747474 0.2296661811)
(1.7 0.529747474 0.2296661811)
(1.8 0.529747474 0.2296661811)
(1.9 0.529747474 0.2296661811)
(2 0.529747474 0.2296661811)
(0 0.5756844308 0.2296661811)
(0.1 0.5756844308 0.2296661811)
(0.2 0.5756844308 0.2296661811)
(0.3 0.5756844308 0.2296661811)
(0.4 0.5756844308 0.2296661811)
(0.5 0.5756844308 0.2296661811)
(0.6 0.5756844308 0.2296661811)
(0.7 0.5756844308 0.2296661811)
(0.8 0.5756844308 0.2296661811)
(0.9 0.5756844308 0.2296661811)
(1 0.5756844308 0.2296661811)
(1.1 0.5756844308 0.2296661811)
(1.2 0.5756844308 0.2296661811)
(1.3 0.5756844308 0.2296661811)
(1.4 0.5756844308 0.2296661811)
(1.5 0.5756844308 0.2296661811)
(1.6 0.5756844308 0.2296661811)
(1.7 0.5756844308 0.2296661811)
(1.8 0.5756844308 0.2296661811)
(1.9 0.5756844308 0.2296661811)
(2 0.5756844308 0.2296661811)
(0 0.6248084798 0.2296661811)
(0.1 0.6248084798 0.2296661811)
(0.2 0.6248084798 0.2296661811)
(0.3 0.6248084798 0.2296661811)
(0.4 0.6248084798 0.2296661811)
(0.5 0.6248084798 0.2296661811)
(0.6 0.6248084798 0.2296661811)
(0.7 0.6248084798 0.2296661811)
(0.8 0.6248084798 0.2296661811)
(0.9 0.6248084798 0.2296661811)
(1 0.6248084798 0.2296661811)
(1.1 0.6248084798 0.2296661811)
(1.2 0.6248084798 0.2296661811)
(1.3 0.6248084798 0.2296661811)
(1.4 0.6248084798 0.2296661811)
(1.5 0.6248084798 0.2296661811)
(1.6 0.6248084798 0.2296661811)
(1.7 0.6248084798 0.2296661811)
(1.8 0.6248084798 0.2296661811)
(1.9 0.6248084798 0.2296661811)
(2 0.6248084798 0.2296661811)
(0 0.6773407405 0.2296661811)
(0.1 0.6773407405 0.2296661811)
(0.2 0.6773407405 0.2296661811)
(0.3 0.6773407405 0.2296661811)
(0.4 0.6773407405 0.2296661811)
(0.5 0.6773407405 0.2296661811)
(0.6 0.6773407405 0.2296661811)
(0.7 0.6773407405 0.2296661811)
(0.8 0.6773407405 0.2296661811)
(0.9 0.6773407405 0.2296661811)
(1 0.6773407405 0.2296661811)
(1.1 0.6773407405 0.2296661811)
(1.2 0.6773407405 0.2296661811)
(1.3 0.6773407405 0.2296661811)
(1.4 0.6773407405 0.2296661811)
(1.5 0.6773407405 0.2296661811)
(1.6 0.6773407405 0.2296661811)
(1.7 0.6773407405 0.2296661811)
(1.8 0.6773407405 0.2296661811)
(1.9 0.6773407405 0.2296661811)
(2 0.6773407405 0.2296661811)
(0 0.7335176736 0.2296661811)
(0.1 0.7335176736 0.2296661811)
(0.2 0.7335176736 0.2296661811)
(0.3 0.7335176736 0.2296661811)
(0.4 0.7335176736 0.2296661811)
(0.5 0.7335176736 0.2296661811)
(0.6 0.7335176736 0.2296661811)
(0.7 0.7335176736 0.2296661811)
(0.8 0.7335176736 0.2296661811)
(0.9 0.7335176736 0.2296661811)
(1 0.7335176736 0.2296661811)
(1.1 0.7335176736 0.2296661811)
(1.2 0.7335176736 0.2296661811)
(1.3 0.7335176736 0.2296661811)
(1.4 0.7335176736 0.2296661811)
(1.5 0.7335176736 0.2296661811)
(1.6 0.7335176736 0.2296661811)
(1.7 0.7335176736 0.2296661811)
(1.8 0.7335176736 0.2296661811)
(1.9 0.7335176736 0.2296661811)
(2 0.7335176736 0.2296661811)
(0 0.7935921454 0.2296661811)
(0.1 0.7935921454 0.2296661811)
(0.2 0.7935921454 0.2296661811)
(0.3 0.7935921454 0.2296661811)
(0.4 0.7935921454 0.2296661811)
(0.5 0.7935921454 0.2296661811)
(0.6 0.7935921454 0.2296661811)
(0.7 0.7935921454 0.2296661811)
(0.8 0.7935921454 0.2296661811)
(0.9 0.7935921454 0.2296661811)
(1 0.7935921454 0.2296661811)
(1.1 0.7935921454 0.2296661811)
(1.2 0.7935921454 0.2296661811)
(1.3 0.7935921454 0.2296661811)
(1.4 0.7935921454 0.2296661811)
(1.5 0.7935921454 0.2296661811)
(1.6 0.7935921454 0.2296661811)
(1.7 0.7935921454 0.2296661811)
(1.8 0.7935921454 0.2296661811)
(1.9 0.7935921454 0.2296661811)
(2 0.7935921454 0.2296661811)
(0 0.857834566 0.2296661811)
(0.1 0.857834566 0.2296661811)
(0.2 0.857834566 0.2296661811)
(0.3 0.857834566 0.2296661811)
(0.4 0.857834566 0.2296661811)
(0.5 0.857834566 0.2296661811)
(0.6 0.857834566 0.2296661811)
(0.7 0.857834566 0.2296661811)
(0.8 0.857834566 0.2296661811)
(0.9 0.857834566 0.2296661811)
(1 0.857834566 0.2296661811)
(1.1 0.857834566 0.2296661811)
(1.2 0.857834566 0.2296661811)
(1.3 0.857834566 0.2296661811)
(1.4 0.857834566 0.2296661811)
(1.5 0.857834566 0.2296661811)
(1.6 0.857834566 0.2296661811)
(1.7 0.857834566 0.2296661811)
(1.8 0.857834566 0.2296661811)
(1.9 0.857834566 0.2296661811)
(2 0.857834566 0.2296661811)
(0 0.9265341063 0.2296661811)
(0.1 0.9265341063 0.2296661811)
(0.2 0.9265341063 0.2296661811)
(0.3 0.9265341063 0.2296661811)
(0.4 0.9265341063 0.2296661811)
(0.5 0.9265341063 0.2296661811)
(0.6 0.9265341063 0.2296661811)
(0.7 0.9265341063 0.2296661811)
(0.8 0.9265341063 0.2296661811)
(0.9 0.9265341063 0.2296661811)
(1 0.9265341063 0.2296661811)
(1.1 0.9265341063 0.2296661811)
(1.2 0.9265341063 0.2296661811)
(1.3 0.9265341063 0.2296661811)
(1.4 0.9265341063 0.2296661811)
(1.5 0.9265341063 0.2296661811)
(1.6 0.9265341063 0.2296661811)
(1.7 0.9265341063 0.2296661811)
(1.8 0.9265341063 0.2296661811)
(1.9 0.9265341063 0.2296661811)
(2 0.9265341063 0.2296661811)
(0 1 0.2296661811)
(0.1 1 0.2296661811)
(0.2 1 0.2296661811)
(0.3 1 0.2296661811)
(0.4 1 0.2296661811)
(0.5 1 0.2296661811)
(0.6 1 0.2296661811)
(0.7 1 0.2296661811)
(0.8 1 0.2296661811)
(0.9 1 0.2296661811)
(1 1 0.2296661811)
(1.1 1 0.2296661811)
(1.2 1 0.2296661811)
(1.3 1 0.2296661811)
(1.4 1 0.2296661811)
(1.5 1 0.2296661811)
(1.6 1 0.2296661811)
(1.7 1 0.2296661811)
(1.8 1 0.2296661811)
(1.9 1 0.2296661811)
(2 1 0.2296661811)
(0 0 0.2547835882)
(0.1 0 0.2547835882)
(0.2 0 0.2547835882)
(0.3 0 0.2547835882)
(0.4 0 0.2547835882)
(0.5 0 0.2547835882)
(0.6 0 0.2547835882)
(0.7 0 0.2547835882)
(0.8 0 0.2547835882)
(0.9 0 0.2547835882)
(1 0 0.2547835882)
(1.1 0 0.2547835882)
(1.2 0 0.2547835882)
(1.3 0 0.2547835882)
(1.4 0 0.2547835882)
(1.5 0 0.2547835882)
(1.6 0 0.2547835882)
(1.7 0 0.2547835882)
(1.8 0 0.2547835882)
(1.9 0 0.2547835882)
(2 0 0.2547835882)
(0 0.009183236716 0.2547835882)
(0.1 0.009183236716 0.2547835882)
(0.2 0.009183236716 0.2547835882)
(0.3 0.009183236716 0.2547835882)
(0.4 0.009183236716 0.2547835882)
(0.5 0.009183236716 0.2547835882)
(0.6 0.009183236716 0.2547835882)
(0.7 0.009183236716 0.2547835882)
(0.8 0.009183236716 0.2547835882)
(0.9 0.009183236716 0.2547835882)
(1 0.009183236716 0.2547835882)
(1.1 0.009183236716 0.2547835882)
(1.2 0.009183236716 0.2547835882)
(1.3 0.009183236716 0.2547835882)
(1.4 0.009183236716 0.2547835882)
(1.5 0.009183236716 0.2547835882)
(1.6 0.009183236716 0.2547835882)
(1.7 0.009183236716 0.2547835882)
(1.8 0.009183236716 0.2547835882)
(1.9 0.009183236716 0.2547835882)
(2 0.009183236716 0.2547835882)
(0 0.01900360363 0.2547835882)
(0.1 0.01900360363 0.2547835882)
(0.2 0.01900360363 0.2547835882)
(0.3 0.01900360363 0.2547835882)
(0.4 0.01900360363 0.2547835882)
(0.5 0.01900360363 0.2547835882)
(0.6 0.01900360363 0.2547835882)
(0.7 0.01900360363 0.2547835882)
(0.8 0.01900360363 0.2547835882)
(0.9 0.01900360363 0.2547835882)
(1 0.01900360363 0.2547835882)
(1.1 0.01900360363 0.2547835882)
(1.2 0.01900360363 0.2547835882)
(1.3 0.01900360363 0.2547835882)
(1.4 0.01900360363 0.2547835882)
(1.5 0.01900360363 0.2547835882)
(1.6 0.01900360363 0.2547835882)
(1.7 0.01900360363 0.2547835882)
(1.8 0.01900360363 0.2547835882)
(1.9 0.01900360363 0.2547835882)
(2 0.01900360363 0.2547835882)
(0 0.02950530463 0.2547835882)
(0.1 0.02950530463 0.2547835882)
(0.2 0.02950530463 0.2547835882)
(0.3 0.02950530463 0.2547835882)
(0.4 0.02950530463 0.2547835882)
(0.5 0.02950530463 0.2547835882)
(0.6 0.02950530463 0.2547835882)
(0.7 0.02950530463 0.2547835882)
(0.8 0.02950530463 0.2547835882)
(0.9 0.02950530463 0.2547835882)
(1 0.02950530463 0.2547835882)
(1.1 0.02950530463 0.2547835882)
(1.2 0.02950530463 0.2547835882)
(1.3 0.02950530463 0.2547835882)
(1.4 0.02950530463 0.2547835882)
(1.5 0.02950530463 0.2547835882)
(1.6 0.02950530463 0.2547835882)
(1.7 0.02950530463 0.2547835882)
(1.8 0.02950530463 0.2547835882)
(1.9 0.02950530463 0.2547835882)
(2 0.02950530463 0.2547835882)
(0 0.04073561049 0.2547835882)
(0.1 0.04073561049 0.2547835882)
(0.2 0.04073561049 0.2547835882)
(0.3 0.04073561049 0.2547835882)
(0.4 0.04073561049 0.2547835882)
(0.5 0.04073561049 0.2547835882)
(0.6 0.04073561049 0.2547835882)
(0.7 0.04073561049 0.2547835882)
(0.8 0.04073561049 0.2547835882)
(0.9 0.04073561049 0.2547835882)
(1 0.04073561049 0.2547835882)
(1.1 0.04073561049 0.2547835882)
(1.2 0.04073561049 0.2547835882)
(1.3 0.04073561049 0.2547835882)
(1.4 0.04073561049 0.2547835882)
(1.5 0.04073561049 0.2547835882)
(1.6 0.04073561049 0.2547835882)
(1.7 0.04073561049 0.2547835882)
(1.8 0.04073561049 0.2547835882)
(1.9 0.04073561049 0.2547835882)
(2 0.04073561049 0.2547835882)
(0 0.05274507158 0.2547835882)
(0.1 0.05274507158 0.2547835882)
(0.2 0.05274507158 0.2547835882)
(0.3 0.05274507158 0.2547835882)
(0.4 0.05274507158 0.2547835882)
(0.5 0.05274507158 0.2547835882)
(0.6 0.05274507158 0.2547835882)
(0.7 0.05274507158 0.2547835882)
(0.8 0.05274507158 0.2547835882)
(0.9 0.05274507158 0.2547835882)
(1 0.05274507158 0.2547835882)
(1.1 0.05274507158 0.2547835882)
(1.2 0.05274507158 0.2547835882)
(1.3 0.05274507158 0.2547835882)
(1.4 0.05274507158 0.2547835882)
(1.5 0.05274507158 0.2547835882)
(1.6 0.05274507158 0.2547835882)
(1.7 0.05274507158 0.2547835882)
(1.8 0.05274507158 0.2547835882)
(1.9 0.05274507158 0.2547835882)
(2 0.05274507158 0.2547835882)
(0 0.06558774547 0.2547835882)
(0.1 0.06558774547 0.2547835882)
(0.2 0.06558774547 0.2547835882)
(0.3 0.06558774547 0.2547835882)
(0.4 0.06558774547 0.2547835882)
(0.5 0.06558774547 0.2547835882)
(0.6 0.06558774547 0.2547835882)
(0.7 0.06558774547 0.2547835882)
(0.8 0.06558774547 0.2547835882)
(0.9 0.06558774547 0.2547835882)
(1 0.06558774547 0.2547835882)
(1.1 0.06558774547 0.2547835882)
(1.2 0.06558774547 0.2547835882)
(1.3 0.06558774547 0.2547835882)
(1.4 0.06558774547 0.2547835882)
(1.5 0.06558774547 0.2547835882)
(1.6 0.06558774547 0.2547835882)
(1.7 0.06558774547 0.2547835882)
(1.8 0.06558774547 0.2547835882)
(1.9 0.06558774547 0.2547835882)
(2 0.06558774547 0.2547835882)
(0 0.07932144019 0.2547835882)
(0.1 0.07932144019 0.2547835882)
(0.2 0.07932144019 0.2547835882)
(0.3 0.07932144019 0.2547835882)
(0.4 0.07932144019 0.2547835882)
(0.5 0.07932144019 0.2547835882)
(0.6 0.07932144019 0.2547835882)
(0.7 0.07932144019 0.2547835882)
(0.8 0.07932144019 0.2547835882)
(0.9 0.07932144019 0.2547835882)
(1 0.07932144019 0.2547835882)
(1.1 0.07932144019 0.2547835882)
(1.2 0.07932144019 0.2547835882)
(1.3 0.07932144019 0.2547835882)
(1.4 0.07932144019 0.2547835882)
(1.5 0.07932144019 0.2547835882)
(1.6 0.07932144019 0.2547835882)
(1.7 0.07932144019 0.2547835882)
(1.8 0.07932144019 0.2547835882)
(1.9 0.07932144019 0.2547835882)
(2 0.07932144019 0.2547835882)
(0 0.09400797452 0.2547835882)
(0.1 0.09400797452 0.2547835882)
(0.2 0.09400797452 0.2547835882)
(0.3 0.09400797452 0.2547835882)
(0.4 0.09400797452 0.2547835882)
(0.5 0.09400797452 0.2547835882)
(0.6 0.09400797452 0.2547835882)
(0.7 0.09400797452 0.2547835882)
(0.8 0.09400797452 0.2547835882)
(0.9 0.09400797452 0.2547835882)
(1 0.09400797452 0.2547835882)
(1.1 0.09400797452 0.2547835882)
(1.2 0.09400797452 0.2547835882)
(1.3 0.09400797452 0.2547835882)
(1.4 0.09400797452 0.2547835882)
(1.5 0.09400797452 0.2547835882)
(1.6 0.09400797452 0.2547835882)
(1.7 0.09400797452 0.2547835882)
(1.8 0.09400797452 0.2547835882)
(1.9 0.09400797452 0.2547835882)
(2 0.09400797452 0.2547835882)
(0 0.1097134562 0.2547835882)
(0.1 0.1097134562 0.2547835882)
(0.2 0.1097134562 0.2547835882)
(0.3 0.1097134562 0.2547835882)
(0.4 0.1097134562 0.2547835882)
(0.5 0.1097134562 0.2547835882)
(0.6 0.1097134562 0.2547835882)
(0.7 0.1097134562 0.2547835882)
(0.8 0.1097134562 0.2547835882)
(0.9 0.1097134562 0.2547835882)
(1 0.1097134562 0.2547835882)
(1.1 0.1097134562 0.2547835882)
(1.2 0.1097134562 0.2547835882)
(1.3 0.1097134562 0.2547835882)
(1.4 0.1097134562 0.2547835882)
(1.5 0.1097134562 0.2547835882)
(1.6 0.1097134562 0.2547835882)
(1.7 0.1097134562 0.2547835882)
(1.8 0.1097134562 0.2547835882)
(1.9 0.1097134562 0.2547835882)
(2 0.1097134562 0.2547835882)
(0 0.1265085794 0.2547835882)
(0.1 0.1265085794 0.2547835882)
(0.2 0.1265085794 0.2547835882)
(0.3 0.1265085794 0.2547835882)
(0.4 0.1265085794 0.2547835882)
(0.5 0.1265085794 0.2547835882)
(0.6 0.1265085794 0.2547835882)
(0.7 0.1265085794 0.2547835882)
(0.8 0.1265085794 0.2547835882)
(0.9 0.1265085794 0.2547835882)
(1 0.1265085794 0.2547835882)
(1.1 0.1265085794 0.2547835882)
(1.2 0.1265085794 0.2547835882)
(1.3 0.1265085794 0.2547835882)
(1.4 0.1265085794 0.2547835882)
(1.5 0.1265085794 0.2547835882)
(1.6 0.1265085794 0.2547835882)
(1.7 0.1265085794 0.2547835882)
(1.8 0.1265085794 0.2547835882)
(1.9 0.1265085794 0.2547835882)
(2 0.1265085794 0.2547835882)
(0 0.1444689432 0.2547835882)
(0.1 0.1444689432 0.2547835882)
(0.2 0.1444689432 0.2547835882)
(0.3 0.1444689432 0.2547835882)
(0.4 0.1444689432 0.2547835882)
(0.5 0.1444689432 0.2547835882)
(0.6 0.1444689432 0.2547835882)
(0.7 0.1444689432 0.2547835882)
(0.8 0.1444689432 0.2547835882)
(0.9 0.1444689432 0.2547835882)
(1 0.1444689432 0.2547835882)
(1.1 0.1444689432 0.2547835882)
(1.2 0.1444689432 0.2547835882)
(1.3 0.1444689432 0.2547835882)
(1.4 0.1444689432 0.2547835882)
(1.5 0.1444689432 0.2547835882)
(1.6 0.1444689432 0.2547835882)
(1.7 0.1444689432 0.2547835882)
(1.8 0.1444689432 0.2547835882)
(1.9 0.1444689432 0.2547835882)
(2 0.1444689432 0.2547835882)
(0 0.1636753917 0.2547835882)
(0.1 0.1636753917 0.2547835882)
(0.2 0.1636753917 0.2547835882)
(0.3 0.1636753917 0.2547835882)
(0.4 0.1636753917 0.2547835882)
(0.5 0.1636753917 0.2547835882)
(0.6 0.1636753917 0.2547835882)
(0.7 0.1636753917 0.2547835882)
(0.8 0.1636753917 0.2547835882)
(0.9 0.1636753917 0.2547835882)
(1 0.1636753917 0.2547835882)
(1.1 0.1636753917 0.2547835882)
(1.2 0.1636753917 0.2547835882)
(1.3 0.1636753917 0.2547835882)
(1.4 0.1636753917 0.2547835882)
(1.5 0.1636753917 0.2547835882)
(1.6 0.1636753917 0.2547835882)
(1.7 0.1636753917 0.2547835882)
(1.8 0.1636753917 0.2547835882)
(1.9 0.1636753917 0.2547835882)
(2 0.1636753917 0.2547835882)
(0 0.1842143777 0.2547835882)
(0.1 0.1842143777 0.2547835882)
(0.2 0.1842143777 0.2547835882)
(0.3 0.1842143777 0.2547835882)
(0.4 0.1842143777 0.2547835882)
(0.5 0.1842143777 0.2547835882)
(0.6 0.1842143777 0.2547835882)
(0.7 0.1842143777 0.2547835882)
(0.8 0.1842143777 0.2547835882)
(0.9 0.1842143777 0.2547835882)
(1 0.1842143777 0.2547835882)
(1.1 0.1842143777 0.2547835882)
(1.2 0.1842143777 0.2547835882)
(1.3 0.1842143777 0.2547835882)
(1.4 0.1842143777 0.2547835882)
(1.5 0.1842143777 0.2547835882)
(1.6 0.1842143777 0.2547835882)
(1.7 0.1842143777 0.2547835882)
(1.8 0.1842143777 0.2547835882)
(1.9 0.1842143777 0.2547835882)
(2 0.1842143777 0.2547835882)
(0 0.2061783524 0.2547835882)
(0.1 0.2061783524 0.2547835882)
(0.2 0.2061783524 0.2547835882)
(0.3 0.2061783524 0.2547835882)
(0.4 0.2061783524 0.2547835882)
(0.5 0.2061783524 0.2547835882)
(0.6 0.2061783524 0.2547835882)
(0.7 0.2061783524 0.2547835882)
(0.8 0.2061783524 0.2547835882)
(0.9 0.2061783524 0.2547835882)
(1 0.2061783524 0.2547835882)
(1.1 0.2061783524 0.2547835882)
(1.2 0.2061783524 0.2547835882)
(1.3 0.2061783524 0.2547835882)
(1.4 0.2061783524 0.2547835882)
(1.5 0.2061783524 0.2547835882)
(1.6 0.2061783524 0.2547835882)
(1.7 0.2061783524 0.2547835882)
(1.8 0.2061783524 0.2547835882)
(1.9 0.2061783524 0.2547835882)
(2 0.2061783524 0.2547835882)
(0 0.2296661811 0.2547835882)
(0.1 0.2296661811 0.2547835882)
(0.2 0.2296661811 0.2547835882)
(0.3 0.2296661811 0.2547835882)
(0.4 0.2296661811 0.2547835882)
(0.5 0.2296661811 0.2547835882)
(0.6 0.2296661811 0.2547835882)
(0.7 0.2296661811 0.2547835882)
(0.8 0.2296661811 0.2547835882)
(0.9 0.2296661811 0.2547835882)
(1 0.2296661811 0.2547835882)
(1.1 0.2296661811 0.2547835882)
(1.2 0.2296661811 0.2547835882)
(1.3 0.2296661811 0.2547835882)
(1.4 0.2296661811 0.2547835882)
(1.5 0.2296661811 0.2547835882)
(1.6 0.2296661811 0.2547835882)
(1.7 0.2296661811 0.2547835882)
(1.8 0.2296661811 0.2547835882)
(1.9 0.2296661811 0.2547835882)
(2 0.2296661811 0.2547835882)
(0 0.2547835882 0.2547835882)
(0.1 0.2547835882 0.2547835882)
(0.2 0.2547835882 0.2547835882)
(0.3 0.2547835882 0.2547835882)
(0.4 0.2547835882 0.2547835882)
(0.5 0.2547835882 0.2547835882)
(0.6 0.2547835882 0.2547835882)
(0.7 0.2547835882 0.2547835882)
(0.8 0.2547835882 0.2547835882)
(0.9 0.2547835882 0.2547835882)
(1 0.2547835882 0.2547835882)
(1.1 0.2547835882 0.2547835882)
(1.2 0.2547835882 0.2547835882)
(1.3 0.2547835882 0.2547835882)
(1.4 0.2547835882 0.2547835882)
(1.5 0.2547835882 0.2547835882)
(1.6 0.2547835882 0.2547835882)
(1.7 0.2547835882 0.2547835882)
(1.8 0.2547835882 0.2547835882)
(1.9 0.2547835882 0.2547835882)
(2 0.2547835882 0.2547835882)
(0 0.2816436335 0.2547835882)
(0.1 0.2816436335 0.2547835882)
(0.2 0.2816436335 0.2547835882)
(0.3 0.2816436335 0.2547835882)
(0.4 0.2816436335 0.2547835882)
(0.5 0.2816436335 0.2547835882)
(0.6 0.2816436335 0.2547835882)
(0.7 0.2816436335 0.2547835882)
(0.8 0.2816436335 0.2547835882)
(0.9 0.2816436335 0.2547835882)
(1 0.2816436335 0.2547835882)
(1.1 0.2816436335 0.2547835882)
(1.2 0.2816436335 0.2547835882)
(1.3 0.2816436335 0.2547835882)
(1.4 0.2816436335 0.2547835882)
(1.5 0.2816436335 0.2547835882)
(1.6 0.2816436335 0.2547835882)
(1.7 0.2816436335 0.2547835882)
(1.8 0.2816436335 0.2547835882)
(1.9 0.2816436335 0.2547835882)
(2 0.2816436335 0.2547835882)
(0 0.3103672206 0.2547835882)
(0.1 0.3103672206 0.2547835882)
(0.2 0.3103672206 0.2547835882)
(0.3 0.3103672206 0.2547835882)
(0.4 0.3103672206 0.2547835882)
(0.5 0.3103672206 0.2547835882)
(0.6 0.3103672206 0.2547835882)
(0.7 0.3103672206 0.2547835882)
(0.8 0.3103672206 0.2547835882)
(0.9 0.3103672206 0.2547835882)
(1 0.3103672206 0.2547835882)
(1.1 0.3103672206 0.2547835882)
(1.2 0.3103672206 0.2547835882)
(1.3 0.3103672206 0.2547835882)
(1.4 0.3103672206 0.2547835882)
(1.5 0.3103672206 0.2547835882)
(1.6 0.3103672206 0.2547835882)
(1.7 0.3103672206 0.2547835882)
(1.8 0.3103672206 0.2547835882)
(1.9 0.3103672206 0.2547835882)
(2 0.3103672206 0.2547835882)
(0 0.3410836415 0.2547835882)
(0.1 0.3410836415 0.2547835882)
(0.2 0.3410836415 0.2547835882)
(0.3 0.3410836415 0.2547835882)
(0.4 0.3410836415 0.2547835882)
(0.5 0.3410836415 0.2547835882)
(0.6 0.3410836415 0.2547835882)
(0.7 0.3410836415 0.2547835882)
(0.8 0.3410836415 0.2547835882)
(0.9 0.3410836415 0.2547835882)
(1 0.3410836415 0.2547835882)
(1.1 0.3410836415 0.2547835882)
(1.2 0.3410836415 0.2547835882)
(1.3 0.3410836415 0.2547835882)
(1.4 0.3410836415 0.2547835882)
(1.5 0.3410836415 0.2547835882)
(1.6 0.3410836415 0.2547835882)
(1.7 0.3410836415 0.2547835882)
(1.8 0.3410836415 0.2547835882)
(1.9 0.3410836415 0.2547835882)
(2 0.3410836415 0.2547835882)
(0 0.3739311585 0.2547835882)
(0.1 0.3739311585 0.2547835882)
(0.2 0.3739311585 0.2547835882)
(0.3 0.3739311585 0.2547835882)
(0.4 0.3739311585 0.2547835882)
(0.5 0.3739311585 0.2547835882)
(0.6 0.3739311585 0.2547835882)
(0.7 0.3739311585 0.2547835882)
(0.8 0.3739311585 0.2547835882)
(0.9 0.3739311585 0.2547835882)
(1 0.3739311585 0.2547835882)
(1.1 0.3739311585 0.2547835882)
(1.2 0.3739311585 0.2547835882)
(1.3 0.3739311585 0.2547835882)
(1.4 0.3739311585 0.2547835882)
(1.5 0.3739311585 0.2547835882)
(1.6 0.3739311585 0.2547835882)
(1.7 0.3739311585 0.2547835882)
(1.8 0.3739311585 0.2547835882)
(1.9 0.3739311585 0.2547835882)
(2 0.3739311585 0.2547835882)
(0 0.4090576263 0.2547835882)
(0.1 0.4090576263 0.2547835882)
(0.2 0.4090576263 0.2547835882)
(0.3 0.4090576263 0.2547835882)
(0.4 0.4090576263 0.2547835882)
(0.5 0.4090576263 0.2547835882)
(0.6 0.4090576263 0.2547835882)
(0.7 0.4090576263 0.2547835882)
(0.8 0.4090576263 0.2547835882)
(0.9 0.4090576263 0.2547835882)
(1 0.4090576263 0.2547835882)
(1.1 0.4090576263 0.2547835882)
(1.2 0.4090576263 0.2547835882)
(1.3 0.4090576263 0.2547835882)
(1.4 0.4090576263 0.2547835882)
(1.5 0.4090576263 0.2547835882)
(1.6 0.4090576263 0.2547835882)
(1.7 0.4090576263 0.2547835882)
(1.8 0.4090576263 0.2547835882)
(1.9 0.4090576263 0.2547835882)
(2 0.4090576263 0.2547835882)
(0 0.4466211578 0.2547835882)
(0.1 0.4466211578 0.2547835882)
(0.2 0.4466211578 0.2547835882)
(0.3 0.4466211578 0.2547835882)
(0.4 0.4466211578 0.2547835882)
(0.5 0.4466211578 0.2547835882)
(0.6 0.4466211578 0.2547835882)
(0.7 0.4466211578 0.2547835882)
(0.8 0.4466211578 0.2547835882)
(0.9 0.4466211578 0.2547835882)
(1 0.4466211578 0.2547835882)
(1.1 0.4466211578 0.2547835882)
(1.2 0.4466211578 0.2547835882)
(1.3 0.4466211578 0.2547835882)
(1.4 0.4466211578 0.2547835882)
(1.5 0.4466211578 0.2547835882)
(1.6 0.4466211578 0.2547835882)
(1.7 0.4466211578 0.2547835882)
(1.8 0.4466211578 0.2547835882)
(1.9 0.4466211578 0.2547835882)
(2 0.4466211578 0.2547835882)
(0 0.4867908358 0.2547835882)
(0.1 0.4867908358 0.2547835882)
(0.2 0.4867908358 0.2547835882)
(0.3 0.4867908358 0.2547835882)
(0.4 0.4867908358 0.2547835882)
(0.5 0.4867908358 0.2547835882)
(0.6 0.4867908358 0.2547835882)
(0.7 0.4867908358 0.2547835882)
(0.8 0.4867908358 0.2547835882)
(0.9 0.4867908358 0.2547835882)
(1 0.4867908358 0.2547835882)
(1.1 0.4867908358 0.2547835882)
(1.2 0.4867908358 0.2547835882)
(1.3 0.4867908358 0.2547835882)
(1.4 0.4867908358 0.2547835882)
(1.5 0.4867908358 0.2547835882)
(1.6 0.4867908358 0.2547835882)
(1.7 0.4867908358 0.2547835882)
(1.8 0.4867908358 0.2547835882)
(1.9 0.4867908358 0.2547835882)
(2 0.4867908358 0.2547835882)
(0 0.529747474 0.2547835882)
(0.1 0.529747474 0.2547835882)
(0.2 0.529747474 0.2547835882)
(0.3 0.529747474 0.2547835882)
(0.4 0.529747474 0.2547835882)
(0.5 0.529747474 0.2547835882)
(0.6 0.529747474 0.2547835882)
(0.7 0.529747474 0.2547835882)
(0.8 0.529747474 0.2547835882)
(0.9 0.529747474 0.2547835882)
(1 0.529747474 0.2547835882)
(1.1 0.529747474 0.2547835882)
(1.2 0.529747474 0.2547835882)
(1.3 0.529747474 0.2547835882)
(1.4 0.529747474 0.2547835882)
(1.5 0.529747474 0.2547835882)
(1.6 0.529747474 0.2547835882)
(1.7 0.529747474 0.2547835882)
(1.8 0.529747474 0.2547835882)
(1.9 0.529747474 0.2547835882)
(2 0.529747474 0.2547835882)
(0 0.5756844308 0.2547835882)
(0.1 0.5756844308 0.2547835882)
(0.2 0.5756844308 0.2547835882)
(0.3 0.5756844308 0.2547835882)
(0.4 0.5756844308 0.2547835882)
(0.5 0.5756844308 0.2547835882)
(0.6 0.5756844308 0.2547835882)
(0.7 0.5756844308 0.2547835882)
(0.8 0.5756844308 0.2547835882)
(0.9 0.5756844308 0.2547835882)
(1 0.5756844308 0.2547835882)
(1.1 0.5756844308 0.2547835882)
(1.2 0.5756844308 0.2547835882)
(1.3 0.5756844308 0.2547835882)
(1.4 0.5756844308 0.2547835882)
(1.5 0.5756844308 0.2547835882)
(1.6 0.5756844308 0.2547835882)
(1.7 0.5756844308 0.2547835882)
(1.8 0.5756844308 0.2547835882)
(1.9 0.5756844308 0.2547835882)
(2 0.5756844308 0.2547835882)
(0 0.6248084798 0.2547835882)
(0.1 0.6248084798 0.2547835882)
(0.2 0.6248084798 0.2547835882)
(0.3 0.6248084798 0.2547835882)
(0.4 0.6248084798 0.2547835882)
(0.5 0.6248084798 0.2547835882)
(0.6 0.6248084798 0.2547835882)
(0.7 0.6248084798 0.2547835882)
(0.8 0.6248084798 0.2547835882)
(0.9 0.6248084798 0.2547835882)
(1 0.6248084798 0.2547835882)
(1.1 0.6248084798 0.2547835882)
(1.2 0.6248084798 0.2547835882)
(1.3 0.6248084798 0.2547835882)
(1.4 0.6248084798 0.2547835882)
(1.5 0.6248084798 0.2547835882)
(1.6 0.6248084798 0.2547835882)
(1.7 0.6248084798 0.2547835882)
(1.8 0.6248084798 0.2547835882)
(1.9 0.6248084798 0.2547835882)
(2 0.6248084798 0.2547835882)
(0 0.6773407405 0.2547835882)
(0.1 0.6773407405 0.2547835882)
(0.2 0.6773407405 0.2547835882)
(0.3 0.6773407405 0.2547835882)
(0.4 0.6773407405 0.2547835882)
(0.5 0.6773407405 0.2547835882)
(0.6 0.6773407405 0.2547835882)
(0.7 0.6773407405 0.2547835882)
(0.8 0.6773407405 0.2547835882)
(0.9 0.6773407405 0.2547835882)
(1 0.6773407405 0.2547835882)
(1.1 0.6773407405 0.2547835882)
(1.2 0.6773407405 0.2547835882)
(1.3 0.6773407405 0.2547835882)
(1.4 0.6773407405 0.2547835882)
(1.5 0.6773407405 0.2547835882)
(1.6 0.6773407405 0.2547835882)
(1.7 0.6773407405 0.2547835882)
(1.8 0.6773407405 0.2547835882)
(1.9 0.6773407405 0.2547835882)
(2 0.6773407405 0.2547835882)
(0 0.7335176736 0.2547835882)
(0.1 0.7335176736 0.2547835882)
(0.2 0.7335176736 0.2547835882)
(0.3 0.7335176736 0.2547835882)
(0.4 0.7335176736 0.2547835882)
(0.5 0.7335176736 0.2547835882)
(0.6 0.7335176736 0.2547835882)
(0.7 0.7335176736 0.2547835882)
(0.8 0.7335176736 0.2547835882)
(0.9 0.7335176736 0.2547835882)
(1 0.7335176736 0.2547835882)
(1.1 0.7335176736 0.2547835882)
(1.2 0.7335176736 0.2547835882)
(1.3 0.7335176736 0.2547835882)
(1.4 0.7335176736 0.2547835882)
(1.5 0.7335176736 0.2547835882)
(1.6 0.7335176736 0.2547835882)
(1.7 0.7335176736 0.2547835882)
(1.8 0.7335176736 0.2547835882)
(1.9 0.7335176736 0.2547835882)
(2 0.7335176736 0.2547835882)
(0 0.7935921454 0.2547835882)
(0.1 0.7935921454 0.2547835882)
(0.2 0.7935921454 0.2547835882)
(0.3 0.7935921454 0.2547835882)
(0.4 0.7935921454 0.2547835882)
(0.5 0.7935921454 0.2547835882)
(0.6 0.7935921454 0.2547835882)
(0.7 0.7935921454 0.2547835882)
(0.8 0.7935921454 0.2547835882)
(0.9 0.7935921454 0.2547835882)
(1 0.7935921454 0.2547835882)
(1.1 0.7935921454 0.2547835882)
(1.2 0.7935921454 0.2547835882)
(1.3 0.7935921454 0.2547835882)
(1.4 0.7935921454 0.2547835882)
(1.5 0.7935921454 0.2547835882)
(1.6 0.7935921454 0.2547835882)
(1.7 0.7935921454 0.2547835882)
(1.8 0.7935921454 0.2547835882)
(1.9 0.7935921454 0.2547835882)
(2 0.7935921454 0.2547835882)
(0 0.857834566 0.2547835882)
(0.1 0.857834566 0.2547835882)
(0.2 0.857834566 0.2547835882)
(0.3 0.857834566 0.2547835882)
(0.4 0.857834566 0.2547835882)
(0.5 0.857834566 0.2547835882)
(0.6 0.857834566 0.2547835882)
(0.7 0.857834566 0.2547835882)
(0.8 0.857834566 0.2547835882)
(0.9 0.857834566 0.2547835882)
(1 0.857834566 0.2547835882)
(1.1 0.857834566 0.2547835882)
(1.2 0.857834566 0.2547835882)
(1.3 0.857834566 0.2547835882)
(1.4 0.857834566 0.2547835882)
(1.5 0.857834566 0.2547835882)
(1.6 0.857834566 0.2547835882)
(1.7 0.857834566 0.2547835882)
(1.8 0.857834566 0.2547835882)
(1.9 0.857834566 0.2547835882)
(2 0.857834566 0.2547835882)
(0 0.9265341063 0.2547835882)
(0.1 0.9265341063 0.2547835882)
(0.2 0.9265341063 0.2547835882)
(0.3 0.9265341063 0.2547835882)
(0.4 0.9265341063 0.2547835882)
(0.5 0.9265341063 0.2547835882)
(0.6 0.9265341063 0.2547835882)
(0.7 0.9265341063 0.2547835882)
(0.8 0.9265341063 0.2547835882)
(0.9 0.9265341063 0.2547835882)
(1 0.9265341063 0.2547835882)
(1.1 0.9265341063 0.2547835882)
(1.2 0.9265341063 0.2547835882)
(1.3 0.9265341063 0.2547835882)
(1.4 0.9265341063 0.2547835882)
(1.5 0.9265341063 0.2547835882)
(1.6 0.9265341063 0.2547835882)
(1.7 0.9265341063 0.2547835882)
(1.8 0.9265341063 0.2547835882)
(1.9 0.9265341063 0.2547835882)
(2 0.9265341063 0.2547835882)
(0 1 0.2547835882)
(0.1 1 0.2547835882)
(0.2 1 0.2547835882)
(0.3 1 0.2547835882)
(0.4 1 0.2547835882)
(0.5 1 0.2547835882)
(0.6 1 0.2547835882)
(0.7 1 0.2547835882)
(0.8 1 0.2547835882)
(0.9 1 0.2547835882)
(1 1 0.2547835882)
(1.1 1 0.2547835882)
(1.2 1 0.2547835882)
(1.3 1 0.2547835882)
(1.4 1 0.2547835882)
(1.5 1 0.2547835882)
(1.6 1 0.2547835882)
(1.7 1 0.2547835882)
(1.8 1 0.2547835882)
(1.9 1 0.2547835882)
(2 1 0.2547835882)
(0 0 0.2816436335)
(0.1 0 0.2816436335)
(0.2 0 0.2816436335)
(0.3 0 0.2816436335)
(0.4 0 0.2816436335)
(0.5 0 0.2816436335)
(0.6 0 0.2816436335)
(0.7 0 0.2816436335)
(0.8 0 0.2816436335)
(0.9 0 0.2816436335)
(1 0 0.2816436335)
(1.1 0 0.2816436335)
(1.2 0 0.2816436335)
(1.3 0 0.2816436335)
(1.4 0 0.2816436335)
(1.5 0 0.2816436335)
(1.6 0 0.2816436335)
(1.7 0 0.2816436335)
(1.8 0 0.2816436335)
(1.9 0 0.2816436335)
(2 0 0.2816436335)
(0 0.009183236716 0.2816436335)
(0.1 0.009183236716 0.2816436335)
(0.2 0.009183236716 0.2816436335)
(0.3 0.009183236716 0.2816436335)
(0.4 0.009183236716 0.2816436335)
(0.5 0.009183236716 0.2816436335)
(0.6 0.009183236716 0.2816436335)
(0.7 0.009183236716 0.2816436335)
(0.8 0.009183236716 0.2816436335)
(0.9 0.009183236716 0.2816436335)
(1 0.009183236716 0.2816436335)
(1.1 0.009183236716 0.2816436335)
(1.2 0.009183236716 0.2816436335)
(1.3 0.009183236716 0.2816436335)
(1.4 0.009183236716 0.2816436335)
(1.5 0.009183236716 0.2816436335)
(1.6 0.009183236716 0.2816436335)
(1.7 0.009183236716 0.2816436335)
(1.8 0.009183236716 0.2816436335)
(1.9 0.009183236716 0.2816436335)
(2 0.009183236716 0.2816436335)
(0 0.01900360363 0.2816436335)
(0.1 0.01900360363 0.2816436335)
(0.2 0.01900360363 0.2816436335)
(0.3 0.01900360363 0.2816436335)
(0.4 0.01900360363 0.2816436335)
(0.5 0.01900360363 0.2816436335)
(0.6 0.01900360363 0.2816436335)
(0.7 0.01900360363 0.2816436335)
(0.8 0.01900360363 0.2816436335)
(0.9 0.01900360363 0.2816436335)
(1 0.01900360363 0.2816436335)
(1.1 0.01900360363 0.2816436335)
(1.2 0.01900360363 0.2816436335)
(1.3 0.01900360363 0.2816436335)
(1.4 0.01900360363 0.2816436335)
(1.5 0.01900360363 0.2816436335)
(1.6 0.01900360363 0.2816436335)
(1.7 0.01900360363 0.2816436335)
(1.8 0.01900360363 0.2816436335)
(1.9 0.01900360363 0.2816436335)
(2 0.01900360363 0.2816436335)
(0 0.02950530463 0.2816436335)
(0.1 0.02950530463 0.2816436335)
(0.2 0.02950530463 0.2816436335)
(0.3 0.02950530463 0.2816436335)
(0.4 0.02950530463 0.2816436335)
(0.5 0.02950530463 0.2816436335)
(0.6 0.02950530463 0.2816436335)
(0.7 0.02950530463 0.2816436335)
(0.8 0.02950530463 0.2816436335)
(0.9 0.02950530463 0.2816436335)
(1 0.02950530463 0.2816436335)
(1.1 0.02950530463 0.2816436335)
(1.2 0.02950530463 0.2816436335)
(1.3 0.02950530463 0.2816436335)
(1.4 0.02950530463 0.2816436335)
(1.5 0.02950530463 0.2816436335)
(1.6 0.02950530463 0.2816436335)
(1.7 0.02950530463 0.2816436335)
(1.8 0.02950530463 0.2816436335)
(1.9 0.02950530463 0.2816436335)
(2 0.02950530463 0.2816436335)
(0 0.04073561049 0.2816436335)
(0.1 0.04073561049 0.2816436335)
(0.2 0.04073561049 0.2816436335)
(0.3 0.04073561049 0.2816436335)
(0.4 0.04073561049 0.2816436335)
(0.5 0.04073561049 0.2816436335)
(0.6 0.04073561049 0.2816436335)
(0.7 0.04073561049 0.2816436335)
(0.8 0.04073561049 0.2816436335)
(0.9 0.04073561049 0.2816436335)
(1 0.04073561049 0.2816436335)
(1.1 0.04073561049 0.2816436335)
(1.2 0.04073561049 0.2816436335)
(1.3 0.04073561049 0.2816436335)
(1.4 0.04073561049 0.2816436335)
(1.5 0.04073561049 0.2816436335)
(1.6 0.04073561049 0.2816436335)
(1.7 0.04073561049 0.2816436335)
(1.8 0.04073561049 0.2816436335)
(1.9 0.04073561049 0.2816436335)
(2 0.04073561049 0.2816436335)
(0 0.05274507158 0.2816436335)
(0.1 0.05274507158 0.2816436335)
(0.2 0.05274507158 0.2816436335)
(0.3 0.05274507158 0.2816436335)
(0.4 0.05274507158 0.2816436335)
(0.5 0.05274507158 0.2816436335)
(0.6 0.05274507158 0.2816436335)
(0.7 0.05274507158 0.2816436335)
(0.8 0.05274507158 0.2816436335)
(0.9 0.05274507158 0.2816436335)
(1 0.05274507158 0.2816436335)
(1.1 0.05274507158 0.2816436335)
(1.2 0.05274507158 0.2816436335)
(1.3 0.05274507158 0.2816436335)
(1.4 0.05274507158 0.2816436335)
(1.5 0.05274507158 0.2816436335)
(1.6 0.05274507158 0.2816436335)
(1.7 0.05274507158 0.2816436335)
(1.8 0.05274507158 0.2816436335)
(1.9 0.05274507158 0.2816436335)
(2 0.05274507158 0.2816436335)
(0 0.06558774547 0.2816436335)
(0.1 0.06558774547 0.2816436335)
(0.2 0.06558774547 0.2816436335)
(0.3 0.06558774547 0.2816436335)
(0.4 0.06558774547 0.2816436335)
(0.5 0.06558774547 0.2816436335)
(0.6 0.06558774547 0.2816436335)
(0.7 0.06558774547 0.2816436335)
(0.8 0.06558774547 0.2816436335)
(0.9 0.06558774547 0.2816436335)
(1 0.06558774547 0.2816436335)
(1.1 0.06558774547 0.2816436335)
(1.2 0.06558774547 0.2816436335)
(1.3 0.06558774547 0.2816436335)
(1.4 0.06558774547 0.2816436335)
(1.5 0.06558774547 0.2816436335)
(1.6 0.06558774547 0.2816436335)
(1.7 0.06558774547 0.2816436335)
(1.8 0.06558774547 0.2816436335)
(1.9 0.06558774547 0.2816436335)
(2 0.06558774547 0.2816436335)
(0 0.07932144019 0.2816436335)
(0.1 0.07932144019 0.2816436335)
(0.2 0.07932144019 0.2816436335)
(0.3 0.07932144019 0.2816436335)
(0.4 0.07932144019 0.2816436335)
(0.5 0.07932144019 0.2816436335)
(0.6 0.07932144019 0.2816436335)
(0.7 0.07932144019 0.2816436335)
(0.8 0.07932144019 0.2816436335)
(0.9 0.07932144019 0.2816436335)
(1 0.07932144019 0.2816436335)
(1.1 0.07932144019 0.2816436335)
(1.2 0.07932144019 0.2816436335)
(1.3 0.07932144019 0.2816436335)
(1.4 0.07932144019 0.2816436335)
(1.5 0.07932144019 0.2816436335)
(1.6 0.07932144019 0.2816436335)
(1.7 0.07932144019 0.2816436335)
(1.8 0.07932144019 0.2816436335)
(1.9 0.07932144019 0.2816436335)
(2 0.07932144019 0.2816436335)
(0 0.09400797452 0.2816436335)
(0.1 0.09400797452 0.2816436335)
(0.2 0.09400797452 0.2816436335)
(0.3 0.09400797452 0.2816436335)
(0.4 0.09400797452 0.2816436335)
(0.5 0.09400797452 0.2816436335)
(0.6 0.09400797452 0.2816436335)
(0.7 0.09400797452 0.2816436335)
(0.8 0.09400797452 0.2816436335)
(0.9 0.09400797452 0.2816436335)
(1 0.09400797452 0.2816436335)
(1.1 0.09400797452 0.2816436335)
(1.2 0.09400797452 0.2816436335)
(1.3 0.09400797452 0.2816436335)
(1.4 0.09400797452 0.2816436335)
(1.5 0.09400797452 0.2816436335)
(1.6 0.09400797452 0.2816436335)
(1.7 0.09400797452 0.2816436335)
(1.8 0.09400797452 0.2816436335)
(1.9 0.09400797452 0.2816436335)
(2 0.09400797452 0.2816436335)
(0 0.1097134562 0.2816436335)
(0.1 0.1097134562 0.2816436335)
(0.2 0.1097134562 0.2816436335)
(0.3 0.1097134562 0.2816436335)
(0.4 0.1097134562 0.2816436335)
(0.5 0.1097134562 0.2816436335)
(0.6 0.1097134562 0.2816436335)
(0.7 0.1097134562 0.2816436335)
(0.8 0.1097134562 0.2816436335)
(0.9 0.1097134562 0.2816436335)
(1 0.1097134562 0.2816436335)
(1.1 0.1097134562 0.2816436335)
(1.2 0.1097134562 0.2816436335)
(1.3 0.1097134562 0.2816436335)
(1.4 0.1097134562 0.2816436335)
(1.5 0.1097134562 0.2816436335)
(1.6 0.1097134562 0.2816436335)
(1.7 0.1097134562 0.2816436335)
(1.8 0.1097134562 0.2816436335)
(1.9 0.1097134562 0.2816436335)
(2 0.1097134562 0.2816436335)
(0 0.1265085794 0.2816436335)
(0.1 0.1265085794 0.2816436335)
(0.2 0.1265085794 0.2816436335)
(0.3 0.1265085794 0.2816436335)
(0.4 0.1265085794 0.2816436335)
(0.5 0.1265085794 0.2816436335)
(0.6 0.1265085794 0.2816436335)
(0.7 0.1265085794 0.2816436335)
(0.8 0.1265085794 0.2816436335)
(0.9 0.1265085794 0.2816436335)
(1 0.1265085794 0.2816436335)
(1.1 0.1265085794 0.2816436335)
(1.2 0.1265085794 0.2816436335)
(1.3 0.1265085794 0.2816436335)
(1.4 0.1265085794 0.2816436335)
(1.5 0.1265085794 0.2816436335)
(1.6 0.1265085794 0.2816436335)
(1.7 0.1265085794 0.2816436335)
(1.8 0.1265085794 0.2816436335)
(1.9 0.1265085794 0.2816436335)
(2 0.1265085794 0.2816436335)
(0 0.1444689432 0.2816436335)
(0.1 0.1444689432 0.2816436335)
(0.2 0.1444689432 0.2816436335)
(0.3 0.1444689432 0.2816436335)
(0.4 0.1444689432 0.2816436335)
(0.5 0.1444689432 0.2816436335)
(0.6 0.1444689432 0.2816436335)
(0.7 0.1444689432 0.2816436335)
(0.8 0.1444689432 0.2816436335)
(0.9 0.1444689432 0.2816436335)
(1 0.1444689432 0.2816436335)
(1.1 0.1444689432 0.2816436335)
(1.2 0.1444689432 0.2816436335)
(1.3 0.1444689432 0.2816436335)
(1.4 0.1444689432 0.2816436335)
(1.5 0.1444689432 0.2816436335)
(1.6 0.1444689432 0.2816436335)
(1.7 0.1444689432 0.2816436335)
(1.8 0.1444689432 0.2816436335)
(1.9 0.1444689432 0.2816436335)
(2 0.1444689432 0.2816436335)
(0 0.1636753917 0.2816436335)
(0.1 0.1636753917 0.2816436335)
(0.2 0.1636753917 0.2816436335)
(0.3 0.1636753917 0.2816436335)
(0.4 0.1636753917 0.2816436335)
(0.5 0.1636753917 0.2816436335)
(0.6 0.1636753917 0.2816436335)
(0.7 0.1636753917 0.2816436335)
(0.8 0.1636753917 0.2816436335)
(0.9 0.1636753917 0.2816436335)
(1 0.1636753917 0.2816436335)
(1.1 0.1636753917 0.2816436335)
(1.2 0.1636753917 0.2816436335)
(1.3 0.1636753917 0.2816436335)
(1.4 0.1636753917 0.2816436335)
(1.5 0.1636753917 0.2816436335)
(1.6 0.1636753917 0.2816436335)
(1.7 0.1636753917 0.2816436335)
(1.8 0.1636753917 0.2816436335)
(1.9 0.1636753917 0.2816436335)
(2 0.1636753917 0.2816436335)
(0 0.1842143777 0.2816436335)
(0.1 0.1842143777 0.2816436335)
(0.2 0.1842143777 0.2816436335)
(0.3 0.1842143777 0.2816436335)
(0.4 0.1842143777 0.2816436335)
(0.5 0.1842143777 0.2816436335)
(0.6 0.1842143777 0.2816436335)
(0.7 0.1842143777 0.2816436335)
(0.8 0.1842143777 0.2816436335)
(0.9 0.1842143777 0.2816436335)
(1 0.1842143777 0.2816436335)
(1.1 0.1842143777 0.2816436335)
(1.2 0.1842143777 0.2816436335)
(1.3 0.1842143777 0.2816436335)
(1.4 0.1842143777 0.2816436335)
(1.5 0.1842143777 0.2816436335)
(1.6 0.1842143777 0.2816436335)
(1.7 0.1842143777 0.2816436335)
(1.8 0.1842143777 0.2816436335)
(1.9 0.1842143777 0.2816436335)
(2 0.1842143777 0.2816436335)
(0 0.2061783524 0.2816436335)
(0.1 0.2061783524 0.2816436335)
(0.2 0.2061783524 0.2816436335)
(0.3 0.2061783524 0.2816436335)
(0.4 0.2061783524 0.2816436335)
(0.5 0.2061783524 0.2816436335)
(0.6 0.2061783524 0.2816436335)
(0.7 0.2061783524 0.2816436335)
(0.8 0.2061783524 0.2816436335)
(0.9 0.2061783524 0.2816436335)
(1 0.2061783524 0.2816436335)
(1.1 0.2061783524 0.2816436335)
(1.2 0.2061783524 0.2816436335)
(1.3 0.2061783524 0.2816436335)
(1.4 0.2061783524 0.2816436335)
(1.5 0.2061783524 0.2816436335)
(1.6 0.2061783524 0.2816436335)
(1.7 0.2061783524 0.2816436335)
(1.8 0.2061783524 0.2816436335)
(1.9 0.2061783524 0.2816436335)
(2 0.2061783524 0.2816436335)
(0 0.2296661811 0.2816436335)
(0.1 0.2296661811 0.2816436335)
(0.2 0.2296661811 0.2816436335)
(0.3 0.2296661811 0.2816436335)
(0.4 0.2296661811 0.2816436335)
(0.5 0.2296661811 0.2816436335)
(0.6 0.2296661811 0.2816436335)
(0.7 0.2296661811 0.2816436335)
(0.8 0.2296661811 0.2816436335)
(0.9 0.2296661811 0.2816436335)
(1 0.2296661811 0.2816436335)
(1.1 0.2296661811 0.2816436335)
(1.2 0.2296661811 0.2816436335)
(1.3 0.2296661811 0.2816436335)
(1.4 0.2296661811 0.2816436335)
(1.5 0.2296661811 0.2816436335)
(1.6 0.2296661811 0.2816436335)
(1.7 0.2296661811 0.2816436335)
(1.8 0.2296661811 0.2816436335)
(1.9 0.2296661811 0.2816436335)
(2 0.2296661811 0.2816436335)
(0 0.2547835882 0.2816436335)
(0.1 0.2547835882 0.2816436335)
(0.2 0.2547835882 0.2816436335)
(0.3 0.2547835882 0.2816436335)
(0.4 0.2547835882 0.2816436335)
(0.5 0.2547835882 0.2816436335)
(0.6 0.2547835882 0.2816436335)
(0.7 0.2547835882 0.2816436335)
(0.8 0.2547835882 0.2816436335)
(0.9 0.2547835882 0.2816436335)
(1 0.2547835882 0.2816436335)
(1.1 0.2547835882 0.2816436335)
(1.2 0.2547835882 0.2816436335)
(1.3 0.2547835882 0.2816436335)
(1.4 0.2547835882 0.2816436335)
(1.5 0.2547835882 0.2816436335)
(1.6 0.2547835882 0.2816436335)
(1.7 0.2547835882 0.2816436335)
(1.8 0.2547835882 0.2816436335)
(1.9 0.2547835882 0.2816436335)
(2 0.2547835882 0.2816436335)
(0 0.2816436335 0.2816436335)
(0.1 0.2816436335 0.2816436335)
(0.2 0.2816436335 0.2816436335)
(0.3 0.2816436335 0.2816436335)
(0.4 0.2816436335 0.2816436335)
(0.5 0.2816436335 0.2816436335)
(0.6 0.2816436335 0.2816436335)
(0.7 0.2816436335 0.2816436335)
(0.8 0.2816436335 0.2816436335)
(0.9 0.2816436335 0.2816436335)
(1 0.2816436335 0.2816436335)
(1.1 0.2816436335 0.2816436335)
(1.2 0.2816436335 0.2816436335)
(1.3 0.2816436335 0.2816436335)
(1.4 0.2816436335 0.2816436335)
(1.5 0.2816436335 0.2816436335)
(1.6 0.2816436335 0.2816436335)
(1.7 0.2816436335 0.2816436335)
(1.8 0.2816436335 0.2816436335)
(1.9 0.2816436335 0.2816436335)
(2 0.2816436335 0.2816436335)
(0 0.3103672206 0.2816436335)
(0.1 0.3103672206 0.2816436335)
(0.2 0.3103672206 0.2816436335)
(0.3 0.3103672206 0.2816436335)
(0.4 0.3103672206 0.2816436335)
(0.5 0.3103672206 0.2816436335)
(0.6 0.3103672206 0.2816436335)
(0.7 0.3103672206 0.2816436335)
(0.8 0.3103672206 0.2816436335)
(0.9 0.3103672206 0.2816436335)
(1 0.3103672206 0.2816436335)
(1.1 0.3103672206 0.2816436335)
(1.2 0.3103672206 0.2816436335)
(1.3 0.3103672206 0.2816436335)
(1.4 0.3103672206 0.2816436335)
(1.5 0.3103672206 0.2816436335)
(1.6 0.3103672206 0.2816436335)
(1.7 0.3103672206 0.2816436335)
(1.8 0.3103672206 0.2816436335)
(1.9 0.3103672206 0.2816436335)
(2 0.3103672206 0.2816436335)
(0 0.3410836415 0.2816436335)
(0.1 0.3410836415 0.2816436335)
(0.2 0.3410836415 0.2816436335)
(0.3 0.3410836415 0.2816436335)
(0.4 0.3410836415 0.2816436335)
(0.5 0.3410836415 0.2816436335)
(0.6 0.3410836415 0.2816436335)
(0.7 0.3410836415 0.2816436335)
(0.8 0.3410836415 0.2816436335)
(0.9 0.3410836415 0.2816436335)
(1 0.3410836415 0.2816436335)
(1.1 0.3410836415 0.2816436335)
(1.2 0.3410836415 0.2816436335)
(1.3 0.3410836415 0.2816436335)
(1.4 0.3410836415 0.2816436335)
(1.5 0.3410836415 0.2816436335)
(1.6 0.3410836415 0.2816436335)
(1.7 0.3410836415 0.2816436335)
(1.8 0.3410836415 0.2816436335)
(1.9 0.3410836415 0.2816436335)
(2 0.3410836415 0.2816436335)
(0 0.3739311585 0.2816436335)
(0.1 0.3739311585 0.2816436335)
(0.2 0.3739311585 0.2816436335)
(0.3 0.3739311585 0.2816436335)
(0.4 0.3739311585 0.2816436335)
(0.5 0.3739311585 0.2816436335)
(0.6 0.3739311585 0.2816436335)
(0.7 0.3739311585 0.2816436335)
(0.8 0.3739311585 0.2816436335)
(0.9 0.3739311585 0.2816436335)
(1 0.3739311585 0.2816436335)
(1.1 0.3739311585 0.2816436335)
(1.2 0.3739311585 0.2816436335)
(1.3 0.3739311585 0.2816436335)
(1.4 0.3739311585 0.2816436335)
(1.5 0.3739311585 0.2816436335)
(1.6 0.3739311585 0.2816436335)
(1.7 0.3739311585 0.2816436335)
(1.8 0.3739311585 0.2816436335)
(1.9 0.3739311585 0.2816436335)
(2 0.3739311585 0.2816436335)
(0 0.4090576263 0.2816436335)
(0.1 0.4090576263 0.2816436335)
(0.2 0.4090576263 0.2816436335)
(0.3 0.4090576263 0.2816436335)
(0.4 0.4090576263 0.2816436335)
(0.5 0.4090576263 0.2816436335)
(0.6 0.4090576263 0.2816436335)
(0.7 0.4090576263 0.2816436335)
(0.8 0.4090576263 0.2816436335)
(0.9 0.4090576263 0.2816436335)
(1 0.4090576263 0.2816436335)
(1.1 0.4090576263 0.2816436335)
(1.2 0.4090576263 0.2816436335)
(1.3 0.4090576263 0.2816436335)
(1.4 0.4090576263 0.2816436335)
(1.5 0.4090576263 0.2816436335)
(1.6 0.4090576263 0.2816436335)
(1.7 0.4090576263 0.2816436335)
(1.8 0.4090576263 0.2816436335)
(1.9 0.4090576263 0.2816436335)
(2 0.4090576263 0.2816436335)
(0 0.4466211578 0.2816436335)
(0.1 0.4466211578 0.2816436335)
(0.2 0.4466211578 0.2816436335)
(0.3 0.4466211578 0.2816436335)
(0.4 0.4466211578 0.2816436335)
(0.5 0.4466211578 0.2816436335)
(0.6 0.4466211578 0.2816436335)
(0.7 0.4466211578 0.2816436335)
(0.8 0.4466211578 0.2816436335)
(0.9 0.4466211578 0.2816436335)
(1 0.4466211578 0.2816436335)
(1.1 0.4466211578 0.2816436335)
(1.2 0.4466211578 0.2816436335)
(1.3 0.4466211578 0.2816436335)
(1.4 0.4466211578 0.2816436335)
(1.5 0.4466211578 0.2816436335)
(1.6 0.4466211578 0.2816436335)
(1.7 0.4466211578 0.2816436335)
(1.8 0.4466211578 0.2816436335)
(1.9 0.4466211578 0.2816436335)
(2 0.4466211578 0.2816436335)
(0 0.4867908358 0.2816436335)
(0.1 0.4867908358 0.2816436335)
(0.2 0.4867908358 0.2816436335)
(0.3 0.4867908358 0.2816436335)
(0.4 0.4867908358 0.2816436335)
(0.5 0.4867908358 0.2816436335)
(0.6 0.4867908358 0.2816436335)
(0.7 0.4867908358 0.2816436335)
(0.8 0.4867908358 0.2816436335)
(0.9 0.4867908358 0.2816436335)
(1 0.4867908358 0.2816436335)
(1.1 0.4867908358 0.2816436335)
(1.2 0.4867908358 0.2816436335)
(1.3 0.4867908358 0.2816436335)
(1.4 0.4867908358 0.2816436335)
(1.5 0.4867908358 0.2816436335)
(1.6 0.4867908358 0.2816436335)
(1.7 0.4867908358 0.2816436335)
(1.8 0.4867908358 0.2816436335)
(1.9 0.4867908358 0.2816436335)
(2 0.4867908358 0.2816436335)
(0 0.529747474 0.2816436335)
(0.1 0.529747474 0.2816436335)
(0.2 0.529747474 0.2816436335)
(0.3 0.529747474 0.2816436335)
(0.4 0.529747474 0.2816436335)
(0.5 0.529747474 0.2816436335)
(0.6 0.529747474 0.2816436335)
(0.7 0.529747474 0.2816436335)
(0.8 0.529747474 0.2816436335)
(0.9 0.529747474 0.2816436335)
(1 0.529747474 0.2816436335)
(1.1 0.529747474 0.2816436335)
(1.2 0.529747474 0.2816436335)
(1.3 0.529747474 0.2816436335)
(1.4 0.529747474 0.2816436335)
(1.5 0.529747474 0.2816436335)
(1.6 0.529747474 0.2816436335)
(1.7 0.529747474 0.2816436335)
(1.8 0.529747474 0.2816436335)
(1.9 0.529747474 0.2816436335)
(2 0.529747474 0.2816436335)
(0 0.5756844308 0.2816436335)
(0.1 0.5756844308 0.2816436335)
(0.2 0.5756844308 0.2816436335)
(0.3 0.5756844308 0.2816436335)
(0.4 0.5756844308 0.2816436335)
(0.5 0.5756844308 0.2816436335)
(0.6 0.5756844308 0.2816436335)
(0.7 0.5756844308 0.2816436335)
(0.8 0.5756844308 0.2816436335)
(0.9 0.5756844308 0.2816436335)
(1 0.5756844308 0.2816436335)
(1.1 0.5756844308 0.2816436335)
(1.2 0.5756844308 0.2816436335)
(1.3 0.5756844308 0.2816436335)
(1.4 0.5756844308 0.2816436335)
(1.5 0.5756844308 0.2816436335)
(1.6 0.5756844308 0.2816436335)
(1.7 0.5756844308 0.2816436335)
(1.8 0.5756844308 0.2816436335)
(1.9 0.5756844308 0.2816436335)
(2 0.5756844308 0.2816436335)
(0 0.6248084798 0.2816436335)
(0.1 0.6248084798 0.2816436335)
(0.2 0.6248084798 0.2816436335)
(0.3 0.6248084798 0.2816436335)
(0.4 0.6248084798 0.2816436335)
(0.5 0.6248084798 0.2816436335)
(0.6 0.6248084798 0.2816436335)
(0.7 0.6248084798 0.2816436335)
(0.8 0.6248084798 0.2816436335)
(0.9 0.6248084798 0.2816436335)
(1 0.6248084798 0.2816436335)
(1.1 0.6248084798 0.2816436335)
(1.2 0.6248084798 0.2816436335)
(1.3 0.6248084798 0.2816436335)
(1.4 0.6248084798 0.2816436335)
(1.5 0.6248084798 0.2816436335)
(1.6 0.6248084798 0.2816436335)
(1.7 0.6248084798 0.2816436335)
(1.8 0.6248084798 0.2816436335)
(1.9 0.6248084798 0.2816436335)
(2 0.6248084798 0.2816436335)
(0 0.6773407405 0.2816436335)
(0.1 0.6773407405 0.2816436335)
(0.2 0.6773407405 0.2816436335)
(0.3 0.6773407405 0.2816436335)
(0.4 0.6773407405 0.2816436335)
(0.5 0.6773407405 0.2816436335)
(0.6 0.6773407405 0.2816436335)
(0.7 0.6773407405 0.2816436335)
(0.8 0.6773407405 0.2816436335)
(0.9 0.6773407405 0.2816436335)
(1 0.6773407405 0.2816436335)
(1.1 0.6773407405 0.2816436335)
(1.2 0.6773407405 0.2816436335)
(1.3 0.6773407405 0.2816436335)
(1.4 0.6773407405 0.2816436335)
(1.5 0.6773407405 0.2816436335)
(1.6 0.6773407405 0.2816436335)
(1.7 0.6773407405 0.2816436335)
(1.8 0.6773407405 0.2816436335)
(1.9 0.6773407405 0.2816436335)
(2 0.6773407405 0.2816436335)
(0 0.7335176736 0.2816436335)
(0.1 0.7335176736 0.2816436335)
(0.2 0.7335176736 0.2816436335)
(0.3 0.7335176736 0.2816436335)
(0.4 0.7335176736 0.2816436335)
(0.5 0.7335176736 0.2816436335)
(0.6 0.7335176736 0.2816436335)
(0.7 0.7335176736 0.2816436335)
(0.8 0.7335176736 0.2816436335)
(0.9 0.7335176736 0.2816436335)
(1 0.7335176736 0.2816436335)
(1.1 0.7335176736 0.2816436335)
(1.2 0.7335176736 0.2816436335)
(1.3 0.7335176736 0.2816436335)
(1.4 0.7335176736 0.2816436335)
(1.5 0.7335176736 0.2816436335)
(1.6 0.7335176736 0.2816436335)
(1.7 0.7335176736 0.2816436335)
(1.8 0.7335176736 0.2816436335)
(1.9 0.7335176736 0.2816436335)
(2 0.7335176736 0.2816436335)
(0 0.7935921454 0.2816436335)
(0.1 0.7935921454 0.2816436335)
(0.2 0.7935921454 0.2816436335)
(0.3 0.7935921454 0.2816436335)
(0.4 0.7935921454 0.2816436335)
(0.5 0.7935921454 0.2816436335)
(0.6 0.7935921454 0.2816436335)
(0.7 0.7935921454 0.2816436335)
(0.8 0.7935921454 0.2816436335)
(0.9 0.7935921454 0.2816436335)
(1 0.7935921454 0.2816436335)
(1.1 0.7935921454 0.2816436335)
(1.2 0.7935921454 0.2816436335)
(1.3 0.7935921454 0.2816436335)
(1.4 0.7935921454 0.2816436335)
(1.5 0.7935921454 0.2816436335)
(1.6 0.7935921454 0.2816436335)
(1.7 0.7935921454 0.2816436335)
(1.8 0.7935921454 0.2816436335)
(1.9 0.7935921454 0.2816436335)
(2 0.7935921454 0.2816436335)
(0 0.857834566 0.2816436335)
(0.1 0.857834566 0.2816436335)
(0.2 0.857834566 0.2816436335)
(0.3 0.857834566 0.2816436335)
(0.4 0.857834566 0.2816436335)
(0.5 0.857834566 0.2816436335)
(0.6 0.857834566 0.2816436335)
(0.7 0.857834566 0.2816436335)
(0.8 0.857834566 0.2816436335)
(0.9 0.857834566 0.2816436335)
(1 0.857834566 0.2816436335)
(1.1 0.857834566 0.2816436335)
(1.2 0.857834566 0.2816436335)
(1.3 0.857834566 0.2816436335)
(1.4 0.857834566 0.2816436335)
(1.5 0.857834566 0.2816436335)
(1.6 0.857834566 0.2816436335)
(1.7 0.857834566 0.2816436335)
(1.8 0.857834566 0.2816436335)
(1.9 0.857834566 0.2816436335)
(2 0.857834566 0.2816436335)
(0 0.9265341063 0.2816436335)
(0.1 0.9265341063 0.2816436335)
(0.2 0.9265341063 0.2816436335)
(0.3 0.9265341063 0.2816436335)
(0.4 0.9265341063 0.2816436335)
(0.5 0.9265341063 0.2816436335)
(0.6 0.9265341063 0.2816436335)
(0.7 0.9265341063 0.2816436335)
(0.8 0.9265341063 0.2816436335)
(0.9 0.9265341063 0.2816436335)
(1 0.9265341063 0.2816436335)
(1.1 0.9265341063 0.2816436335)
(1.2 0.9265341063 0.2816436335)
(1.3 0.9265341063 0.2816436335)
(1.4 0.9265341063 0.2816436335)
(1.5 0.9265341063 0.2816436335)
(1.6 0.9265341063 0.2816436335)
(1.7 0.9265341063 0.2816436335)
(1.8 0.9265341063 0.2816436335)
(1.9 0.9265341063 0.2816436335)
(2 0.9265341063 0.2816436335)
(0 1 0.2816436335)
(0.1 1 0.2816436335)
(0.2 1 0.2816436335)
(0.3 1 0.2816436335)
(0.4 1 0.2816436335)
(0.5 1 0.2816436335)
(0.6 1 0.2816436335)
(0.7 1 0.2816436335)
(0.8 1 0.2816436335)
(0.9 1 0.2816436335)
(1 1 0.2816436335)
(1.1 1 0.2816436335)
(1.2 1 0.2816436335)
(1.3 1 0.2816436335)
(1.4 1 0.2816436335)
(1.5 1 0.2816436335)
(1.6 1 0.2816436335)
(1.7 1 0.2816436335)
(1.8 1 0.2816436335)
(1.9 1 0.2816436335)
(2 1 0.2816436335)
(0 0 0.3103672206)
(0.1 0 0.3103672206)
(0.2 0 0.3103672206)
(0.3 0 0.3103672206)
(0.4 0 0.3103672206)
(0.5 0 0.3103672206)
(0.6 0 0.3103672206)
(0.7 0 0.3103672206)
(0.8 0 0.3103672206)
(0.9 0 0.3103672206)
(1 0 0.3103672206)
(1.1 0 0.3103672206)
(1.2 0 0.3103672206)
(1.3 0 0.3103672206)
(1.4 0 0.3103672206)
(1.5 0 0.3103672206)
(1.6 0 0.3103672206)
(1.7 0 0.3103672206)
(1.8 0 0.3103672206)
(1.9 0 0.3103672206)
(2 0 0.3103672206)
(0 0.009183236716 0.3103672206)
(0.1 0.009183236716 0.3103672206)
(0.2 0.009183236716 0.3103672206)
(0.3 0.009183236716 0.3103672206)
(0.4 0.009183236716 0.3103672206)
(0.5 0.009183236716 0.3103672206)
(0.6 0.009183236716 0.3103672206)
(0.7 0.009183236716 0.3103672206)
(0.8 0.009183236716 0.3103672206)
(0.9 0.009183236716 0.3103672206)
(1 0.009183236716 0.3103672206)
(1.1 0.009183236716 0.3103672206)
(1.2 0.009183236716 0.3103672206)
(1.3 0.009183236716 0.3103672206)
(1.4 0.009183236716 0.3103672206)
(1.5 0.009183236716 0.3103672206)
(1.6 0.009183236716 0.3103672206)
(1.7 0.009183236716 0.3103672206)
(1.8 0.009183236716 0.3103672206)
(1.9 0.009183236716 0.3103672206)
(2 0.009183236716 0.3103672206)
(0 0.01900360363 0.3103672206)
(0.1 0.01900360363 0.3103672206)
(0.2 0.01900360363 0.3103672206)
(0.3 0.01900360363 0.3103672206)
(0.4 0.01900360363 0.3103672206)
(0.5 0.01900360363 0.3103672206)
(0.6 0.01900360363 0.3103672206)
(0.7 0.01900360363 0.3103672206)
(0.8 0.01900360363 0.3103672206)
(0.9 0.01900360363 0.3103672206)
(1 0.01900360363 0.3103672206)
(1.1 0.01900360363 0.3103672206)
(1.2 0.01900360363 0.3103672206)
(1.3 0.01900360363 0.3103672206)
(1.4 0.01900360363 0.3103672206)
(1.5 0.01900360363 0.3103672206)
(1.6 0.01900360363 0.3103672206)
(1.7 0.01900360363 0.3103672206)
(1.8 0.01900360363 0.3103672206)
(1.9 0.01900360363 0.3103672206)
(2 0.01900360363 0.3103672206)
(0 0.02950530463 0.3103672206)
(0.1 0.02950530463 0.3103672206)
(0.2 0.02950530463 0.3103672206)
(0.3 0.02950530463 0.3103672206)
(0.4 0.02950530463 0.3103672206)
(0.5 0.02950530463 0.3103672206)
(0.6 0.02950530463 0.3103672206)
(0.7 0.02950530463 0.3103672206)
(0.8 0.02950530463 0.3103672206)
(0.9 0.02950530463 0.3103672206)
(1 0.02950530463 0.3103672206)
(1.1 0.02950530463 0.3103672206)
(1.2 0.02950530463 0.3103672206)
(1.3 0.02950530463 0.3103672206)
(1.4 0.02950530463 0.3103672206)
(1.5 0.02950530463 0.3103672206)
(1.6 0.02950530463 0.3103672206)
(1.7 0.02950530463 0.3103672206)
(1.8 0.02950530463 0.3103672206)
(1.9 0.02950530463 0.3103672206)
(2 0.02950530463 0.3103672206)
(0 0.04073561049 0.3103672206)
(0.1 0.04073561049 0.3103672206)
(0.2 0.04073561049 0.3103672206)
(0.3 0.04073561049 0.3103672206)
(0.4 0.04073561049 0.3103672206)
(0.5 0.04073561049 0.3103672206)
(0.6 0.04073561049 0.3103672206)
(0.7 0.04073561049 0.3103672206)
(0.8 0.04073561049 0.3103672206)
(0.9 0.04073561049 0.3103672206)
(1 0.04073561049 0.3103672206)
(1.1 0.04073561049 0.3103672206)
(1.2 0.04073561049 0.3103672206)
(1.3 0.04073561049 0.3103672206)
(1.4 0.04073561049 0.3103672206)
(1.5 0.04073561049 0.3103672206)
(1.6 0.04073561049 0.3103672206)
(1.7 0.04073561049 0.3103672206)
(1.8 0.04073561049 0.3103672206)
(1.9 0.04073561049 0.3103672206)
(2 0.04073561049 0.3103672206)
(0 0.05274507158 0.3103672206)
(0.1 0.05274507158 0.3103672206)
(0.2 0.05274507158 0.3103672206)
(0.3 0.05274507158 0.3103672206)
(0.4 0.05274507158 0.3103672206)
(0.5 0.05274507158 0.3103672206)
(0.6 0.05274507158 0.3103672206)
(0.7 0.05274507158 0.3103672206)
(0.8 0.05274507158 0.3103672206)
(0.9 0.05274507158 0.3103672206)
(1 0.05274507158 0.3103672206)
(1.1 0.05274507158 0.3103672206)
(1.2 0.05274507158 0.3103672206)
(1.3 0.05274507158 0.3103672206)
(1.4 0.05274507158 0.3103672206)
(1.5 0.05274507158 0.3103672206)
(1.6 0.05274507158 0.3103672206)
(1.7 0.05274507158 0.3103672206)
(1.8 0.05274507158 0.3103672206)
(1.9 0.05274507158 0.3103672206)
(2 0.05274507158 0.3103672206)
(0 0.06558774547 0.3103672206)
(0.1 0.06558774547 0.3103672206)
(0.2 0.06558774547 0.3103672206)
(0.3 0.06558774547 0.3103672206)
(0.4 0.06558774547 0.3103672206)
(0.5 0.06558774547 0.3103672206)
(0.6 0.06558774547 0.3103672206)
(0.7 0.06558774547 0.3103672206)
(0.8 0.06558774547 0.3103672206)
(0.9 0.06558774547 0.3103672206)
(1 0.06558774547 0.3103672206)
(1.1 0.06558774547 0.3103672206)
(1.2 0.06558774547 0.3103672206)
(1.3 0.06558774547 0.3103672206)
(1.4 0.06558774547 0.3103672206)
(1.5 0.06558774547 0.3103672206)
(1.6 0.06558774547 0.3103672206)
(1.7 0.06558774547 0.3103672206)
(1.8 0.06558774547 0.3103672206)
(1.9 0.06558774547 0.3103672206)
(2 0.06558774547 0.3103672206)
(0 0.07932144019 0.3103672206)
(0.1 0.07932144019 0.3103672206)
(0.2 0.07932144019 0.3103672206)
(0.3 0.07932144019 0.3103672206)
(0.4 0.07932144019 0.3103672206)
(0.5 0.07932144019 0.3103672206)
(0.6 0.07932144019 0.3103672206)
(0.7 0.07932144019 0.3103672206)
(0.8 0.07932144019 0.3103672206)
(0.9 0.07932144019 0.3103672206)
(1 0.07932144019 0.3103672206)
(1.1 0.07932144019 0.3103672206)
(1.2 0.07932144019 0.3103672206)
(1.3 0.07932144019 0.3103672206)
(1.4 0.07932144019 0.3103672206)
(1.5 0.07932144019 0.3103672206)
(1.6 0.07932144019 0.3103672206)
(1.7 0.07932144019 0.3103672206)
(1.8 0.07932144019 0.3103672206)
(1.9 0.07932144019 0.3103672206)
(2 0.07932144019 0.3103672206)
(0 0.09400797452 0.3103672206)
(0.1 0.09400797452 0.3103672206)
(0.2 0.09400797452 0.3103672206)
(0.3 0.09400797452 0.3103672206)
(0.4 0.09400797452 0.3103672206)
(0.5 0.09400797452 0.3103672206)
(0.6 0.09400797452 0.3103672206)
(0.7 0.09400797452 0.3103672206)
(0.8 0.09400797452 0.3103672206)
(0.9 0.09400797452 0.3103672206)
(1 0.09400797452 0.3103672206)
(1.1 0.09400797452 0.3103672206)
(1.2 0.09400797452 0.3103672206)
(1.3 0.09400797452 0.3103672206)
(1.4 0.09400797452 0.3103672206)
(1.5 0.09400797452 0.3103672206)
(1.6 0.09400797452 0.3103672206)
(1.7 0.09400797452 0.3103672206)
(1.8 0.09400797452 0.3103672206)
(1.9 0.09400797452 0.3103672206)
(2 0.09400797452 0.3103672206)
(0 0.1097134562 0.3103672206)
(0.1 0.1097134562 0.3103672206)
(0.2 0.1097134562 0.3103672206)
(0.3 0.1097134562 0.3103672206)
(0.4 0.1097134562 0.3103672206)
(0.5 0.1097134562 0.3103672206)
(0.6 0.1097134562 0.3103672206)
(0.7 0.1097134562 0.3103672206)
(0.8 0.1097134562 0.3103672206)
(0.9 0.1097134562 0.3103672206)
(1 0.1097134562 0.3103672206)
(1.1 0.1097134562 0.3103672206)
(1.2 0.1097134562 0.3103672206)
(1.3 0.1097134562 0.3103672206)
(1.4 0.1097134562 0.3103672206)
(1.5 0.1097134562 0.3103672206)
(1.6 0.1097134562 0.3103672206)
(1.7 0.1097134562 0.3103672206)
(1.8 0.1097134562 0.3103672206)
(1.9 0.1097134562 0.3103672206)
(2 0.1097134562 0.3103672206)
(0 0.1265085794 0.3103672206)
(0.1 0.1265085794 0.3103672206)
(0.2 0.1265085794 0.3103672206)
(0.3 0.1265085794 0.3103672206)
(0.4 0.1265085794 0.3103672206)
(0.5 0.1265085794 0.3103672206)
(0.6 0.1265085794 0.3103672206)
(0.7 0.1265085794 0.3103672206)
(0.8 0.1265085794 0.3103672206)
(0.9 0.1265085794 0.3103672206)
(1 0.1265085794 0.3103672206)
(1.1 0.1265085794 0.3103672206)
(1.2 0.1265085794 0.3103672206)
(1.3 0.1265085794 0.3103672206)
(1.4 0.1265085794 0.3103672206)
(1.5 0.1265085794 0.3103672206)
(1.6 0.1265085794 0.3103672206)
(1.7 0.1265085794 0.3103672206)
(1.8 0.1265085794 0.3103672206)
(1.9 0.1265085794 0.3103672206)
(2 0.1265085794 0.3103672206)
(0 0.1444689432 0.3103672206)
(0.1 0.1444689432 0.3103672206)
(0.2 0.1444689432 0.3103672206)
(0.3 0.1444689432 0.3103672206)
(0.4 0.1444689432 0.3103672206)
(0.5 0.1444689432 0.3103672206)
(0.6 0.1444689432 0.3103672206)
(0.7 0.1444689432 0.3103672206)
(0.8 0.1444689432 0.3103672206)
(0.9 0.1444689432 0.3103672206)
(1 0.1444689432 0.3103672206)
(1.1 0.1444689432 0.3103672206)
(1.2 0.1444689432 0.3103672206)
(1.3 0.1444689432 0.3103672206)
(1.4 0.1444689432 0.3103672206)
(1.5 0.1444689432 0.3103672206)
(1.6 0.1444689432 0.3103672206)
(1.7 0.1444689432 0.3103672206)
(1.8 0.1444689432 0.3103672206)
(1.9 0.1444689432 0.3103672206)
(2 0.1444689432 0.3103672206)
(0 0.1636753917 0.3103672206)
(0.1 0.1636753917 0.3103672206)
(0.2 0.1636753917 0.3103672206)
(0.3 0.1636753917 0.3103672206)
(0.4 0.1636753917 0.3103672206)
(0.5 0.1636753917 0.3103672206)
(0.6 0.1636753917 0.3103672206)
(0.7 0.1636753917 0.3103672206)
(0.8 0.1636753917 0.3103672206)
(0.9 0.1636753917 0.3103672206)
(1 0.1636753917 0.3103672206)
(1.1 0.1636753917 0.3103672206)
(1.2 0.1636753917 0.3103672206)
(1.3 0.1636753917 0.3103672206)
(1.4 0.1636753917 0.3103672206)
(1.5 0.1636753917 0.3103672206)
(1.6 0.1636753917 0.3103672206)
(1.7 0.1636753917 0.3103672206)
(1.8 0.1636753917 0.3103672206)
(1.9 0.1636753917 0.3103672206)
(2 0.1636753917 0.3103672206)
(0 0.1842143777 0.3103672206)
(0.1 0.1842143777 0.3103672206)
(0.2 0.1842143777 0.3103672206)
(0.3 0.1842143777 0.3103672206)
(0.4 0.1842143777 0.3103672206)
(0.5 0.1842143777 0.3103672206)
(0.6 0.1842143777 0.3103672206)
(0.7 0.1842143777 0.3103672206)
(0.8 0.1842143777 0.3103672206)
(0.9 0.1842143777 0.3103672206)
(1 0.1842143777 0.3103672206)
(1.1 0.1842143777 0.3103672206)
(1.2 0.1842143777 0.3103672206)
(1.3 0.1842143777 0.3103672206)
(1.4 0.1842143777 0.3103672206)
(1.5 0.1842143777 0.3103672206)
(1.6 0.1842143777 0.3103672206)
(1.7 0.1842143777 0.3103672206)
(1.8 0.1842143777 0.3103672206)
(1.9 0.1842143777 0.3103672206)
(2 0.1842143777 0.3103672206)
(0 0.2061783524 0.3103672206)
(0.1 0.2061783524 0.3103672206)
(0.2 0.2061783524 0.3103672206)
(0.3 0.2061783524 0.3103672206)
(0.4 0.2061783524 0.3103672206)
(0.5 0.2061783524 0.3103672206)
(0.6 0.2061783524 0.3103672206)
(0.7 0.2061783524 0.3103672206)
(0.8 0.2061783524 0.3103672206)
(0.9 0.2061783524 0.3103672206)
(1 0.2061783524 0.3103672206)
(1.1 0.2061783524 0.3103672206)
(1.2 0.2061783524 0.3103672206)
(1.3 0.2061783524 0.3103672206)
(1.4 0.2061783524 0.3103672206)
(1.5 0.2061783524 0.3103672206)
(1.6 0.2061783524 0.3103672206)
(1.7 0.2061783524 0.3103672206)
(1.8 0.2061783524 0.3103672206)
(1.9 0.2061783524 0.3103672206)
(2 0.2061783524 0.3103672206)
(0 0.2296661811 0.3103672206)
(0.1 0.2296661811 0.3103672206)
(0.2 0.2296661811 0.3103672206)
(0.3 0.2296661811 0.3103672206)
(0.4 0.2296661811 0.3103672206)
(0.5 0.2296661811 0.3103672206)
(0.6 0.2296661811 0.3103672206)
(0.7 0.2296661811 0.3103672206)
(0.8 0.2296661811 0.3103672206)
(0.9 0.2296661811 0.3103672206)
(1 0.2296661811 0.3103672206)
(1.1 0.2296661811 0.3103672206)
(1.2 0.2296661811 0.3103672206)
(1.3 0.2296661811 0.3103672206)
(1.4 0.2296661811 0.3103672206)
(1.5 0.2296661811 0.3103672206)
(1.6 0.2296661811 0.3103672206)
(1.7 0.2296661811 0.3103672206)
(1.8 0.2296661811 0.3103672206)
(1.9 0.2296661811 0.3103672206)
(2 0.2296661811 0.3103672206)
(0 0.2547835882 0.3103672206)
(0.1 0.2547835882 0.3103672206)
(0.2 0.2547835882 0.3103672206)
(0.3 0.2547835882 0.3103672206)
(0.4 0.2547835882 0.3103672206)
(0.5 0.2547835882 0.3103672206)
(0.6 0.2547835882 0.3103672206)
(0.7 0.2547835882 0.3103672206)
(0.8 0.2547835882 0.3103672206)
(0.9 0.2547835882 0.3103672206)
(1 0.2547835882 0.3103672206)
(1.1 0.2547835882 0.3103672206)
(1.2 0.2547835882 0.3103672206)
(1.3 0.2547835882 0.3103672206)
(1.4 0.2547835882 0.3103672206)
(1.5 0.2547835882 0.3103672206)
(1.6 0.2547835882 0.3103672206)
(1.7 0.2547835882 0.3103672206)
(1.8 0.2547835882 0.3103672206)
(1.9 0.2547835882 0.3103672206)
(2 0.2547835882 0.3103672206)
(0 0.2816436335 0.3103672206)
(0.1 0.2816436335 0.3103672206)
(0.2 0.2816436335 0.3103672206)
(0.3 0.2816436335 0.3103672206)
(0.4 0.2816436335 0.3103672206)
(0.5 0.2816436335 0.3103672206)
(0.6 0.2816436335 0.3103672206)
(0.7 0.2816436335 0.3103672206)
(0.8 0.2816436335 0.3103672206)
(0.9 0.2816436335 0.3103672206)
(1 0.2816436335 0.3103672206)
(1.1 0.2816436335 0.3103672206)
(1.2 0.2816436335 0.3103672206)
(1.3 0.2816436335 0.3103672206)
(1.4 0.2816436335 0.3103672206)
(1.5 0.2816436335 0.3103672206)
(1.6 0.2816436335 0.3103672206)
(1.7 0.2816436335 0.3103672206)
(1.8 0.2816436335 0.3103672206)
(1.9 0.2816436335 0.3103672206)
(2 0.2816436335 0.3103672206)
(0 0.3103672206 0.3103672206)
(0.1 0.3103672206 0.3103672206)
(0.2 0.3103672206 0.3103672206)
(0.3 0.3103672206 0.3103672206)
(0.4 0.3103672206 0.3103672206)
(0.5 0.3103672206 0.3103672206)
(0.6 0.3103672206 0.3103672206)
(0.7 0.3103672206 0.3103672206)
(0.8 0.3103672206 0.3103672206)
(0.9 0.3103672206 0.3103672206)
(1 0.3103672206 0.3103672206)
(1.1 0.3103672206 0.3103672206)
(1.2 0.3103672206 0.3103672206)
(1.3 0.3103672206 0.3103672206)
(1.4 0.3103672206 0.3103672206)
(1.5 0.3103672206 0.3103672206)
(1.6 0.3103672206 0.3103672206)
(1.7 0.3103672206 0.3103672206)
(1.8 0.3103672206 0.3103672206)
(1.9 0.3103672206 0.3103672206)
(2 0.3103672206 0.3103672206)
(0 0.3410836415 0.3103672206)
(0.1 0.3410836415 0.3103672206)
(0.2 0.3410836415 0.3103672206)
(0.3 0.3410836415 0.3103672206)
(0.4 0.3410836415 0.3103672206)
(0.5 0.3410836415 0.3103672206)
(0.6 0.3410836415 0.3103672206)
(0.7 0.3410836415 0.3103672206)
(0.8 0.3410836415 0.3103672206)
(0.9 0.3410836415 0.3103672206)
(1 0.3410836415 0.3103672206)
(1.1 0.3410836415 0.3103672206)
(1.2 0.3410836415 0.3103672206)
(1.3 0.3410836415 0.3103672206)
(1.4 0.3410836415 0.3103672206)
(1.5 0.3410836415 0.3103672206)
(1.6 0.3410836415 0.3103672206)
(1.7 0.3410836415 0.3103672206)
(1.8 0.3410836415 0.3103672206)
(1.9 0.3410836415 0.3103672206)
(2 0.3410836415 0.3103672206)
(0 0.3739311585 0.3103672206)
(0.1 0.3739311585 0.3103672206)
(0.2 0.3739311585 0.3103672206)
(0.3 0.3739311585 0.3103672206)
(0.4 0.3739311585 0.3103672206)
(0.5 0.3739311585 0.3103672206)
(0.6 0.3739311585 0.3103672206)
(0.7 0.3739311585 0.3103672206)
(0.8 0.3739311585 0.3103672206)
(0.9 0.3739311585 0.3103672206)
(1 0.3739311585 0.3103672206)
(1.1 0.3739311585 0.3103672206)
(1.2 0.3739311585 0.3103672206)
(1.3 0.3739311585 0.3103672206)
(1.4 0.3739311585 0.3103672206)
(1.5 0.3739311585 0.3103672206)
(1.6 0.3739311585 0.3103672206)
(1.7 0.3739311585 0.3103672206)
(1.8 0.3739311585 0.3103672206)
(1.9 0.3739311585 0.3103672206)
(2 0.3739311585 0.3103672206)
(0 0.4090576263 0.3103672206)
(0.1 0.4090576263 0.3103672206)
(0.2 0.4090576263 0.3103672206)
(0.3 0.4090576263 0.3103672206)
(0.4 0.4090576263 0.3103672206)
(0.5 0.4090576263 0.3103672206)
(0.6 0.4090576263 0.3103672206)
(0.7 0.4090576263 0.3103672206)
(0.8 0.4090576263 0.3103672206)
(0.9 0.4090576263 0.3103672206)
(1 0.4090576263 0.3103672206)
(1.1 0.4090576263 0.3103672206)
(1.2 0.4090576263 0.3103672206)
(1.3 0.4090576263 0.3103672206)
(1.4 0.4090576263 0.3103672206)
(1.5 0.4090576263 0.3103672206)
(1.6 0.4090576263 0.3103672206)
(1.7 0.4090576263 0.3103672206)
(1.8 0.4090576263 0.3103672206)
(1.9 0.4090576263 0.3103672206)
(2 0.4090576263 0.3103672206)
(0 0.4466211578 0.3103672206)
(0.1 0.4466211578 0.3103672206)
(0.2 0.4466211578 0.3103672206)
(0.3 0.4466211578 0.3103672206)
(0.4 0.4466211578 0.3103672206)
(0.5 0.4466211578 0.3103672206)
(0.6 0.4466211578 0.3103672206)
(0.7 0.4466211578 0.3103672206)
(0.8 0.4466211578 0.3103672206)
(0.9 0.4466211578 0.3103672206)
(1 0.4466211578 0.3103672206)
(1.1 0.4466211578 0.3103672206)
(1.2 0.4466211578 0.3103672206)
(1.3 0.4466211578 0.3103672206)
(1.4 0.4466211578 0.3103672206)
(1.5 0.4466211578 0.3103672206)
(1.6 0.4466211578 0.3103672206)
(1.7 0.4466211578 0.3103672206)
(1.8 0.4466211578 0.3103672206)
(1.9 0.4466211578 0.3103672206)
(2 0.4466211578 0.3103672206)
(0 0.4867908358 0.3103672206)
(0.1 0.4867908358 0.3103672206)
(0.2 0.4867908358 0.3103672206)
(0.3 0.4867908358 0.3103672206)
(0.4 0.4867908358 0.3103672206)
(0.5 0.4867908358 0.3103672206)
(0.6 0.4867908358 0.3103672206)
(0.7 0.4867908358 0.3103672206)
(0.8 0.4867908358 0.3103672206)
(0.9 0.4867908358 0.3103672206)
(1 0.4867908358 0.3103672206)
(1.1 0.4867908358 0.3103672206)
(1.2 0.4867908358 0.3103672206)
(1.3 0.4867908358 0.3103672206)
(1.4 0.4867908358 0.3103672206)
(1.5 0.4867908358 0.3103672206)
(1.6 0.4867908358 0.3103672206)
(1.7 0.4867908358 0.3103672206)
(1.8 0.4867908358 0.3103672206)
(1.9 0.4867908358 0.3103672206)
(2 0.4867908358 0.3103672206)
(0 0.529747474 0.3103672206)
(0.1 0.529747474 0.3103672206)
(0.2 0.529747474 0.3103672206)
(0.3 0.529747474 0.3103672206)
(0.4 0.529747474 0.3103672206)
(0.5 0.529747474 0.3103672206)
(0.6 0.529747474 0.3103672206)
(0.7 0.529747474 0.3103672206)
(0.8 0.529747474 0.3103672206)
(0.9 0.529747474 0.3103672206)
(1 0.529747474 0.3103672206)
(1.1 0.529747474 0.3103672206)
(1.2 0.529747474 0.3103672206)
(1.3 0.529747474 0.3103672206)
(1.4 0.529747474 0.3103672206)
(1.5 0.529747474 0.3103672206)
(1.6 0.529747474 0.3103672206)
(1.7 0.529747474 0.3103672206)
(1.8 0.529747474 0.3103672206)
(1.9 0.529747474 0.3103672206)
(2 0.529747474 0.3103672206)
(0 0.5756844308 0.3103672206)
(0.1 0.5756844308 0.3103672206)
(0.2 0.5756844308 0.3103672206)
(0.3 0.5756844308 0.3103672206)
(0.4 0.5756844308 0.3103672206)
(0.5 0.5756844308 0.3103672206)
(0.6 0.5756844308 0.3103672206)
(0.7 0.5756844308 0.3103672206)
(0.8 0.5756844308 0.3103672206)
(0.9 0.5756844308 0.3103672206)
(1 0.5756844308 0.3103672206)
(1.1 0.5756844308 0.3103672206)
(1.2 0.5756844308 0.3103672206)
(1.3 0.5756844308 0.3103672206)
(1.4 0.5756844308 0.3103672206)
(1.5 0.5756844308 0.3103672206)
(1.6 0.5756844308 0.3103672206)
(1.7 0.5756844308 0.3103672206)
(1.8 0.5756844308 0.3103672206)
(1.9 0.5756844308 0.3103672206)
(2 0.5756844308 0.3103672206)
(0 0.6248084798 0.3103672206)
(0.1 0.6248084798 0.3103672206)
(0.2 0.6248084798 0.3103672206)
(0.3 0.6248084798 0.3103672206)
(0.4 0.6248084798 0.3103672206)
(0.5 0.6248084798 0.3103672206)
(0.6 0.6248084798 0.3103672206)
(0.7 0.6248084798 0.3103672206)
(0.8 0.6248084798 0.3103672206)
(0.9 0.6248084798 0.3103672206)
(1 0.6248084798 0.3103672206)
(1.1 0.6248084798 0.3103672206)
(1.2 0.6248084798 0.3103672206)
(1.3 0.6248084798 0.3103672206)
(1.4 0.6248084798 0.3103672206)
(1.5 0.6248084798 0.3103672206)
(1.6 0.6248084798 0.3103672206)
(1.7 0.6248084798 0.3103672206)
(1.8 0.6248084798 0.3103672206)
(1.9 0.6248084798 0.3103672206)
(2 0.6248084798 0.3103672206)
(0 0.6773407405 0.3103672206)
(0.1 0.6773407405 0.3103672206)
(0.2 0.6773407405 0.3103672206)
(0.3 0.6773407405 0.3103672206)
(0.4 0.6773407405 0.3103672206)
(0.5 0.6773407405 0.3103672206)
(0.6 0.6773407405 0.3103672206)
(0.7 0.6773407405 0.3103672206)
(0.8 0.6773407405 0.3103672206)
(0.9 0.6773407405 0.3103672206)
(1 0.6773407405 0.3103672206)
(1.1 0.6773407405 0.3103672206)
(1.2 0.6773407405 0.3103672206)
(1.3 0.6773407405 0.3103672206)
(1.4 0.6773407405 0.3103672206)
(1.5 0.6773407405 0.3103672206)
(1.6 0.6773407405 0.3103672206)
(1.7 0.6773407405 0.3103672206)
(1.8 0.6773407405 0.3103672206)
(1.9 0.6773407405 0.3103672206)
(2 0.6773407405 0.3103672206)
(0 0.7335176736 0.3103672206)
(0.1 0.7335176736 0.3103672206)
(0.2 0.7335176736 0.3103672206)
(0.3 0.7335176736 0.3103672206)
(0.4 0.7335176736 0.3103672206)
(0.5 0.7335176736 0.3103672206)
(0.6 0.7335176736 0.3103672206)
(0.7 0.7335176736 0.3103672206)
(0.8 0.7335176736 0.3103672206)
(0.9 0.7335176736 0.3103672206)
(1 0.7335176736 0.3103672206)
(1.1 0.7335176736 0.3103672206)
(1.2 0.7335176736 0.3103672206)
(1.3 0.7335176736 0.3103672206)
(1.4 0.7335176736 0.3103672206)
(1.5 0.7335176736 0.3103672206)
(1.6 0.7335176736 0.3103672206)
(1.7 0.7335176736 0.3103672206)
(1.8 0.7335176736 0.3103672206)
(1.9 0.7335176736 0.3103672206)
(2 0.7335176736 0.3103672206)
(0 0.7935921454 0.3103672206)
(0.1 0.7935921454 0.3103672206)
(0.2 0.7935921454 0.3103672206)
(0.3 0.7935921454 0.3103672206)
(0.4 0.7935921454 0.3103672206)
(0.5 0.7935921454 0.3103672206)
(0.6 0.7935921454 0.3103672206)
(0.7 0.7935921454 0.3103672206)
(0.8 0.7935921454 0.3103672206)
(0.9 0.7935921454 0.3103672206)
(1 0.7935921454 0.3103672206)
(1.1 0.7935921454 0.3103672206)
(1.2 0.7935921454 0.3103672206)
(1.3 0.7935921454 0.3103672206)
(1.4 0.7935921454 0.3103672206)
(1.5 0.7935921454 0.3103672206)
(1.6 0.7935921454 0.3103672206)
(1.7 0.7935921454 0.3103672206)
(1.8 0.7935921454 0.3103672206)
(1.9 0.7935921454 0.3103672206)
(2 0.7935921454 0.3103672206)
(0 0.857834566 0.3103672206)
(0.1 0.857834566 0.3103672206)
(0.2 0.857834566 0.3103672206)
(0.3 0.857834566 0.3103672206)
(0.4 0.857834566 0.3103672206)
(0.5 0.857834566 0.3103672206)
(0.6 0.857834566 0.3103672206)
(0.7 0.857834566 0.3103672206)
(0.8 0.857834566 0.3103672206)
(0.9 0.857834566 0.3103672206)
(1 0.857834566 0.3103672206)
(1.1 0.857834566 0.3103672206)
(1.2 0.857834566 0.3103672206)
(1.3 0.857834566 0.3103672206)
(1.4 0.857834566 0.3103672206)
(1.5 0.857834566 0.3103672206)
(1.6 0.857834566 0.3103672206)
(1.7 0.857834566 0.3103672206)
(1.8 0.857834566 0.3103672206)
(1.9 0.857834566 0.3103672206)
(2 0.857834566 0.3103672206)
(0 0.9265341063 0.3103672206)
(0.1 0.9265341063 0.3103672206)
(0.2 0.9265341063 0.3103672206)
(0.3 0.9265341063 0.3103672206)
(0.4 0.9265341063 0.3103672206)
(0.5 0.9265341063 0.3103672206)
(0.6 0.9265341063 0.3103672206)
(0.7 0.9265341063 0.3103672206)
(0.8 0.9265341063 0.3103672206)
(0.9 0.9265341063 0.3103672206)
(1 0.9265341063 0.3103672206)
(1.1 0.9265341063 0.3103672206)
(1.2 0.9265341063 0.3103672206)
(1.3 0.9265341063 0.3103672206)
(1.4 0.9265341063 0.3103672206)
(1.5 0.9265341063 0.3103672206)
(1.6 0.9265341063 0.3103672206)
(1.7 0.9265341063 0.3103672206)
(1.8 0.9265341063 0.3103672206)
(1.9 0.9265341063 0.3103672206)
(2 0.9265341063 0.3103672206)
(0 1 0.3103672206)
(0.1 1 0.3103672206)
(0.2 1 0.3103672206)
(0.3 1 0.3103672206)
(0.4 1 0.3103672206)
(0.5 1 0.3103672206)
(0.6 1 0.3103672206)
(0.7 1 0.3103672206)
(0.8 1 0.3103672206)
(0.9 1 0.3103672206)
(1 1 0.3103672206)
(1.1 1 0.3103672206)
(1.2 1 0.3103672206)
(1.3 1 0.3103672206)
(1.4 1 0.3103672206)
(1.5 1 0.3103672206)
(1.6 1 0.3103672206)
(1.7 1 0.3103672206)
(1.8 1 0.3103672206)
(1.9 1 0.3103672206)
(2 1 0.3103672206)
(0 0 0.3410836415)
(0.1 0 0.3410836415)
(0.2 0 0.3410836415)
(0.3 0 0.3410836415)
(0.4 0 0.3410836415)
(0.5 0 0.3410836415)
(0.6 0 0.3410836415)
(0.7 0 0.3410836415)
(0.8 0 0.3410836415)
(0.9 0 0.3410836415)
(1 0 0.3410836415)
(1.1 0 0.3410836415)
(1.2 0 0.3410836415)
(1.3 0 0.3410836415)
(1.4 0 0.3410836415)
(1.5 0 0.3410836415)
(1.6 0 0.3410836415)
(1.7 0 0.3410836415)
(1.8 0 0.3410836415)
(1.9 0 0.3410836415)
(2 0 0.3410836415)
(0 0.009183236716 0.3410836415)
(0.1 0.009183236716 0.3410836415)
(0.2 0.009183236716 0.3410836415)
(0.3 0.009183236716 0.3410836415)
(0.4 0.009183236716 0.3410836415)
(0.5 0.009183236716 0.3410836415)
(0.6 0.009183236716 0.3410836415)
(0.7 0.009183236716 0.3410836415)
(0.8 0.009183236716 0.3410836415)
(0.9 0.009183236716 0.3410836415)
(1 0.009183236716 0.3410836415)
(1.1 0.009183236716 0.3410836415)
(1.2 0.009183236716 0.3410836415)
(1.3 0.009183236716 0.3410836415)
(1.4 0.009183236716 0.3410836415)
(1.5 0.009183236716 0.3410836415)
(1.6 0.009183236716 0.3410836415)
(1.7 0.009183236716 0.3410836415)
(1.8 0.009183236716 0.3410836415)
(1.9 0.009183236716 0.3410836415)
(2 0.009183236716 0.3410836415)
(0 0.01900360363 0.3410836415)
(0.1 0.01900360363 0.3410836415)
(0.2 0.01900360363 0.3410836415)
(0.3 0.01900360363 0.3410836415)
(0.4 0.01900360363 0.3410836415)
(0.5 0.01900360363 0.3410836415)
(0.6 0.01900360363 0.3410836415)
(0.7 0.01900360363 0.3410836415)
(0.8 0.01900360363 0.3410836415)
(0.9 0.01900360363 0.3410836415)
(1 0.01900360363 0.3410836415)
(1.1 0.01900360363 0.3410836415)
(1.2 0.01900360363 0.3410836415)
(1.3 0.01900360363 0.3410836415)
(1.4 0.01900360363 0.3410836415)
(1.5 0.01900360363 0.3410836415)
(1.6 0.01900360363 0.3410836415)
(1.7 0.01900360363 0.3410836415)
(1.8 0.01900360363 0.3410836415)
(1.9 0.01900360363 0.3410836415)
(2 0.01900360363 0.3410836415)
(0 0.02950530463 0.3410836415)
(0.1 0.02950530463 0.3410836415)
(0.2 0.02950530463 0.3410836415)
(0.3 0.02950530463 0.3410836415)
(0.4 0.02950530463 0.3410836415)
(0.5 0.02950530463 0.3410836415)
(0.6 0.02950530463 0.3410836415)
(0.7 0.02950530463 0.3410836415)
(0.8 0.02950530463 0.3410836415)
(0.9 0.02950530463 0.3410836415)
(1 0.02950530463 0.3410836415)
(1.1 0.02950530463 0.3410836415)
(1.2 0.02950530463 0.3410836415)
(1.3 0.02950530463 0.3410836415)
(1.4 0.02950530463 0.3410836415)
(1.5 0.02950530463 0.3410836415)
(1.6 0.02950530463 0.3410836415)
(1.7 0.02950530463 0.3410836415)
(1.8 0.02950530463 0.3410836415)
(1.9 0.02950530463 0.3410836415)
(2 0.02950530463 0.3410836415)
(0 0.04073561049 0.3410836415)
(0.1 0.04073561049 0.3410836415)
(0.2 0.04073561049 0.3410836415)
(0.3 0.04073561049 0.3410836415)
(0.4 0.04073561049 0.3410836415)
(0.5 0.04073561049 0.3410836415)
(0.6 0.04073561049 0.3410836415)
(0.7 0.04073561049 0.3410836415)
(0.8 0.04073561049 0.3410836415)
(0.9 0.04073561049 0.3410836415)
(1 0.04073561049 0.3410836415)
(1.1 0.04073561049 0.3410836415)
(1.2 0.04073561049 0.3410836415)
(1.3 0.04073561049 0.3410836415)
(1.4 0.04073561049 0.3410836415)
(1.5 0.04073561049 0.3410836415)
(1.6 0.04073561049 0.3410836415)
(1.7 0.04073561049 0.3410836415)
(1.8 0.04073561049 0.3410836415)
(1.9 0.04073561049 0.3410836415)
(2 0.04073561049 0.3410836415)
(0 0.05274507158 0.3410836415)
(0.1 0.05274507158 0.3410836415)
(0.2 0.05274507158 0.3410836415)
(0.3 0.05274507158 0.3410836415)
(0.4 0.05274507158 0.3410836415)
(0.5 0.05274507158 0.3410836415)
(0.6 0.05274507158 0.3410836415)
(0.7 0.05274507158 0.3410836415)
(0.8 0.05274507158 0.3410836415)
(0.9 0.05274507158 0.3410836415)
(1 0.05274507158 0.3410836415)
(1.1 0.05274507158 0.3410836415)
(1.2 0.05274507158 0.3410836415)
(1.3 0.05274507158 0.3410836415)
(1.4 0.05274507158 0.3410836415)
(1.5 0.05274507158 0.3410836415)
(1.6 0.05274507158 0.3410836415)
(1.7 0.05274507158 0.3410836415)
(1.8 0.05274507158 0.3410836415)
(1.9 0.05274507158 0.3410836415)
(2 0.05274507158 0.3410836415)
(0 0.06558774547 0.3410836415)
(0.1 0.06558774547 0.3410836415)
(0.2 0.06558774547 0.3410836415)
(0.3 0.06558774547 0.3410836415)
(0.4 0.06558774547 0.3410836415)
(0.5 0.06558774547 0.3410836415)
(0.6 0.06558774547 0.3410836415)
(0.7 0.06558774547 0.3410836415)
(0.8 0.06558774547 0.3410836415)
(0.9 0.06558774547 0.3410836415)
(1 0.06558774547 0.3410836415)
(1.1 0.06558774547 0.3410836415)
(1.2 0.06558774547 0.3410836415)
(1.3 0.06558774547 0.3410836415)
(1.4 0.06558774547 0.3410836415)
(1.5 0.06558774547 0.3410836415)
(1.6 0.06558774547 0.3410836415)
(1.7 0.06558774547 0.3410836415)
(1.8 0.06558774547 0.3410836415)
(1.9 0.06558774547 0.3410836415)
(2 0.06558774547 0.3410836415)
(0 0.07932144019 0.3410836415)
(0.1 0.07932144019 0.3410836415)
(0.2 0.07932144019 0.3410836415)
(0.3 0.07932144019 0.3410836415)
(0.4 0.07932144019 0.3410836415)
(0.5 0.07932144019 0.3410836415)
(0.6 0.07932144019 0.3410836415)
(0.7 0.07932144019 0.3410836415)
(0.8 0.07932144019 0.3410836415)
(0.9 0.07932144019 0.3410836415)
(1 0.07932144019 0.3410836415)
(1.1 0.07932144019 0.3410836415)
(1.2 0.07932144019 0.3410836415)
(1.3 0.07932144019 0.3410836415)
(1.4 0.07932144019 0.3410836415)
(1.5 0.07932144019 0.3410836415)
(1.6 0.07932144019 0.3410836415)
(1.7 0.07932144019 0.3410836415)
(1.8 0.07932144019 0.3410836415)
(1.9 0.07932144019 0.3410836415)
(2 0.07932144019 0.3410836415)
(0 0.09400797452 0.3410836415)
(0.1 0.09400797452 0.3410836415)
(0.2 0.09400797452 0.3410836415)
(0.3 0.09400797452 0.3410836415)
(0.4 0.09400797452 0.3410836415)
(0.5 0.09400797452 0.3410836415)
(0.6 0.09400797452 0.3410836415)
(0.7 0.09400797452 0.3410836415)
(0.8 0.09400797452 0.3410836415)
(0.9 0.09400797452 0.3410836415)
(1 0.09400797452 0.3410836415)
(1.1 0.09400797452 0.3410836415)
(1.2 0.09400797452 0.3410836415)
(1.3 0.09400797452 0.3410836415)
(1.4 0.09400797452 0.3410836415)
(1.5 0.09400797452 0.3410836415)
(1.6 0.09400797452 0.3410836415)
(1.7 0.09400797452 0.3410836415)
(1.8 0.09400797452 0.3410836415)
(1.9 0.09400797452 0.3410836415)
(2 0.09400797452 0.3410836415)
(0 0.1097134562 0.3410836415)
(0.1 0.1097134562 0.3410836415)
(0.2 0.1097134562 0.3410836415)
(0.3 0.1097134562 0.3410836415)
(0.4 0.1097134562 0.3410836415)
(0.5 0.1097134562 0.3410836415)
(0.6 0.1097134562 0.3410836415)
(0.7 0.1097134562 0.3410836415)
(0.8 0.1097134562 0.3410836415)
(0.9 0.1097134562 0.3410836415)
(1 0.1097134562 0.3410836415)
(1.1 0.1097134562 0.3410836415)
(1.2 0.1097134562 0.3410836415)
(1.3 0.1097134562 0.3410836415)
(1.4 0.1097134562 0.3410836415)
(1.5 0.1097134562 0.3410836415)
(1.6 0.1097134562 0.3410836415)
(1.7 0.1097134562 0.3410836415)
(1.8 0.1097134562 0.3410836415)
(1.9 0.1097134562 0.3410836415)
(2 0.1097134562 0.3410836415)
(0 0.1265085794 0.3410836415)
(0.1 0.1265085794 0.3410836415)
(0.2 0.1265085794 0.3410836415)
(0.3 0.1265085794 0.3410836415)
(0.4 0.1265085794 0.3410836415)
(0.5 0.1265085794 0.3410836415)
(0.6 0.1265085794 0.3410836415)
(0.7 0.1265085794 0.3410836415)
(0.8 0.1265085794 0.3410836415)
(0.9 0.1265085794 0.3410836415)
(1 0.1265085794 0.3410836415)
(1.1 0.1265085794 0.3410836415)
(1.2 0.1265085794 0.3410836415)
(1.3 0.1265085794 0.3410836415)
(1.4 0.1265085794 0.3410836415)
(1.5 0.1265085794 0.3410836415)
(1.6 0.1265085794 0.3410836415)
(1.7 0.1265085794 0.3410836415)
(1.8 0.1265085794 0.3410836415)
(1.9 0.1265085794 0.3410836415)
(2 0.1265085794 0.3410836415)
(0 0.1444689432 0.3410836415)
(0.1 0.1444689432 0.3410836415)
(0.2 0.1444689432 0.3410836415)
(0.3 0.1444689432 0.3410836415)
(0.4 0.1444689432 0.3410836415)
(0.5 0.1444689432 0.3410836415)
(0.6 0.1444689432 0.3410836415)
(0.7 0.1444689432 0.3410836415)
(0.8 0.1444689432 0.3410836415)
(0.9 0.1444689432 0.3410836415)
(1 0.1444689432 0.3410836415)
(1.1 0.1444689432 0.3410836415)
(1.2 0.1444689432 0.3410836415)
(1.3 0.1444689432 0.3410836415)
(1.4 0.1444689432 0.3410836415)
(1.5 0.1444689432 0.3410836415)
(1.6 0.1444689432 0.3410836415)
(1.7 0.1444689432 0.3410836415)
(1.8 0.1444689432 0.3410836415)
(1.9 0.1444689432 0.3410836415)
(2 0.1444689432 0.3410836415)
(0 0.1636753917 0.3410836415)
(0.1 0.1636753917 0.3410836415)
(0.2 0.1636753917 0.3410836415)
(0.3 0.1636753917 0.3410836415)
(0.4 0.1636753917 0.3410836415)
(0.5 0.1636753917 0.3410836415)
(0.6 0.1636753917 0.3410836415)
(0.7 0.1636753917 0.3410836415)
(0.8 0.1636753917 0.3410836415)
(0.9 0.1636753917 0.3410836415)
(1 0.1636753917 0.3410836415)
(1.1 0.1636753917 0.3410836415)
(1.2 0.1636753917 0.3410836415)
(1.3 0.1636753917 0.3410836415)
(1.4 0.1636753917 0.3410836415)
(1.5 0.1636753917 0.3410836415)
(1.6 0.1636753917 0.3410836415)
(1.7 0.1636753917 0.3410836415)
(1.8 0.1636753917 0.3410836415)
(1.9 0.1636753917 0.3410836415)
(2 0.1636753917 0.3410836415)
(0 0.1842143777 0.3410836415)
(0.1 0.1842143777 0.3410836415)
(0.2 0.1842143777 0.3410836415)
(0.3 0.1842143777 0.3410836415)
(0.4 0.1842143777 0.3410836415)
(0.5 0.1842143777 0.3410836415)
(0.6 0.1842143777 0.3410836415)
(0.7 0.1842143777 0.3410836415)
(0.8 0.1842143777 0.3410836415)
(0.9 0.1842143777 0.3410836415)
(1 0.1842143777 0.3410836415)
(1.1 0.1842143777 0.3410836415)
(1.2 0.1842143777 0.3410836415)
(1.3 0.1842143777 0.3410836415)
(1.4 0.1842143777 0.3410836415)
(1.5 0.1842143777 0.3410836415)
(1.6 0.1842143777 0.3410836415)
(1.7 0.1842143777 0.3410836415)
(1.8 0.1842143777 0.3410836415)
(1.9 0.1842143777 0.3410836415)
(2 0.1842143777 0.3410836415)
(0 0.2061783524 0.3410836415)
(0.1 0.2061783524 0.3410836415)
(0.2 0.2061783524 0.3410836415)
(0.3 0.2061783524 0.3410836415)
(0.4 0.2061783524 0.3410836415)
(0.5 0.2061783524 0.3410836415)
(0.6 0.2061783524 0.3410836415)
(0.7 0.2061783524 0.3410836415)
(0.8 0.2061783524 0.3410836415)
(0.9 0.2061783524 0.3410836415)
(1 0.2061783524 0.3410836415)
(1.1 0.2061783524 0.3410836415)
(1.2 0.2061783524 0.3410836415)
(1.3 0.2061783524 0.3410836415)
(1.4 0.2061783524 0.3410836415)
(1.5 0.2061783524 0.3410836415)
(1.6 0.2061783524 0.3410836415)
(1.7 0.2061783524 0.3410836415)
(1.8 0.2061783524 0.3410836415)
(1.9 0.2061783524 0.3410836415)
(2 0.2061783524 0.3410836415)
(0 0.2296661811 0.3410836415)
(0.1 0.2296661811 0.3410836415)
(0.2 0.2296661811 0.3410836415)
(0.3 0.2296661811 0.3410836415)
(0.4 0.2296661811 0.3410836415)
(0.5 0.2296661811 0.3410836415)
(0.6 0.2296661811 0.3410836415)
(0.7 0.2296661811 0.3410836415)
(0.8 0.2296661811 0.3410836415)
(0.9 0.2296661811 0.3410836415)
(1 0.2296661811 0.3410836415)
(1.1 0.2296661811 0.3410836415)
(1.2 0.2296661811 0.3410836415)
(1.3 0.2296661811 0.3410836415)
(1.4 0.2296661811 0.3410836415)
(1.5 0.2296661811 0.3410836415)
(1.6 0.2296661811 0.3410836415)
(1.7 0.2296661811 0.3410836415)
(1.8 0.2296661811 0.3410836415)
(1.9 0.2296661811 0.3410836415)
(2 0.2296661811 0.3410836415)
(0 0.2547835882 0.3410836415)
(0.1 0.2547835882 0.3410836415)
(0.2 0.2547835882 0.3410836415)
(0.3 0.2547835882 0.3410836415)
(0.4 0.2547835882 0.3410836415)
(0.5 0.2547835882 0.3410836415)
(0.6 0.2547835882 0.3410836415)
(0.7 0.2547835882 0.3410836415)
(0.8 0.2547835882 0.3410836415)
(0.9 0.2547835882 0.3410836415)
(1 0.2547835882 0.3410836415)
(1.1 0.2547835882 0.3410836415)
(1.2 0.2547835882 0.3410836415)
(1.3 0.2547835882 0.3410836415)
(1.4 0.2547835882 0.3410836415)
(1.5 0.2547835882 0.3410836415)
(1.6 0.2547835882 0.3410836415)
(1.7 0.2547835882 0.3410836415)
(1.8 0.2547835882 0.3410836415)
(1.9 0.2547835882 0.3410836415)
(2 0.2547835882 0.3410836415)
(0 0.2816436335 0.3410836415)
(0.1 0.2816436335 0.3410836415)
(0.2 0.2816436335 0.3410836415)
(0.3 0.2816436335 0.3410836415)
(0.4 0.2816436335 0.3410836415)
(0.5 0.2816436335 0.3410836415)
(0.6 0.2816436335 0.3410836415)
(0.7 0.2816436335 0.3410836415)
(0.8 0.2816436335 0.3410836415)
(0.9 0.2816436335 0.3410836415)
(1 0.2816436335 0.3410836415)
(1.1 0.2816436335 0.3410836415)
(1.2 0.2816436335 0.3410836415)
(1.3 0.2816436335 0.3410836415)
(1.4 0.2816436335 0.3410836415)
(1.5 0.2816436335 0.3410836415)
(1.6 0.2816436335 0.3410836415)
(1.7 0.2816436335 0.3410836415)
(1.8 0.2816436335 0.3410836415)
(1.9 0.2816436335 0.3410836415)
(2 0.2816436335 0.3410836415)
(0 0.3103672206 0.3410836415)
(0.1 0.3103672206 0.3410836415)
(0.2 0.3103672206 0.3410836415)
(0.3 0.3103672206 0.3410836415)
(0.4 0.3103672206 0.3410836415)
(0.5 0.3103672206 0.3410836415)
(0.6 0.3103672206 0.3410836415)
(0.7 0.3103672206 0.3410836415)
(0.8 0.3103672206 0.3410836415)
(0.9 0.3103672206 0.3410836415)
(1 0.3103672206 0.3410836415)
(1.1 0.3103672206 0.3410836415)
(1.2 0.3103672206 0.3410836415)
(1.3 0.3103672206 0.3410836415)
(1.4 0.3103672206 0.3410836415)
(1.5 0.3103672206 0.3410836415)
(1.6 0.3103672206 0.3410836415)
(1.7 0.3103672206 0.3410836415)
(1.8 0.3103672206 0.3410836415)
(1.9 0.3103672206 0.3410836415)
(2 0.3103672206 0.3410836415)
(0 0.3410836415 0.3410836415)
(0.1 0.3410836415 0.3410836415)
(0.2 0.3410836415 0.3410836415)
(0.3 0.3410836415 0.3410836415)
(0.4 0.3410836415 0.3410836415)
(0.5 0.3410836415 0.3410836415)
(0.6 0.3410836415 0.3410836415)
(0.7 0.3410836415 0.3410836415)
(0.8 0.3410836415 0.3410836415)
(0.9 0.3410836415 0.3410836415)
(1 0.3410836415 0.3410836415)
(1.1 0.3410836415 0.3410836415)
(1.2 0.3410836415 0.3410836415)
(1.3 0.3410836415 0.3410836415)
(1.4 0.3410836415 0.3410836415)
(1.5 0.3410836415 0.3410836415)
(1.6 0.3410836415 0.3410836415)
(1.7 0.3410836415 0.3410836415)
(1.8 0.3410836415 0.3410836415)
(1.9 0.3410836415 0.3410836415)
(2 0.3410836415 0.3410836415)
(0 0.3739311585 0.3410836415)
(0.1 0.3739311585 0.3410836415)
(0.2 0.3739311585 0.3410836415)
(0.3 0.3739311585 0.3410836415)
(0.4 0.3739311585 0.3410836415)
(0.5 0.3739311585 0.3410836415)
(0.6 0.3739311585 0.3410836415)
(0.7 0.3739311585 0.3410836415)
(0.8 0.3739311585 0.3410836415)
(0.9 0.3739311585 0.3410836415)
(1 0.3739311585 0.3410836415)
(1.1 0.3739311585 0.3410836415)
(1.2 0.3739311585 0.3410836415)
(1.3 0.3739311585 0.3410836415)
(1.4 0.3739311585 0.3410836415)
(1.5 0.3739311585 0.3410836415)
(1.6 0.3739311585 0.3410836415)
(1.7 0.3739311585 0.3410836415)
(1.8 0.3739311585 0.3410836415)
(1.9 0.3739311585 0.3410836415)
(2 0.3739311585 0.3410836415)
(0 0.4090576263 0.3410836415)
(0.1 0.4090576263 0.3410836415)
(0.2 0.4090576263 0.3410836415)
(0.3 0.4090576263 0.3410836415)
(0.4 0.4090576263 0.3410836415)
(0.5 0.4090576263 0.3410836415)
(0.6 0.4090576263 0.3410836415)
(0.7 0.4090576263 0.3410836415)
(0.8 0.4090576263 0.3410836415)
(0.9 0.4090576263 0.3410836415)
(1 0.4090576263 0.3410836415)
(1.1 0.4090576263 0.3410836415)
(1.2 0.4090576263 0.3410836415)
(1.3 0.4090576263 0.3410836415)
(1.4 0.4090576263 0.3410836415)
(1.5 0.4090576263 0.3410836415)
(1.6 0.4090576263 0.3410836415)
(1.7 0.4090576263 0.3410836415)
(1.8 0.4090576263 0.3410836415)
(1.9 0.4090576263 0.3410836415)
(2 0.4090576263 0.3410836415)
(0 0.4466211578 0.3410836415)
(0.1 0.4466211578 0.3410836415)
(0.2 0.4466211578 0.3410836415)
(0.3 0.4466211578 0.3410836415)
(0.4 0.4466211578 0.3410836415)
(0.5 0.4466211578 0.3410836415)
(0.6 0.4466211578 0.3410836415)
(0.7 0.4466211578 0.3410836415)
(0.8 0.4466211578 0.3410836415)
(0.9 0.4466211578 0.3410836415)
(1 0.4466211578 0.3410836415)
(1.1 0.4466211578 0.3410836415)
(1.2 0.4466211578 0.3410836415)
(1.3 0.4466211578 0.3410836415)
(1.4 0.4466211578 0.3410836415)
(1.5 0.4466211578 0.3410836415)
(1.6 0.4466211578 0.3410836415)
(1.7 0.4466211578 0.3410836415)
(1.8 0.4466211578 0.3410836415)
(1.9 0.4466211578 0.3410836415)
(2 0.4466211578 0.3410836415)
(0 0.4867908358 0.3410836415)
(0.1 0.4867908358 0.3410836415)
(0.2 0.4867908358 0.3410836415)
(0.3 0.4867908358 0.3410836415)
(0.4 0.4867908358 0.3410836415)
(0.5 0.4867908358 0.3410836415)
(0.6 0.4867908358 0.3410836415)
(0.7 0.4867908358 0.3410836415)
(0.8 0.4867908358 0.3410836415)
(0.9 0.4867908358 0.3410836415)
(1 0.4867908358 0.3410836415)
(1.1 0.4867908358 0.3410836415)
(1.2 0.4867908358 0.3410836415)
(1.3 0.4867908358 0.3410836415)
(1.4 0.4867908358 0.3410836415)
(1.5 0.4867908358 0.3410836415)
(1.6 0.4867908358 0.3410836415)
(1.7 0.4867908358 0.3410836415)
(1.8 0.4867908358 0.3410836415)
(1.9 0.4867908358 0.3410836415)
(2 0.4867908358 0.3410836415)
(0 0.529747474 0.3410836415)
(0.1 0.529747474 0.3410836415)
(0.2 0.529747474 0.3410836415)
(0.3 0.529747474 0.3410836415)
(0.4 0.529747474 0.3410836415)
(0.5 0.529747474 0.3410836415)
(0.6 0.529747474 0.3410836415)
(0.7 0.529747474 0.3410836415)
(0.8 0.529747474 0.3410836415)
(0.9 0.529747474 0.3410836415)
(1 0.529747474 0.3410836415)
(1.1 0.529747474 0.3410836415)
(1.2 0.529747474 0.3410836415)
(1.3 0.529747474 0.3410836415)
(1.4 0.529747474 0.3410836415)
(1.5 0.529747474 0.3410836415)
(1.6 0.529747474 0.3410836415)
(1.7 0.529747474 0.3410836415)
(1.8 0.529747474 0.3410836415)
(1.9 0.529747474 0.3410836415)
(2 0.529747474 0.3410836415)
(0 0.5756844308 0.3410836415)
(0.1 0.5756844308 0.3410836415)
(0.2 0.5756844308 0.3410836415)
(0.3 0.5756844308 0.3410836415)
(0.4 0.5756844308 0.3410836415)
(0.5 0.5756844308 0.3410836415)
(0.6 0.5756844308 0.3410836415)
(0.7 0.5756844308 0.3410836415)
(0.8 0.5756844308 0.3410836415)
(0.9 0.5756844308 0.3410836415)
(1 0.5756844308 0.3410836415)
(1.1 0.5756844308 0.3410836415)
(1.2 0.5756844308 0.3410836415)
(1.3 0.5756844308 0.3410836415)
(1.4 0.5756844308 0.3410836415)
(1.5 0.5756844308 0.3410836415)
(1.6 0.5756844308 0.3410836415)
(1.7 0.5756844308 0.3410836415)
(1.8 0.5756844308 0.3410836415)
(1.9 0.5756844308 0.3410836415)
(2 0.5756844308 0.3410836415)
(0 0.6248084798 0.3410836415)
(0.1 0.6248084798 0.3410836415)
(0.2 0.6248084798 0.3410836415)
(0.3 0.6248084798 0.3410836415)
(0.4 0.6248084798 0.3410836415)
(0.5 0.6248084798 0.3410836415)
(0.6 0.6248084798 0.3410836415)
(0.7 0.6248084798 0.3410836415)
(0.8 0.6248084798 0.3410836415)
(0.9 0.6248084798 0.3410836415)
(1 0.6248084798 0.3410836415)
(1.1 0.6248084798 0.3410836415)
(1.2 0.6248084798 0.3410836415)
(1.3 0.6248084798 0.3410836415)
(1.4 0.6248084798 0.3410836415)
(1.5 0.6248084798 0.3410836415)
(1.6 0.6248084798 0.3410836415)
(1.7 0.6248084798 0.3410836415)
(1.8 0.6248084798 0.3410836415)
(1.9 0.6248084798 0.3410836415)
(2 0.6248084798 0.3410836415)
(0 0.6773407405 0.3410836415)
(0.1 0.6773407405 0.3410836415)
(0.2 0.6773407405 0.3410836415)
(0.3 0.6773407405 0.3410836415)
(0.4 0.6773407405 0.3410836415)
(0.5 0.6773407405 0.3410836415)
(0.6 0.6773407405 0.3410836415)
(0.7 0.6773407405 0.3410836415)
(0.8 0.6773407405 0.3410836415)
(0.9 0.6773407405 0.3410836415)
(1 0.6773407405 0.3410836415)
(1.1 0.6773407405 0.3410836415)
(1.2 0.6773407405 0.3410836415)
(1.3 0.6773407405 0.3410836415)
(1.4 0.6773407405 0.3410836415)
(1.5 0.6773407405 0.3410836415)
(1.6 0.6773407405 0.3410836415)
(1.7 0.6773407405 0.3410836415)
(1.8 0.6773407405 0.3410836415)
(1.9 0.6773407405 0.3410836415)
(2 0.6773407405 0.3410836415)
(0 0.7335176736 0.3410836415)
(0.1 0.7335176736 0.3410836415)
(0.2 0.7335176736 0.3410836415)
(0.3 0.7335176736 0.3410836415)
(0.4 0.7335176736 0.3410836415)
(0.5 0.7335176736 0.3410836415)
(0.6 0.7335176736 0.3410836415)
(0.7 0.7335176736 0.3410836415)
(0.8 0.7335176736 0.3410836415)
(0.9 0.7335176736 0.3410836415)
(1 0.7335176736 0.3410836415)
(1.1 0.7335176736 0.3410836415)
(1.2 0.7335176736 0.3410836415)
(1.3 0.7335176736 0.3410836415)
(1.4 0.7335176736 0.3410836415)
(1.5 0.7335176736 0.3410836415)
(1.6 0.7335176736 0.3410836415)
(1.7 0.7335176736 0.3410836415)
(1.8 0.7335176736 0.3410836415)
(1.9 0.7335176736 0.3410836415)
(2 0.7335176736 0.3410836415)
(0 0.7935921454 0.3410836415)
(0.1 0.7935921454 0.3410836415)
(0.2 0.7935921454 0.3410836415)
(0.3 0.7935921454 0.3410836415)
(0.4 0.7935921454 0.3410836415)
(0.5 0.7935921454 0.3410836415)
(0.6 0.7935921454 0.3410836415)
(0.7 0.7935921454 0.3410836415)
(0.8 0.7935921454 0.3410836415)
(0.9 0.7935921454 0.3410836415)
(1 0.7935921454 0.3410836415)
(1.1 0.7935921454 0.3410836415)
(1.2 0.7935921454 0.3410836415)
(1.3 0.7935921454 0.3410836415)
(1.4 0.7935921454 0.3410836415)
(1.5 0.7935921454 0.3410836415)
(1.6 0.7935921454 0.3410836415)
(1.7 0.7935921454 0.3410836415)
(1.8 0.7935921454 0.3410836415)
(1.9 0.7935921454 0.3410836415)
(2 0.7935921454 0.3410836415)
(0 0.857834566 0.3410836415)
(0.1 0.857834566 0.3410836415)
(0.2 0.857834566 0.3410836415)
(0.3 0.857834566 0.3410836415)
(0.4 0.857834566 0.3410836415)
(0.5 0.857834566 0.3410836415)
(0.6 0.857834566 0.3410836415)
(0.7 0.857834566 0.3410836415)
(0.8 0.857834566 0.3410836415)
(0.9 0.857834566 0.3410836415)
(1 0.857834566 0.3410836415)
(1.1 0.857834566 0.3410836415)
(1.2 0.857834566 0.3410836415)
(1.3 0.857834566 0.3410836415)
(1.4 0.857834566 0.3410836415)
(1.5 0.857834566 0.3410836415)
(1.6 0.857834566 0.3410836415)
(1.7 0.857834566 0.3410836415)
(1.8 0.857834566 0.3410836415)
(1.9 0.857834566 0.3410836415)
(2 0.857834566 0.3410836415)
(0 0.9265341063 0.3410836415)
(0.1 0.9265341063 0.3410836415)
(0.2 0.9265341063 0.3410836415)
(0.3 0.9265341063 0.3410836415)
(0.4 0.9265341063 0.3410836415)
(0.5 0.9265341063 0.3410836415)
(0.6 0.9265341063 0.3410836415)
(0.7 0.9265341063 0.3410836415)
(0.8 0.9265341063 0.3410836415)
(0.9 0.9265341063 0.3410836415)
(1 0.9265341063 0.3410836415)
(1.1 0.9265341063 0.3410836415)
(1.2 0.9265341063 0.3410836415)
(1.3 0.9265341063 0.3410836415)
(1.4 0.9265341063 0.3410836415)
(1.5 0.9265341063 0.3410836415)
(1.6 0.9265341063 0.3410836415)
(1.7 0.9265341063 0.3410836415)
(1.8 0.9265341063 0.3410836415)
(1.9 0.9265341063 0.3410836415)
(2 0.9265341063 0.3410836415)
(0 1 0.3410836415)
(0.1 1 0.3410836415)
(0.2 1 0.3410836415)
(0.3 1 0.3410836415)
(0.4 1 0.3410836415)
(0.5 1 0.3410836415)
(0.6 1 0.3410836415)
(0.7 1 0.3410836415)
(0.8 1 0.3410836415)
(0.9 1 0.3410836415)
(1 1 0.3410836415)
(1.1 1 0.3410836415)
(1.2 1 0.3410836415)
(1.3 1 0.3410836415)
(1.4 1 0.3410836415)
(1.5 1 0.3410836415)
(1.6 1 0.3410836415)
(1.7 1 0.3410836415)
(1.8 1 0.3410836415)
(1.9 1 0.3410836415)
(2 1 0.3410836415)
(0 0 0.3739311585)
(0.1 0 0.3739311585)
(0.2 0 0.3739311585)
(0.3 0 0.3739311585)
(0.4 0 0.3739311585)
(0.5 0 0.3739311585)
(0.6 0 0.3739311585)
(0.7 0 0.3739311585)
(0.8 0 0.3739311585)
(0.9 0 0.3739311585)
(1 0 0.3739311585)
(1.1 0 0.3739311585)
(1.2 0 0.3739311585)
(1.3 0 0.3739311585)
(1.4 0 0.3739311585)
(1.5 0 0.3739311585)
(1.6 0 0.3739311585)
(1.7 0 0.3739311585)
(1.8 0 0.3739311585)
(1.9 0 0.3739311585)
(2 0 0.3739311585)
(0 0.009183236716 0.3739311585)
(0.1 0.009183236716 0.3739311585)
(0.2 0.009183236716 0.3739311585)
(0.3 0.009183236716 0.3739311585)
(0.4 0.009183236716 0.3739311585)
(0.5 0.009183236716 0.3739311585)
(0.6 0.009183236716 0.3739311585)
(0.7 0.009183236716 0.3739311585)
(0.8 0.009183236716 0.3739311585)
(0.9 0.009183236716 0.3739311585)
(1 0.009183236716 0.3739311585)
(1.1 0.009183236716 0.3739311585)
(1.2 0.009183236716 0.3739311585)
(1.3 0.009183236716 0.3739311585)
(1.4 0.009183236716 0.3739311585)
(1.5 0.009183236716 0.3739311585)
(1.6 0.009183236716 0.3739311585)
(1.7 0.009183236716 0.3739311585)
(1.8 0.009183236716 0.3739311585)
(1.9 0.009183236716 0.3739311585)
(2 0.009183236716 0.3739311585)
(0 0.01900360363 0.3739311585)
(0.1 0.01900360363 0.3739311585)
(0.2 0.01900360363 0.3739311585)
(0.3 0.01900360363 0.3739311585)
(0.4 0.01900360363 0.3739311585)
(0.5 0.01900360363 0.3739311585)
(0.6 0.01900360363 0.3739311585)
(0.7 0.01900360363 0.3739311585)
(0.8 0.01900360363 0.3739311585)
(0.9 0.01900360363 0.3739311585)
(1 0.01900360363 0.3739311585)
(1.1 0.01900360363 0.3739311585)
(1.2 0.01900360363 0.3739311585)
(1.3 0.01900360363 0.3739311585)
(1.4 0.01900360363 0.3739311585)
(1.5 0.01900360363 0.3739311585)
(1.6 0.01900360363 0.3739311585)
(1.7 0.01900360363 0.3739311585)
(1.8 0.01900360363 0.3739311585)
(1.9 0.01900360363 0.3739311585)
(2 0.01900360363 0.3739311585)
(0 0.02950530463 0.3739311585)
(0.1 0.02950530463 0.3739311585)
(0.2 0.02950530463 0.3739311585)
(0.3 0.02950530463 0.3739311585)
(0.4 0.02950530463 0.3739311585)
(0.5 0.02950530463 0.3739311585)
(0.6 0.02950530463 0.3739311585)
(0.7 0.02950530463 0.3739311585)
(0.8 0.02950530463 0.3739311585)
(0.9 0.02950530463 0.3739311585)
(1 0.02950530463 0.3739311585)
(1.1 0.02950530463 0.3739311585)
(1.2 0.02950530463 0.3739311585)
(1.3 0.02950530463 0.3739311585)
(1.4 0.02950530463 0.3739311585)
(1.5 0.02950530463 0.3739311585)
(1.6 0.02950530463 0.3739311585)
(1.7 0.02950530463 0.3739311585)
(1.8 0.02950530463 0.3739311585)
(1.9 0.02950530463 0.3739311585)
(2 0.02950530463 0.3739311585)
(0 0.04073561049 0.3739311585)
(0.1 0.04073561049 0.3739311585)
(0.2 0.04073561049 0.3739311585)
(0.3 0.04073561049 0.3739311585)
(0.4 0.04073561049 0.3739311585)
(0.5 0.04073561049 0.3739311585)
(0.6 0.04073561049 0.3739311585)
(0.7 0.04073561049 0.3739311585)
(0.8 0.04073561049 0.3739311585)
(0.9 0.04073561049 0.3739311585)
(1 0.04073561049 0.3739311585)
(1.1 0.04073561049 0.3739311585)
(1.2 0.04073561049 0.3739311585)
(1.3 0.04073561049 0.3739311585)
(1.4 0.04073561049 0.3739311585)
(1.5 0.04073561049 0.3739311585)
(1.6 0.04073561049 0.3739311585)
(1.7 0.04073561049 0.3739311585)
(1.8 0.04073561049 0.3739311585)
(1.9 0.04073561049 0.3739311585)
(2 0.04073561049 0.3739311585)
(0 0.05274507158 0.3739311585)
(0.1 0.05274507158 0.3739311585)
(0.2 0.05274507158 0.3739311585)
(0.3 0.05274507158 0.3739311585)
(0.4 0.05274507158 0.3739311585)
(0.5 0.05274507158 0.3739311585)
(0.6 0.05274507158 0.3739311585)
(0.7 0.05274507158 0.3739311585)
(0.8 0.05274507158 0.3739311585)
(0.9 0.05274507158 0.3739311585)
(1 0.05274507158 0.3739311585)
(1.1 0.05274507158 0.3739311585)
(1.2 0.05274507158 0.3739311585)
(1.3 0.05274507158 0.3739311585)
(1.4 0.05274507158 0.3739311585)
(1.5 0.05274507158 0.3739311585)
(1.6 0.05274507158 0.3739311585)
(1.7 0.05274507158 0.3739311585)
(1.8 0.05274507158 0.3739311585)
(1.9 0.05274507158 0.3739311585)
(2 0.05274507158 0.3739311585)
(0 0.06558774547 0.3739311585)
(0.1 0.06558774547 0.3739311585)
(0.2 0.06558774547 0.3739311585)
(0.3 0.06558774547 0.3739311585)
(0.4 0.06558774547 0.3739311585)
(0.5 0.06558774547 0.3739311585)
(0.6 0.06558774547 0.3739311585)
(0.7 0.06558774547 0.3739311585)
(0.8 0.06558774547 0.3739311585)
(0.9 0.06558774547 0.3739311585)
(1 0.06558774547 0.3739311585)
(1.1 0.06558774547 0.3739311585)
(1.2 0.06558774547 0.3739311585)
(1.3 0.06558774547 0.3739311585)
(1.4 0.06558774547 0.3739311585)
(1.5 0.06558774547 0.3739311585)
(1.6 0.06558774547 0.3739311585)
(1.7 0.06558774547 0.3739311585)
(1.8 0.06558774547 0.3739311585)
(1.9 0.06558774547 0.3739311585)
(2 0.06558774547 0.3739311585)
(0 0.07932144019 0.3739311585)
(0.1 0.07932144019 0.3739311585)
(0.2 0.07932144019 0.3739311585)
(0.3 0.07932144019 0.3739311585)
(0.4 0.07932144019 0.3739311585)
(0.5 0.07932144019 0.3739311585)
(0.6 0.07932144019 0.3739311585)
(0.7 0.07932144019 0.3739311585)
(0.8 0.07932144019 0.3739311585)
(0.9 0.07932144019 0.3739311585)
(1 0.07932144019 0.3739311585)
(1.1 0.07932144019 0.3739311585)
(1.2 0.07932144019 0.3739311585)
(1.3 0.07932144019 0.3739311585)
(1.4 0.07932144019 0.3739311585)
(1.5 0.07932144019 0.3739311585)
(1.6 0.07932144019 0.3739311585)
(1.7 0.07932144019 0.3739311585)
(1.8 0.07932144019 0.3739311585)
(1.9 0.07932144019 0.3739311585)
(2 0.07932144019 0.3739311585)
(0 0.09400797452 0.3739311585)
(0.1 0.09400797452 0.3739311585)
(0.2 0.09400797452 0.3739311585)
(0.3 0.09400797452 0.3739311585)
(0.4 0.09400797452 0.3739311585)
(0.5 0.09400797452 0.3739311585)
(0.6 0.09400797452 0.3739311585)
(0.7 0.09400797452 0.3739311585)
(0.8 0.09400797452 0.3739311585)
(0.9 0.09400797452 0.3739311585)
(1 0.09400797452 0.3739311585)
(1.1 0.09400797452 0.3739311585)
(1.2 0.09400797452 0.3739311585)
(1.3 0.09400797452 0.3739311585)
(1.4 0.09400797452 0.3739311585)
(1.5 0.09400797452 0.3739311585)
(1.6 0.09400797452 0.3739311585)
(1.7 0.09400797452 0.3739311585)
(1.8 0.09400797452 0.3739311585)
(1.9 0.09400797452 0.3739311585)
(2 0.09400797452 0.3739311585)
(0 0.1097134562 0.3739311585)
(0.1 0.1097134562 0.3739311585)
(0.2 0.1097134562 0.3739311585)
(0.3 0.1097134562 0.3739311585)
(0.4 0.1097134562 0.3739311585)
(0.5 0.1097134562 0.3739311585)
(0.6 0.1097134562 0.3739311585)
(0.7 0.1097134562 0.3739311585)
(0.8 0.1097134562 0.3739311585)
(0.9 0.1097134562 0.3739311585)
(1 0.1097134562 0.3739311585)
(1.1 0.1097134562 0.3739311585)
(1.2 0.1097134562 0.3739311585)
(1.3 0.1097134562 0.3739311585)
(1.4 0.1097134562 0.3739311585)
(1.5 0.1097134562 0.3739311585)
(1.6 0.1097134562 0.3739311585)
(1.7 0.1097134562 0.3739311585)
(1.8 0.1097134562 0.3739311585)
(1.9 0.1097134562 0.3739311585)
(2 0.1097134562 0.3739311585)
(0 0.1265085794 0.3739311585)
(0.1 0.1265085794 0.3739311585)
(0.2 0.1265085794 0.3739311585)
(0.3 0.1265085794 0.3739311585)
(0.4 0.1265085794 0.3739311585)
(0.5 0.1265085794 0.3739311585)
(0.6 0.1265085794 0.3739311585)
(0.7 0.1265085794 0.3739311585)
(0.8 0.1265085794 0.3739311585)
(0.9 0.1265085794 0.3739311585)
(1 0.1265085794 0.3739311585)
(1.1 0.1265085794 0.3739311585)
(1.2 0.1265085794 0.3739311585)
(1.3 0.1265085794 0.3739311585)
(1.4 0.1265085794 0.3739311585)
(1.5 0.1265085794 0.3739311585)
(1.6 0.1265085794 0.3739311585)
(1.7 0.1265085794 0.3739311585)
(1.8 0.1265085794 0.3739311585)
(1.9 0.1265085794 0.3739311585)
(2 0.1265085794 0.3739311585)
(0 0.1444689432 0.3739311585)
(0.1 0.1444689432 0.3739311585)
(0.2 0.1444689432 0.3739311585)
(0.3 0.1444689432 0.3739311585)
(0.4 0.1444689432 0.3739311585)
(0.5 0.1444689432 0.3739311585)
(0.6 0.1444689432 0.3739311585)
(0.7 0.1444689432 0.3739311585)
(0.8 0.1444689432 0.3739311585)
(0.9 0.1444689432 0.3739311585)
(1 0.1444689432 0.3739311585)
(1.1 0.1444689432 0.3739311585)
(1.2 0.1444689432 0.3739311585)
(1.3 0.1444689432 0.3739311585)
(1.4 0.1444689432 0.3739311585)
(1.5 0.1444689432 0.3739311585)
(1.6 0.1444689432 0.3739311585)
(1.7 0.1444689432 0.3739311585)
(1.8 0.1444689432 0.3739311585)
(1.9 0.1444689432 0.3739311585)
(2 0.1444689432 0.3739311585)
(0 0.1636753917 0.3739311585)
(0.1 0.1636753917 0.3739311585)
(0.2 0.1636753917 0.3739311585)
(0.3 0.1636753917 0.3739311585)
(0.4 0.1636753917 0.3739311585)
(0.5 0.1636753917 0.3739311585)
(0.6 0.1636753917 0.3739311585)
(0.7 0.1636753917 0.3739311585)
(0.8 0.1636753917 0.3739311585)
(0.9 0.1636753917 0.3739311585)
(1 0.1636753917 0.3739311585)
(1.1 0.1636753917 0.3739311585)
(1.2 0.1636753917 0.3739311585)
(1.3 0.1636753917 0.3739311585)
(1.4 0.1636753917 0.3739311585)
(1.5 0.1636753917 0.3739311585)
(1.6 0.1636753917 0.3739311585)
(1.7 0.1636753917 0.3739311585)
(1.8 0.1636753917 0.3739311585)
(1.9 0.1636753917 0.3739311585)
(2 0.1636753917 0.3739311585)
(0 0.1842143777 0.3739311585)
(0.1 0.1842143777 0.3739311585)
(0.2 0.1842143777 0.3739311585)
(0.3 0.1842143777 0.3739311585)
(0.4 0.1842143777 0.3739311585)
(0.5 0.1842143777 0.3739311585)
(0.6 0.1842143777 0.3739311585)
(0.7 0.1842143777 0.3739311585)
(0.8 0.1842143777 0.3739311585)
(0.9 0.1842143777 0.3739311585)
(1 0.1842143777 0.3739311585)
(1.1 0.1842143777 0.3739311585)
(1.2 0.1842143777 0.3739311585)
(1.3 0.1842143777 0.3739311585)
(1.4 0.1842143777 0.3739311585)
(1.5 0.1842143777 0.3739311585)
(1.6 0.1842143777 0.3739311585)
(1.7 0.1842143777 0.3739311585)
(1.8 0.1842143777 0.3739311585)
(1.9 0.1842143777 0.3739311585)
(2 0.1842143777 0.3739311585)
(0 0.2061783524 0.3739311585)
(0.1 0.2061783524 0.3739311585)
(0.2 0.2061783524 0.3739311585)
(0.3 0.2061783524 0.3739311585)
(0.4 0.2061783524 0.3739311585)
(0.5 0.2061783524 0.3739311585)
(0.6 0.2061783524 0.3739311585)
(0.7 0.2061783524 0.3739311585)
(0.8 0.2061783524 0.3739311585)
(0.9 0.2061783524 0.3739311585)
(1 0.2061783524 0.3739311585)
(1.1 0.2061783524 0.3739311585)
(1.2 0.2061783524 0.3739311585)
(1.3 0.2061783524 0.3739311585)
(1.4 0.2061783524 0.3739311585)
(1.5 0.2061783524 0.3739311585)
(1.6 0.2061783524 0.3739311585)
(1.7 0.2061783524 0.3739311585)
(1.8 0.2061783524 0.3739311585)
(1.9 0.2061783524 0.3739311585)
(2 0.2061783524 0.3739311585)
(0 0.2296661811 0.3739311585)
(0.1 0.2296661811 0.3739311585)
(0.2 0.2296661811 0.3739311585)
(0.3 0.2296661811 0.3739311585)
(0.4 0.2296661811 0.3739311585)
(0.5 0.2296661811 0.3739311585)
(0.6 0.2296661811 0.3739311585)
(0.7 0.2296661811 0.3739311585)
(0.8 0.2296661811 0.3739311585)
(0.9 0.2296661811 0.3739311585)
(1 0.2296661811 0.3739311585)
(1.1 0.2296661811 0.3739311585)
(1.2 0.2296661811 0.3739311585)
(1.3 0.2296661811 0.3739311585)
(1.4 0.2296661811 0.3739311585)
(1.5 0.2296661811 0.3739311585)
(1.6 0.2296661811 0.3739311585)
(1.7 0.2296661811 0.3739311585)
(1.8 0.2296661811 0.3739311585)
(1.9 0.2296661811 0.3739311585)
(2 0.2296661811 0.3739311585)
(0 0.2547835882 0.3739311585)
(0.1 0.2547835882 0.3739311585)
(0.2 0.2547835882 0.3739311585)
(0.3 0.2547835882 0.3739311585)
(0.4 0.2547835882 0.3739311585)
(0.5 0.2547835882 0.3739311585)
(0.6 0.2547835882 0.3739311585)
(0.7 0.2547835882 0.3739311585)
(0.8 0.2547835882 0.3739311585)
(0.9 0.2547835882 0.3739311585)
(1 0.2547835882 0.3739311585)
(1.1 0.2547835882 0.3739311585)
(1.2 0.2547835882 0.3739311585)
(1.3 0.2547835882 0.3739311585)
(1.4 0.2547835882 0.3739311585)
(1.5 0.2547835882 0.3739311585)
(1.6 0.2547835882 0.3739311585)
(1.7 0.2547835882 0.3739311585)
(1.8 0.2547835882 0.3739311585)
(1.9 0.2547835882 0.3739311585)
(2 0.2547835882 0.3739311585)
(0 0.2816436335 0.3739311585)
(0.1 0.2816436335 0.3739311585)
(0.2 0.2816436335 0.3739311585)
(0.3 0.2816436335 0.3739311585)
(0.4 0.2816436335 0.3739311585)
(0.5 0.2816436335 0.3739311585)
(0.6 0.2816436335 0.3739311585)
(0.7 0.2816436335 0.3739311585)
(0.8 0.2816436335 0.3739311585)
(0.9 0.2816436335 0.3739311585)
(1 0.2816436335 0.3739311585)
(1.1 0.2816436335 0.3739311585)
(1.2 0.2816436335 0.3739311585)
(1.3 0.2816436335 0.3739311585)
(1.4 0.2816436335 0.3739311585)
(1.5 0.2816436335 0.3739311585)
(1.6 0.2816436335 0.3739311585)
(1.7 0.2816436335 0.3739311585)
(1.8 0.2816436335 0.3739311585)
(1.9 0.2816436335 0.3739311585)
(2 0.2816436335 0.3739311585)
(0 0.3103672206 0.3739311585)
(0.1 0.3103672206 0.3739311585)
(0.2 0.3103672206 0.3739311585)
(0.3 0.3103672206 0.3739311585)
(0.4 0.3103672206 0.3739311585)
(0.5 0.3103672206 0.3739311585)
(0.6 0.3103672206 0.3739311585)
(0.7 0.3103672206 0.3739311585)
(0.8 0.3103672206 0.3739311585)
(0.9 0.3103672206 0.3739311585)
(1 0.3103672206 0.3739311585)
(1.1 0.3103672206 0.3739311585)
(1.2 0.3103672206 0.3739311585)
(1.3 0.3103672206 0.3739311585)
(1.4 0.3103672206 0.3739311585)
(1.5 0.3103672206 0.3739311585)
(1.6 0.3103672206 0.3739311585)
(1.7 0.3103672206 0.3739311585)
(1.8 0.3103672206 0.3739311585)
(1.9 0.3103672206 0.3739311585)
(2 0.3103672206 0.3739311585)
(0 0.3410836415 0.3739311585)
(0.1 0.3410836415 0.3739311585)
(0.2 0.3410836415 0.3739311585)
(0.3 0.3410836415 0.3739311585)
(0.4 0.3410836415 0.3739311585)
(0.5 0.3410836415 0.3739311585)
(0.6 0.3410836415 0.3739311585)
(0.7 0.3410836415 0.3739311585)
(0.8 0.3410836415 0.3739311585)
(0.9 0.3410836415 0.3739311585)
(1 0.3410836415 0.3739311585)
(1.1 0.3410836415 0.3739311585)
(1.2 0.3410836415 0.3739311585)
(1.3 0.3410836415 0.3739311585)
(1.4 0.3410836415 0.3739311585)
(1.5 0.3410836415 0.3739311585)
(1.6 0.3410836415 0.3739311585)
(1.7 0.3410836415 0.3739311585)
(1.8 0.3410836415 0.3739311585)
(1.9 0.3410836415 0.3739311585)
(2 0.3410836415 0.3739311585)
(0 0.3739311585 0.3739311585)
(0.1 0.3739311585 0.3739311585)
(0.2 0.3739311585 0.3739311585)
(0.3 0.3739311585 0.3739311585)
(0.4 0.3739311585 0.3739311585)
(0.5 0.3739311585 0.3739311585)
(0.6 0.3739311585 0.3739311585)
(0.7 0.3739311585 0.3739311585)
(0.8 0.3739311585 0.3739311585)
(0.9 0.3739311585 0.3739311585)
(1 0.3739311585 0.3739311585)
(1.1 0.3739311585 0.3739311585)
(1.2 0.3739311585 0.3739311585)
(1.3 0.3739311585 0.3739311585)
(1.4 0.3739311585 0.3739311585)
(1.5 0.3739311585 0.3739311585)
(1.6 0.3739311585 0.3739311585)
(1.7 0.3739311585 0.3739311585)
(1.8 0.3739311585 0.3739311585)
(1.9 0.3739311585 0.3739311585)
(2 0.3739311585 0.3739311585)
(0 0.4090576263 0.3739311585)
(0.1 0.4090576263 0.3739311585)
(0.2 0.4090576263 0.3739311585)
(0.3 0.4090576263 0.3739311585)
(0.4 0.4090576263 0.3739311585)
(0.5 0.4090576263 0.3739311585)
(0.6 0.4090576263 0.3739311585)
(0.7 0.4090576263 0.3739311585)
(0.8 0.4090576263 0.3739311585)
(0.9 0.4090576263 0.3739311585)
(1 0.4090576263 0.3739311585)
(1.1 0.4090576263 0.3739311585)
(1.2 0.4090576263 0.3739311585)
(1.3 0.4090576263 0.3739311585)
(1.4 0.4090576263 0.3739311585)
(1.5 0.4090576263 0.3739311585)
(1.6 0.4090576263 0.3739311585)
(1.7 0.4090576263 0.3739311585)
(1.8 0.4090576263 0.3739311585)
(1.9 0.4090576263 0.3739311585)
(2 0.4090576263 0.3739311585)
(0 0.4466211578 0.3739311585)
(0.1 0.4466211578 0.3739311585)
(0.2 0.4466211578 0.3739311585)
(0.3 0.4466211578 0.3739311585)
(0.4 0.4466211578 0.3739311585)
(0.5 0.4466211578 0.3739311585)
(0.6 0.4466211578 0.3739311585)
(0.7 0.4466211578 0.3739311585)
(0.8 0.4466211578 0.3739311585)
(0.9 0.4466211578 0.3739311585)
(1 0.4466211578 0.3739311585)
(1.1 0.4466211578 0.3739311585)
(1.2 0.4466211578 0.3739311585)
(1.3 0.4466211578 0.3739311585)
(1.4 0.4466211578 0.3739311585)
(1.5 0.4466211578 0.3739311585)
(1.6 0.4466211578 0.3739311585)
(1.7 0.4466211578 0.3739311585)
(1.8 0.4466211578 0.3739311585)
(1.9 0.4466211578 0.3739311585)
(2 0.4466211578 0.3739311585)
(0 0.4867908358 0.3739311585)
(0.1 0.4867908358 0.3739311585)
(0.2 0.4867908358 0.3739311585)
(0.3 0.4867908358 0.3739311585)
(0.4 0.4867908358 0.3739311585)
(0.5 0.4867908358 0.3739311585)
(0.6 0.4867908358 0.3739311585)
(0.7 0.4867908358 0.3739311585)
(0.8 0.4867908358 0.3739311585)
(0.9 0.4867908358 0.3739311585)
(1 0.4867908358 0.3739311585)
(1.1 0.4867908358 0.3739311585)
(1.2 0.4867908358 0.3739311585)
(1.3 0.4867908358 0.3739311585)
(1.4 0.4867908358 0.3739311585)
(1.5 0.4867908358 0.3739311585)
(1.6 0.4867908358 0.3739311585)
(1.7 0.4867908358 0.3739311585)
(1.8 0.4867908358 0.3739311585)
(1.9 0.4867908358 0.3739311585)
(2 0.4867908358 0.3739311585)
(0 0.529747474 0.3739311585)
(0.1 0.529747474 0.3739311585)
(0.2 0.529747474 0.3739311585)
(0.3 0.529747474 0.3739311585)
(0.4 0.529747474 0.3739311585)
(0.5 0.529747474 0.3739311585)
(0.6 0.529747474 0.3739311585)
(0.7 0.529747474 0.3739311585)
(0.8 0.529747474 0.3739311585)
(0.9 0.529747474 0.3739311585)
(1 0.529747474 0.3739311585)
(1.1 0.529747474 0.3739311585)
(1.2 0.529747474 0.3739311585)
(1.3 0.529747474 0.3739311585)
(1.4 0.529747474 0.3739311585)
(1.5 0.529747474 0.3739311585)
(1.6 0.529747474 0.3739311585)
(1.7 0.529747474 0.3739311585)
(1.8 0.529747474 0.3739311585)
(1.9 0.529747474 0.3739311585)
(2 0.529747474 0.3739311585)
(0 0.5756844308 0.3739311585)
(0.1 0.5756844308 0.3739311585)
(0.2 0.5756844308 0.3739311585)
(0.3 0.5756844308 0.3739311585)
(0.4 0.5756844308 0.3739311585)
(0.5 0.5756844308 0.3739311585)
(0.6 0.5756844308 0.3739311585)
(0.7 0.5756844308 0.3739311585)
(0.8 0.5756844308 0.3739311585)
(0.9 0.5756844308 0.3739311585)
(1 0.5756844308 0.3739311585)
(1.1 0.5756844308 0.3739311585)
(1.2 0.5756844308 0.3739311585)
(1.3 0.5756844308 0.3739311585)
(1.4 0.5756844308 0.3739311585)
(1.5 0.5756844308 0.3739311585)
(1.6 0.5756844308 0.3739311585)
(1.7 0.5756844308 0.3739311585)
(1.8 0.5756844308 0.3739311585)
(1.9 0.5756844308 0.3739311585)
(2 0.5756844308 0.3739311585)
(0 0.6248084798 0.3739311585)
(0.1 0.6248084798 0.3739311585)
(0.2 0.6248084798 0.3739311585)
(0.3 0.6248084798 0.3739311585)
(0.4 0.6248084798 0.3739311585)
(0.5 0.6248084798 0.3739311585)
(0.6 0.6248084798 0.3739311585)
(0.7 0.6248084798 0.3739311585)
(0.8 0.6248084798 0.3739311585)
(0.9 0.6248084798 0.3739311585)
(1 0.6248084798 0.3739311585)
(1.1 0.6248084798 0.3739311585)
(1.2 0.6248084798 0.3739311585)
(1.3 0.6248084798 0.3739311585)
(1.4 0.6248084798 0.3739311585)
(1.5 0.6248084798 0.3739311585)
(1.6 0.6248084798 0.3739311585)
(1.7 0.6248084798 0.3739311585)
(1.8 0.6248084798 0.3739311585)
(1.9 0.6248084798 0.3739311585)
(2 0.6248084798 0.3739311585)
(0 0.6773407405 0.3739311585)
(0.1 0.6773407405 0.3739311585)
(0.2 0.6773407405 0.3739311585)
(0.3 0.6773407405 0.3739311585)
(0.4 0.6773407405 0.3739311585)
(0.5 0.6773407405 0.3739311585)
(0.6 0.6773407405 0.3739311585)
(0.7 0.6773407405 0.3739311585)
(0.8 0.6773407405 0.3739311585)
(0.9 0.6773407405 0.3739311585)
(1 0.6773407405 0.3739311585)
(1.1 0.6773407405 0.3739311585)
(1.2 0.6773407405 0.3739311585)
(1.3 0.6773407405 0.3739311585)
(1.4 0.6773407405 0.3739311585)
(1.5 0.6773407405 0.3739311585)
(1.6 0.6773407405 0.3739311585)
(1.7 0.6773407405 0.3739311585)
(1.8 0.6773407405 0.3739311585)
(1.9 0.6773407405 0.3739311585)
(2 0.6773407405 0.3739311585)
(0 0.7335176736 0.3739311585)
(0.1 0.7335176736 0.3739311585)
(0.2 0.7335176736 0.3739311585)
(0.3 0.7335176736 0.3739311585)
(0.4 0.7335176736 0.3739311585)
(0.5 0.7335176736 0.3739311585)
(0.6 0.7335176736 0.3739311585)
(0.7 0.7335176736 0.3739311585)
(0.8 0.7335176736 0.3739311585)
(0.9 0.7335176736 0.3739311585)
(1 0.7335176736 0.3739311585)
(1.1 0.7335176736 0.3739311585)
(1.2 0.7335176736 0.3739311585)
(1.3 0.7335176736 0.3739311585)
(1.4 0.7335176736 0.3739311585)
(1.5 0.7335176736 0.3739311585)
(1.6 0.7335176736 0.3739311585)
(1.7 0.7335176736 0.3739311585)
(1.8 0.7335176736 0.3739311585)
(1.9 0.7335176736 0.3739311585)
(2 0.7335176736 0.3739311585)
(0 0.7935921454 0.3739311585)
(0.1 0.7935921454 0.3739311585)
(0.2 0.7935921454 0.3739311585)
(0.3 0.7935921454 0.3739311585)
(0.4 0.7935921454 0.3739311585)
(0.5 0.7935921454 0.3739311585)
(0.6 0.7935921454 0.3739311585)
(0.7 0.7935921454 0.3739311585)
(0.8 0.7935921454 0.3739311585)
(0.9 0.7935921454 0.3739311585)
(1 0.7935921454 0.3739311585)
(1.1 0.7935921454 0.3739311585)
(1.2 0.7935921454 0.3739311585)
(1.3 0.7935921454 0.3739311585)
(1.4 0.7935921454 0.3739311585)
(1.5 0.7935921454 0.3739311585)
(1.6 0.7935921454 0.3739311585)
(1.7 0.7935921454 0.3739311585)
(1.8 0.7935921454 0.3739311585)
(1.9 0.7935921454 0.3739311585)
(2 0.7935921454 0.3739311585)
(0 0.857834566 0.3739311585)
(0.1 0.857834566 0.3739311585)
(0.2 0.857834566 0.3739311585)
(0.3 0.857834566 0.3739311585)
(0.4 0.857834566 0.3739311585)
(0.5 0.857834566 0.3739311585)
(0.6 0.857834566 0.3739311585)
(0.7 0.857834566 0.3739311585)
(0.8 0.857834566 0.3739311585)
(0.9 0.857834566 0.3739311585)
(1 0.857834566 0.3739311585)
(1.1 0.857834566 0.3739311585)
(1.2 0.857834566 0.3739311585)
(1.3 0.857834566 0.3739311585)
(1.4 0.857834566 0.3739311585)
(1.5 0.857834566 0.3739311585)
(1.6 0.857834566 0.3739311585)
(1.7 0.857834566 0.3739311585)
(1.8 0.857834566 0.3739311585)
(1.9 0.857834566 0.3739311585)
(2 0.857834566 0.3739311585)
(0 0.9265341063 0.3739311585)
(0.1 0.9265341063 0.3739311585)
(0.2 0.9265341063 0.3739311585)
(0.3 0.9265341063 0.3739311585)
(0.4 0.9265341063 0.3739311585)
(0.5 0.9265341063 0.3739311585)
(0.6 0.9265341063 0.3739311585)
(0.7 0.9265341063 0.3739311585)
(0.8 0.9265341063 0.3739311585)
(0.9 0.9265341063 0.3739311585)
(1 0.9265341063 0.3739311585)
(1.1 0.9265341063 0.3739311585)
(1.2 0.9265341063 0.3739311585)
(1.3 0.9265341063 0.3739311585)
(1.4 0.9265341063 0.3739311585)
(1.5 0.9265341063 0.3739311585)
(1.6 0.9265341063 0.3739311585)
(1.7 0.9265341063 0.3739311585)
(1.8 0.9265341063 0.3739311585)
(1.9 0.9265341063 0.3739311585)
(2 0.9265341063 0.3739311585)
(0 1 0.3739311585)
(0.1 1 0.3739311585)
(0.2 1 0.3739311585)
(0.3 1 0.3739311585)
(0.4 1 0.3739311585)
(0.5 1 0.3739311585)
(0.6 1 0.3739311585)
(0.7 1 0.3739311585)
(0.8 1 0.3739311585)
(0.9 1 0.3739311585)
(1 1 0.3739311585)
(1.1 1 0.3739311585)
(1.2 1 0.3739311585)
(1.3 1 0.3739311585)
(1.4 1 0.3739311585)
(1.5 1 0.3739311585)
(1.6 1 0.3739311585)
(1.7 1 0.3739311585)
(1.8 1 0.3739311585)
(1.9 1 0.3739311585)
(2 1 0.3739311585)
(0 0 0.4090576263)
(0.1 0 0.4090576263)
(0.2 0 0.4090576263)
(0.3 0 0.4090576263)
(0.4 0 0.4090576263)
(0.5 0 0.4090576263)
(0.6 0 0.4090576263)
(0.7 0 0.4090576263)
(0.8 0 0.4090576263)
(0.9 0 0.4090576263)
(1 0 0.4090576263)
(1.1 0 0.4090576263)
(1.2 0 0.4090576263)
(1.3 0 0.4090576263)
(1.4 0 0.4090576263)
(1.5 0 0.4090576263)
(1.6 0 0.4090576263)
(1.7 0 0.4090576263)
(1.8 0 0.4090576263)
(1.9 0 0.4090576263)
(2 0 0.4090576263)
(0 0.009183236716 0.4090576263)
(0.1 0.009183236716 0.4090576263)
(0.2 0.009183236716 0.4090576263)
(0.3 0.009183236716 0.4090576263)
(0.4 0.009183236716 0.4090576263)
(0.5 0.009183236716 0.4090576263)
(0.6 0.009183236716 0.4090576263)
(0.7 0.009183236716 0.4090576263)
(0.8 0.009183236716 0.4090576263)
(0.9 0.009183236716 0.4090576263)
(1 0.009183236716 0.4090576263)
(1.1 0.009183236716 0.4090576263)
(1.2 0.009183236716 0.4090576263)
(1.3 0.009183236716 0.4090576263)
(1.4 0.009183236716 0.4090576263)
(1.5 0.009183236716 0.4090576263)
(1.6 0.009183236716 0.4090576263)
(1.7 0.009183236716 0.4090576263)
(1.8 0.009183236716 0.4090576263)
(1.9 0.009183236716 0.4090576263)
(2 0.009183236716 0.4090576263)
(0 0.01900360363 0.4090576263)
(0.1 0.01900360363 0.4090576263)
(0.2 0.01900360363 0.4090576263)
(0.3 0.01900360363 0.4090576263)
(0.4 0.01900360363 0.4090576263)
(0.5 0.01900360363 0.4090576263)
(0.6 0.01900360363 0.4090576263)
(0.7 0.01900360363 0.4090576263)
(0.8 0.01900360363 0.4090576263)
(0.9 0.01900360363 0.4090576263)
(1 0.01900360363 0.4090576263)
(1.1 0.01900360363 0.4090576263)
(1.2 0.01900360363 0.4090576263)
(1.3 0.01900360363 0.4090576263)
(1.4 0.01900360363 0.4090576263)
(1.5 0.01900360363 0.4090576263)
(1.6 0.01900360363 0.4090576263)
(1.7 0.01900360363 0.4090576263)
(1.8 0.01900360363 0.4090576263)
(1.9 0.01900360363 0.4090576263)
(2 0.01900360363 0.4090576263)
(0 0.02950530463 0.4090576263)
(0.1 0.02950530463 0.4090576263)
(0.2 0.02950530463 0.4090576263)
(0.3 0.02950530463 0.4090576263)
(0.4 0.02950530463 0.4090576263)
(0.5 0.02950530463 0.4090576263)
(0.6 0.02950530463 0.4090576263)
(0.7 0.02950530463 0.4090576263)
(0.8 0.02950530463 0.4090576263)
(0.9 0.02950530463 0.4090576263)
(1 0.02950530463 0.4090576263)
(1.1 0.02950530463 0.4090576263)
(1.2 0.02950530463 0.4090576263)
(1.3 0.02950530463 0.4090576263)
(1.4 0.02950530463 0.4090576263)
(1.5 0.02950530463 0.4090576263)
(1.6 0.02950530463 0.4090576263)
(1.7 0.02950530463 0.4090576263)
(1.8 0.02950530463 0.4090576263)
(1.9 0.02950530463 0.4090576263)
(2 0.02950530463 0.4090576263)
(0 0.04073561049 0.4090576263)
(0.1 0.04073561049 0.4090576263)
(0.2 0.04073561049 0.4090576263)
(0.3 0.04073561049 0.4090576263)
(0.4 0.04073561049 0.4090576263)
(0.5 0.04073561049 0.4090576263)
(0.6 0.04073561049 0.4090576263)
(0.7 0.04073561049 0.4090576263)
(0.8 0.04073561049 0.4090576263)
(0.9 0.04073561049 0.4090576263)
(1 0.04073561049 0.4090576263)
(1.1 0.04073561049 0.4090576263)
(1.2 0.04073561049 0.4090576263)
(1.3 0.04073561049 0.4090576263)
(1.4 0.04073561049 0.4090576263)
(1.5 0.04073561049 0.4090576263)
(1.6 0.04073561049 0.4090576263)
(1.7 0.04073561049 0.4090576263)
(1.8 0.04073561049 0.4090576263)
(1.9 0.04073561049 0.4090576263)
(2 0.04073561049 0.4090576263)
(0 0.05274507158 0.4090576263)
(0.1 0.05274507158 0.4090576263)
(0.2 0.05274507158 0.4090576263)
(0.3 0.05274507158 0.4090576263)
(0.4 0.05274507158 0.4090576263)
(0.5 0.05274507158 0.4090576263)
(0.6 0.05274507158 0.4090576263)
(0.7 0.05274507158 0.4090576263)
(0.8 0.05274507158 0.4090576263)
(0.9 0.05274507158 0.4090576263)
(1 0.05274507158 0.4090576263)
(1.1 0.05274507158 0.4090576263)
(1.2 0.05274507158 0.4090576263)
(1.3 0.05274507158 0.4090576263)
(1.4 0.05274507158 0.4090576263)
(1.5 0.05274507158 0.4090576263)
(1.6 0.05274507158 0.4090576263)
(1.7 0.05274507158 0.4090576263)
(1.8 0.05274507158 0.4090576263)
(1.9 0.05274507158 0.4090576263)
(2 0.05274507158 0.4090576263)
(0 0.06558774547 0.4090576263)
(0.1 0.06558774547 0.4090576263)
(0.2 0.06558774547 0.4090576263)
(0.3 0.06558774547 0.4090576263)
(0.4 0.06558774547 0.4090576263)
(0.5 0.06558774547 0.4090576263)
(0.6 0.06558774547 0.4090576263)
(0.7 0.06558774547 0.4090576263)
(0.8 0.06558774547 0.4090576263)
(0.9 0.06558774547 0.4090576263)
(1 0.06558774547 0.4090576263)
(1.1 0.06558774547 0.4090576263)
(1.2 0.06558774547 0.4090576263)
(1.3 0.06558774547 0.4090576263)
(1.4 0.06558774547 0.4090576263)
(1.5 0.06558774547 0.4090576263)
(1.6 0.06558774547 0.4090576263)
(1.7 0.06558774547 0.4090576263)
(1.8 0.06558774547 0.4090576263)
(1.9 0.06558774547 0.4090576263)
(2 0.06558774547 0.4090576263)
(0 0.07932144019 0.4090576263)
(0.1 0.07932144019 0.4090576263)
(0.2 0.07932144019 0.4090576263)
(0.3 0.07932144019 0.4090576263)
(0.4 0.07932144019 0.4090576263)
(0.5 0.07932144019 0.4090576263)
(0.6 0.07932144019 0.4090576263)
(0.7 0.07932144019 0.4090576263)
(0.8 0.07932144019 0.4090576263)
(0.9 0.07932144019 0.4090576263)
(1 0.07932144019 0.4090576263)
(1.1 0.07932144019 0.4090576263)
(1.2 0.07932144019 0.4090576263)
(1.3 0.07932144019 0.4090576263)
(1.4 0.07932144019 0.4090576263)
(1.5 0.07932144019 0.4090576263)
(1.6 0.07932144019 0.4090576263)
(1.7 0.07932144019 0.4090576263)
(1.8 0.07932144019 0.4090576263)
(1.9 0.07932144019 0.4090576263)
(2 0.07932144019 0.4090576263)
(0 0.09400797452 0.4090576263)
(0.1 0.09400797452 0.4090576263)
(0.2 0.09400797452 0.4090576263)
(0.3 0.09400797452 0.4090576263)
(0.4 0.09400797452 0.4090576263)
(0.5 0.09400797452 0.4090576263)
(0.6 0.09400797452 0.4090576263)
(0.7 0.09400797452 0.4090576263)
(0.8 0.09400797452 0.4090576263)
(0.9 0.09400797452 0.4090576263)
(1 0.09400797452 0.4090576263)
(1.1 0.09400797452 0.4090576263)
(1.2 0.09400797452 0.4090576263)
(1.3 0.09400797452 0.4090576263)
(1.4 0.09400797452 0.4090576263)
(1.5 0.09400797452 0.4090576263)
(1.6 0.09400797452 0.4090576263)
(1.7 0.09400797452 0.4090576263)
(1.8 0.09400797452 0.4090576263)
(1.9 0.09400797452 0.4090576263)
(2 0.09400797452 0.4090576263)
(0 0.1097134562 0.4090576263)
(0.1 0.1097134562 0.4090576263)
(0.2 0.1097134562 0.4090576263)
(0.3 0.1097134562 0.4090576263)
(0.4 0.1097134562 0.4090576263)
(0.5 0.1097134562 0.4090576263)
(0.6 0.1097134562 0.4090576263)
(0.7 0.1097134562 0.4090576263)
(0.8 0.1097134562 0.4090576263)
(0.9 0.1097134562 0.4090576263)
(1 0.1097134562 0.4090576263)
(1.1 0.1097134562 0.4090576263)
(1.2 0.1097134562 0.4090576263)
(1.3 0.1097134562 0.4090576263)
(1.4 0.1097134562 0.4090576263)
(1.5 0.1097134562 0.4090576263)
(1.6 0.1097134562 0.4090576263)
(1.7 0.1097134562 0.4090576263)
(1.8 0.1097134562 0.4090576263)
(1.9 0.1097134562 0.4090576263)
(2 0.1097134562 0.4090576263)
(0 0.1265085794 0.4090576263)
(0.1 0.1265085794 0.4090576263)
(0.2 0.1265085794 0.4090576263)
(0.3 0.1265085794 0.4090576263)
(0.4 0.1265085794 0.4090576263)
(0.5 0.1265085794 0.4090576263)
(0.6 0.1265085794 0.4090576263)
(0.7 0.1265085794 0.4090576263)
(0.8 0.1265085794 0.4090576263)
(0.9 0.1265085794 0.4090576263)
(1 0.1265085794 0.4090576263)
(1.1 0.1265085794 0.4090576263)
(1.2 0.1265085794 0.4090576263)
(1.3 0.1265085794 0.4090576263)
(1.4 0.1265085794 0.4090576263)
(1.5 0.1265085794 0.4090576263)
(1.6 0.1265085794 0.4090576263)
(1.7 0.1265085794 0.4090576263)
(1.8 0.1265085794 0.4090576263)
(1.9 0.1265085794 0.4090576263)
(2 0.1265085794 0.4090576263)
(0 0.1444689432 0.4090576263)
(0.1 0.1444689432 0.4090576263)
(0.2 0.1444689432 0.4090576263)
(0.3 0.1444689432 0.4090576263)
(0.4 0.1444689432 0.4090576263)
(0.5 0.1444689432 0.4090576263)
(0.6 0.1444689432 0.4090576263)
(0.7 0.1444689432 0.4090576263)
(0.8 0.1444689432 0.4090576263)
(0.9 0.1444689432 0.4090576263)
(1 0.1444689432 0.4090576263)
(1.1 0.1444689432 0.4090576263)
(1.2 0.1444689432 0.4090576263)
(1.3 0.1444689432 0.4090576263)
(1.4 0.1444689432 0.4090576263)
(1.5 0.1444689432 0.4090576263)
(1.6 0.1444689432 0.4090576263)
(1.7 0.1444689432 0.4090576263)
(1.8 0.1444689432 0.4090576263)
(1.9 0.1444689432 0.4090576263)
(2 0.1444689432 0.4090576263)
(0 0.1636753917 0.4090576263)
(0.1 0.1636753917 0.4090576263)
(0.2 0.1636753917 0.4090576263)
(0.3 0.1636753917 0.4090576263)
(0.4 0.1636753917 0.4090576263)
(0.5 0.1636753917 0.4090576263)
(0.6 0.1636753917 0.4090576263)
(0.7 0.1636753917 0.4090576263)
(0.8 0.1636753917 0.4090576263)
(0.9 0.1636753917 0.4090576263)
(1 0.1636753917 0.4090576263)
(1.1 0.1636753917 0.4090576263)
(1.2 0.1636753917 0.4090576263)
(1.3 0.1636753917 0.4090576263)
(1.4 0.1636753917 0.4090576263)
(1.5 0.1636753917 0.4090576263)
(1.6 0.1636753917 0.4090576263)
(1.7 0.1636753917 0.4090576263)
(1.8 0.1636753917 0.4090576263)
(1.9 0.1636753917 0.4090576263)
(2 0.1636753917 0.4090576263)
(0 0.1842143777 0.4090576263)
(0.1 0.1842143777 0.4090576263)
(0.2 0.1842143777 0.4090576263)
(0.3 0.1842143777 0.4090576263)
(0.4 0.1842143777 0.4090576263)
(0.5 0.1842143777 0.4090576263)
(0.6 0.1842143777 0.4090576263)
(0.7 0.1842143777 0.4090576263)
(0.8 0.1842143777 0.4090576263)
(0.9 0.1842143777 0.4090576263)
(1 0.1842143777 0.4090576263)
(1.1 0.1842143777 0.4090576263)
(1.2 0.1842143777 0.4090576263)
(1.3 0.1842143777 0.4090576263)
(1.4 0.1842143777 0.4090576263)
(1.5 0.1842143777 0.4090576263)
(1.6 0.1842143777 0.4090576263)
(1.7 0.1842143777 0.4090576263)
(1.8 0.1842143777 0.4090576263)
(1.9 0.1842143777 0.4090576263)
(2 0.1842143777 0.4090576263)
(0 0.2061783524 0.4090576263)
(0.1 0.2061783524 0.4090576263)
(0.2 0.2061783524 0.4090576263)
(0.3 0.2061783524 0.4090576263)
(0.4 0.2061783524 0.4090576263)
(0.5 0.2061783524 0.4090576263)
(0.6 0.2061783524 0.4090576263)
(0.7 0.2061783524 0.4090576263)
(0.8 0.2061783524 0.4090576263)
(0.9 0.2061783524 0.4090576263)
(1 0.2061783524 0.4090576263)
(1.1 0.2061783524 0.4090576263)
(1.2 0.2061783524 0.4090576263)
(1.3 0.2061783524 0.4090576263)
(1.4 0.2061783524 0.4090576263)
(1.5 0.2061783524 0.4090576263)
(1.6 0.2061783524 0.4090576263)
(1.7 0.2061783524 0.4090576263)
(1.8 0.2061783524 0.4090576263)
(1.9 0.2061783524 0.4090576263)
(2 0.2061783524 0.4090576263)
(0 0.2296661811 0.4090576263)
(0.1 0.2296661811 0.4090576263)
(0.2 0.2296661811 0.4090576263)
(0.3 0.2296661811 0.4090576263)
(0.4 0.2296661811 0.4090576263)
(0.5 0.2296661811 0.4090576263)
(0.6 0.2296661811 0.4090576263)
(0.7 0.2296661811 0.4090576263)
(0.8 0.2296661811 0.4090576263)
(0.9 0.2296661811 0.4090576263)
(1 0.2296661811 0.4090576263)
(1.1 0.2296661811 0.4090576263)
(1.2 0.2296661811 0.4090576263)
(1.3 0.2296661811 0.4090576263)
(1.4 0.2296661811 0.4090576263)
(1.5 0.2296661811 0.4090576263)
(1.6 0.2296661811 0.4090576263)
(1.7 0.2296661811 0.4090576263)
(1.8 0.2296661811 0.4090576263)
(1.9 0.2296661811 0.4090576263)
(2 0.2296661811 0.4090576263)
(0 0.2547835882 0.4090576263)
(0.1 0.2547835882 0.4090576263)
(0.2 0.2547835882 0.4090576263)
(0.3 0.2547835882 0.4090576263)
(0.4 0.2547835882 0.4090576263)
(0.5 0.2547835882 0.4090576263)
(0.6 0.2547835882 0.4090576263)
(0.7 0.2547835882 0.4090576263)
(0.8 0.2547835882 0.4090576263)
(0.9 0.2547835882 0.4090576263)
(1 0.2547835882 0.4090576263)
(1.1 0.2547835882 0.4090576263)
(1.2 0.2547835882 0.4090576263)
(1.3 0.2547835882 0.4090576263)
(1.4 0.2547835882 0.4090576263)
(1.5 0.2547835882 0.4090576263)
(1.6 0.2547835882 0.4090576263)
(1.7 0.2547835882 0.4090576263)
(1.8 0.2547835882 0.4090576263)
(1.9 0.2547835882 0.4090576263)
(2 0.2547835882 0.4090576263)
(0 0.2816436335 0.4090576263)
(0.1 0.2816436335 0.4090576263)
(0.2 0.2816436335 0.4090576263)
(0.3 0.2816436335 0.4090576263)
(0.4 0.2816436335 0.4090576263)
(0.5 0.2816436335 0.4090576263)
(0.6 0.2816436335 0.4090576263)
(0.7 0.2816436335 0.4090576263)
(0.8 0.2816436335 0.4090576263)
(0.9 0.2816436335 0.4090576263)
(1 0.2816436335 0.4090576263)
(1.1 0.2816436335 0.4090576263)
(1.2 0.2816436335 0.4090576263)
(1.3 0.2816436335 0.4090576263)
(1.4 0.2816436335 0.4090576263)
(1.5 0.2816436335 0.4090576263)
(1.6 0.2816436335 0.4090576263)
(1.7 0.2816436335 0.4090576263)
(1.8 0.2816436335 0.4090576263)
(1.9 0.2816436335 0.4090576263)
(2 0.2816436335 0.4090576263)
(0 0.3103672206 0.4090576263)
(0.1 0.3103672206 0.4090576263)
(0.2 0.3103672206 0.4090576263)
(0.3 0.3103672206 0.4090576263)
(0.4 0.3103672206 0.4090576263)
(0.5 0.3103672206 0.4090576263)
(0.6 0.3103672206 0.4090576263)
(0.7 0.3103672206 0.4090576263)
(0.8 0.3103672206 0.4090576263)
(0.9 0.3103672206 0.4090576263)
(1 0.3103672206 0.4090576263)
(1.1 0.3103672206 0.4090576263)
(1.2 0.3103672206 0.4090576263)
(1.3 0.3103672206 0.4090576263)
(1.4 0.3103672206 0.4090576263)
(1.5 0.3103672206 0.4090576263)
(1.6 0.3103672206 0.4090576263)
(1.7 0.3103672206 0.4090576263)
(1.8 0.3103672206 0.4090576263)
(1.9 0.3103672206 0.4090576263)
(2 0.3103672206 0.4090576263)
(0 0.3410836415 0.4090576263)
(0.1 0.3410836415 0.4090576263)
(0.2 0.3410836415 0.4090576263)
(0.3 0.3410836415 0.4090576263)
(0.4 0.3410836415 0.4090576263)
(0.5 0.3410836415 0.4090576263)
(0.6 0.3410836415 0.4090576263)
(0.7 0.3410836415 0.4090576263)
(0.8 0.3410836415 0.4090576263)
(0.9 0.3410836415 0.4090576263)
(1 0.3410836415 0.4090576263)
(1.1 0.3410836415 0.4090576263)
(1.2 0.3410836415 0.4090576263)
(1.3 0.3410836415 0.4090576263)
(1.4 0.3410836415 0.4090576263)
(1.5 0.3410836415 0.4090576263)
(1.6 0.3410836415 0.4090576263)
(1.7 0.3410836415 0.4090576263)
(1.8 0.3410836415 0.4090576263)
(1.9 0.3410836415 0.4090576263)
(2 0.3410836415 0.4090576263)
(0 0.3739311585 0.4090576263)
(0.1 0.3739311585 0.4090576263)
(0.2 0.3739311585 0.4090576263)
(0.3 0.3739311585 0.4090576263)
(0.4 0.3739311585 0.4090576263)
(0.5 0.3739311585 0.4090576263)
(0.6 0.3739311585 0.4090576263)
(0.7 0.3739311585 0.4090576263)
(0.8 0.3739311585 0.4090576263)
(0.9 0.3739311585 0.4090576263)
(1 0.3739311585 0.4090576263)
(1.1 0.3739311585 0.4090576263)
(1.2 0.3739311585 0.4090576263)
(1.3 0.3739311585 0.4090576263)
(1.4 0.3739311585 0.4090576263)
(1.5 0.3739311585 0.4090576263)
(1.6 0.3739311585 0.4090576263)
(1.7 0.3739311585 0.4090576263)
(1.8 0.3739311585 0.4090576263)
(1.9 0.3739311585 0.4090576263)
(2 0.3739311585 0.4090576263)
(0 0.4090576263 0.4090576263)
(0.1 0.4090576263 0.4090576263)
(0.2 0.4090576263 0.4090576263)
(0.3 0.4090576263 0.4090576263)
(0.4 0.4090576263 0.4090576263)
(0.5 0.4090576263 0.4090576263)
(0.6 0.4090576263 0.4090576263)
(0.7 0.4090576263 0.4090576263)
(0.8 0.4090576263 0.4090576263)
(0.9 0.4090576263 0.4090576263)
(1 0.4090576263 0.4090576263)
(1.1 0.4090576263 0.4090576263)
(1.2 0.4090576263 0.4090576263)
(1.3 0.4090576263 0.4090576263)
(1.4 0.4090576263 0.4090576263)
(1.5 0.4090576263 0.4090576263)
(1.6 0.4090576263 0.4090576263)
(1.7 0.4090576263 0.4090576263)
(1.8 0.4090576263 0.4090576263)
(1.9 0.4090576263 0.4090576263)
(2 0.4090576263 0.4090576263)
(0 0.4466211578 0.4090576263)
(0.1 0.4466211578 0.4090576263)
(0.2 0.4466211578 0.4090576263)
(0.3 0.4466211578 0.4090576263)
(0.4 0.4466211578 0.4090576263)
(0.5 0.4466211578 0.4090576263)
(0.6 0.4466211578 0.4090576263)
(0.7 0.4466211578 0.4090576263)
(0.8 0.4466211578 0.4090576263)
(0.9 0.4466211578 0.4090576263)
(1 0.4466211578 0.4090576263)
(1.1 0.4466211578 0.4090576263)
(1.2 0.4466211578 0.4090576263)
(1.3 0.4466211578 0.4090576263)
(1.4 0.4466211578 0.4090576263)
(1.5 0.4466211578 0.4090576263)
(1.6 0.4466211578 0.4090576263)
(1.7 0.4466211578 0.4090576263)
(1.8 0.4466211578 0.4090576263)
(1.9 0.4466211578 0.4090576263)
(2 0.4466211578 0.4090576263)
(0 0.4867908358 0.4090576263)
(0.1 0.4867908358 0.4090576263)
(0.2 0.4867908358 0.4090576263)
(0.3 0.4867908358 0.4090576263)
(0.4 0.4867908358 0.4090576263)
(0.5 0.4867908358 0.4090576263)
(0.6 0.4867908358 0.4090576263)
(0.7 0.4867908358 0.4090576263)
(0.8 0.4867908358 0.4090576263)
(0.9 0.4867908358 0.4090576263)
(1 0.4867908358 0.4090576263)
(1.1 0.4867908358 0.4090576263)
(1.2 0.4867908358 0.4090576263)
(1.3 0.4867908358 0.4090576263)
(1.4 0.4867908358 0.4090576263)
(1.5 0.4867908358 0.4090576263)
(1.6 0.4867908358 0.4090576263)
(1.7 0.4867908358 0.4090576263)
(1.8 0.4867908358 0.4090576263)
(1.9 0.4867908358 0.4090576263)
(2 0.4867908358 0.4090576263)
(0 0.529747474 0.4090576263)
(0.1 0.529747474 0.4090576263)
(0.2 0.529747474 0.4090576263)
(0.3 0.529747474 0.4090576263)
(0.4 0.529747474 0.4090576263)
(0.5 0.529747474 0.4090576263)
(0.6 0.529747474 0.4090576263)
(0.7 0.529747474 0.4090576263)
(0.8 0.529747474 0.4090576263)
(0.9 0.529747474 0.4090576263)
(1 0.529747474 0.4090576263)
(1.1 0.529747474 0.4090576263)
(1.2 0.529747474 0.4090576263)
(1.3 0.529747474 0.4090576263)
(1.4 0.529747474 0.4090576263)
(1.5 0.529747474 0.4090576263)
(1.6 0.529747474 0.4090576263)
(1.7 0.529747474 0.4090576263)
(1.8 0.529747474 0.4090576263)
(1.9 0.529747474 0.4090576263)
(2 0.529747474 0.4090576263)
(0 0.5756844308 0.4090576263)
(0.1 0.5756844308 0.4090576263)
(0.2 0.5756844308 0.4090576263)
(0.3 0.5756844308 0.4090576263)
(0.4 0.5756844308 0.4090576263)
(0.5 0.5756844308 0.4090576263)
(0.6 0.5756844308 0.4090576263)
(0.7 0.5756844308 0.4090576263)
(0.8 0.5756844308 0.4090576263)
(0.9 0.5756844308 0.4090576263)
(1 0.5756844308 0.4090576263)
(1.1 0.5756844308 0.4090576263)
(1.2 0.5756844308 0.4090576263)
(1.3 0.5756844308 0.4090576263)
(1.4 0.5756844308 0.4090576263)
(1.5 0.5756844308 0.4090576263)
(1.6 0.5756844308 0.4090576263)
(1.7 0.5756844308 0.4090576263)
(1.8 0.5756844308 0.4090576263)
(1.9 0.5756844308 0.4090576263)
(2 0.5756844308 0.4090576263)
(0 0.6248084798 0.4090576263)
(0.1 0.6248084798 0.4090576263)
(0.2 0.6248084798 0.4090576263)
(0.3 0.6248084798 0.4090576263)
(0.4 0.6248084798 0.4090576263)
(0.5 0.6248084798 0.4090576263)
(0.6 0.6248084798 0.4090576263)
(0.7 0.6248084798 0.4090576263)
(0.8 0.6248084798 0.4090576263)
(0.9 0.6248084798 0.4090576263)
(1 0.6248084798 0.4090576263)
(1.1 0.6248084798 0.4090576263)
(1.2 0.6248084798 0.4090576263)
(1.3 0.6248084798 0.4090576263)
(1.4 0.6248084798 0.4090576263)
(1.5 0.6248084798 0.4090576263)
(1.6 0.6248084798 0.4090576263)
(1.7 0.6248084798 0.4090576263)
(1.8 0.6248084798 0.4090576263)
(1.9 0.6248084798 0.4090576263)
(2 0.6248084798 0.4090576263)
(0 0.6773407405 0.4090576263)
(0.1 0.6773407405 0.4090576263)
(0.2 0.6773407405 0.4090576263)
(0.3 0.6773407405 0.4090576263)
(0.4 0.6773407405 0.4090576263)
(0.5 0.6773407405 0.4090576263)
(0.6 0.6773407405 0.4090576263)
(0.7 0.6773407405 0.4090576263)
(0.8 0.6773407405 0.4090576263)
(0.9 0.6773407405 0.4090576263)
(1 0.6773407405 0.4090576263)
(1.1 0.6773407405 0.4090576263)
(1.2 0.6773407405 0.4090576263)
(1.3 0.6773407405 0.4090576263)
(1.4 0.6773407405 0.4090576263)
(1.5 0.6773407405 0.4090576263)
(1.6 0.6773407405 0.4090576263)
(1.7 0.6773407405 0.4090576263)
(1.8 0.6773407405 0.4090576263)
(1.9 0.6773407405 0.4090576263)
(2 0.6773407405 0.4090576263)
(0 0.7335176736 0.4090576263)
(0.1 0.7335176736 0.4090576263)
(0.2 0.7335176736 0.4090576263)
(0.3 0.7335176736 0.4090576263)
(0.4 0.7335176736 0.4090576263)
(0.5 0.7335176736 0.4090576263)
(0.6 0.7335176736 0.4090576263)
(0.7 0.7335176736 0.4090576263)
(0.8 0.7335176736 0.4090576263)
(0.9 0.7335176736 0.4090576263)
(1 0.7335176736 0.4090576263)
(1.1 0.7335176736 0.4090576263)
(1.2 0.7335176736 0.4090576263)
(1.3 0.7335176736 0.4090576263)
(1.4 0.7335176736 0.4090576263)
(1.5 0.7335176736 0.4090576263)
(1.6 0.7335176736 0.4090576263)
(1.7 0.7335176736 0.4090576263)
(1.8 0.7335176736 0.4090576263)
(1.9 0.7335176736 0.4090576263)
(2 0.7335176736 0.4090576263)
(0 0.7935921454 0.4090576263)
(0.1 0.7935921454 0.4090576263)
(0.2 0.7935921454 0.4090576263)
(0.3 0.7935921454 0.4090576263)
(0.4 0.7935921454 0.4090576263)
(0.5 0.7935921454 0.4090576263)
(0.6 0.7935921454 0.4090576263)
(0.7 0.7935921454 0.4090576263)
(0.8 0.7935921454 0.4090576263)
(0.9 0.7935921454 0.4090576263)
(1 0.7935921454 0.4090576263)
(1.1 0.7935921454 0.4090576263)
(1.2 0.7935921454 0.4090576263)
(1.3 0.7935921454 0.4090576263)
(1.4 0.7935921454 0.4090576263)
(1.5 0.7935921454 0.4090576263)
(1.6 0.7935921454 0.4090576263)
(1.7 0.7935921454 0.4090576263)
(1.8 0.7935921454 0.4090576263)
(1.9 0.7935921454 0.4090576263)
(2 0.7935921454 0.4090576263)
(0 0.857834566 0.4090576263)
(0.1 0.857834566 0.4090576263)
(0.2 0.857834566 0.4090576263)
(0.3 0.857834566 0.4090576263)
(0.4 0.857834566 0.4090576263)
(0.5 0.857834566 0.4090576263)
(0.6 0.857834566 0.4090576263)
(0.7 0.857834566 0.4090576263)
(0.8 0.857834566 0.4090576263)
(0.9 0.857834566 0.4090576263)
(1 0.857834566 0.4090576263)
(1.1 0.857834566 0.4090576263)
(1.2 0.857834566 0.4090576263)
(1.3 0.857834566 0.4090576263)
(1.4 0.857834566 0.4090576263)
(1.5 0.857834566 0.4090576263)
(1.6 0.857834566 0.4090576263)
(1.7 0.857834566 0.4090576263)
(1.8 0.857834566 0.4090576263)
(1.9 0.857834566 0.4090576263)
(2 0.857834566 0.4090576263)
(0 0.9265341063 0.4090576263)
(0.1 0.9265341063 0.4090576263)
(0.2 0.9265341063 0.4090576263)
(0.3 0.9265341063 0.4090576263)
(0.4 0.9265341063 0.4090576263)
(0.5 0.9265341063 0.4090576263)
(0.6 0.9265341063 0.4090576263)
(0.7 0.9265341063 0.4090576263)
(0.8 0.9265341063 0.4090576263)
(0.9 0.9265341063 0.4090576263)
(1 0.9265341063 0.4090576263)
(1.1 0.9265341063 0.4090576263)
(1.2 0.9265341063 0.4090576263)
(1.3 0.9265341063 0.4090576263)
(1.4 0.9265341063 0.4090576263)
(1.5 0.9265341063 0.4090576263)
(1.6 0.9265341063 0.4090576263)
(1.7 0.9265341063 0.4090576263)
(1.8 0.9265341063 0.4090576263)
(1.9 0.9265341063 0.4090576263)
(2 0.9265341063 0.4090576263)
(0 1 0.4090576263)
(0.1 1 0.4090576263)
(0.2 1 0.4090576263)
(0.3 1 0.4090576263)
(0.4 1 0.4090576263)
(0.5 1 0.4090576263)
(0.6 1 0.4090576263)
(0.7 1 0.4090576263)
(0.8 1 0.4090576263)
(0.9 1 0.4090576263)
(1 1 0.4090576263)
(1.1 1 0.4090576263)
(1.2 1 0.4090576263)
(1.3 1 0.4090576263)
(1.4 1 0.4090576263)
(1.5 1 0.4090576263)
(1.6 1 0.4090576263)
(1.7 1 0.4090576263)
(1.8 1 0.4090576263)
(1.9 1 0.4090576263)
(2 1 0.4090576263)
(0 0 0.4466211578)
(0.1 0 0.4466211578)
(0.2 0 0.4466211578)
(0.3 0 0.4466211578)
(0.4 0 0.4466211578)
(0.5 0 0.4466211578)
(0.6 0 0.4466211578)
(0.7 0 0.4466211578)
(0.8 0 0.4466211578)
(0.9 0 0.4466211578)
(1 0 0.4466211578)
(1.1 0 0.4466211578)
(1.2 0 0.4466211578)
(1.3 0 0.4466211578)
(1.4 0 0.4466211578)
(1.5 0 0.4466211578)
(1.6 0 0.4466211578)
(1.7 0 0.4466211578)
(1.8 0 0.4466211578)
(1.9 0 0.4466211578)
(2 0 0.4466211578)
(0 0.009183236716 0.4466211578)
(0.1 0.009183236716 0.4466211578)
(0.2 0.009183236716 0.4466211578)
(0.3 0.009183236716 0.4466211578)
(0.4 0.009183236716 0.4466211578)
(0.5 0.009183236716 0.4466211578)
(0.6 0.009183236716 0.4466211578)
(0.7 0.009183236716 0.4466211578)
(0.8 0.009183236716 0.4466211578)
(0.9 0.009183236716 0.4466211578)
(1 0.009183236716 0.4466211578)
(1.1 0.009183236716 0.4466211578)
(1.2 0.009183236716 0.4466211578)
(1.3 0.009183236716 0.4466211578)
(1.4 0.009183236716 0.4466211578)
(1.5 0.009183236716 0.4466211578)
(1.6 0.009183236716 0.4466211578)
(1.7 0.009183236716 0.4466211578)
(1.8 0.009183236716 0.4466211578)
(1.9 0.009183236716 0.4466211578)
(2 0.009183236716 0.4466211578)
(0 0.01900360363 0.4466211578)
(0.1 0.01900360363 0.4466211578)
(0.2 0.01900360363 0.4466211578)
(0.3 0.01900360363 0.4466211578)
(0.4 0.01900360363 0.4466211578)
(0.5 0.01900360363 0.4466211578)
(0.6 0.01900360363 0.4466211578)
(0.7 0.01900360363 0.4466211578)
(0.8 0.01900360363 0.4466211578)
(0.9 0.01900360363 0.4466211578)
(1 0.01900360363 0.4466211578)
(1.1 0.01900360363 0.4466211578)
(1.2 0.01900360363 0.4466211578)
(1.3 0.01900360363 0.4466211578)
(1.4 0.01900360363 0.4466211578)
(1.5 0.01900360363 0.4466211578)
(1.6 0.01900360363 0.4466211578)
(1.7 0.01900360363 0.4466211578)
(1.8 0.01900360363 0.4466211578)
(1.9 0.01900360363 0.4466211578)
(2 0.01900360363 0.4466211578)
(0 0.02950530463 0.4466211578)
(0.1 0.02950530463 0.4466211578)
(0.2 0.02950530463 0.4466211578)
(0.3 0.02950530463 0.4466211578)
(0.4 0.02950530463 0.4466211578)
(0.5 0.02950530463 0.4466211578)
(0.6 0.02950530463 0.4466211578)
(0.7 0.02950530463 0.4466211578)
(0.8 0.02950530463 0.4466211578)
(0.9 0.02950530463 0.4466211578)
(1 0.02950530463 0.4466211578)
(1.1 0.02950530463 0.4466211578)
(1.2 0.02950530463 0.4466211578)
(1.3 0.02950530463 0.4466211578)
(1.4 0.02950530463 0.4466211578)
(1.5 0.02950530463 0.4466211578)
(1.6 0.02950530463 0.4466211578)
(1.7 0.02950530463 0.4466211578)
(1.8 0.02950530463 0.4466211578)
(1.9 0.02950530463 0.4466211578)
(2 0.02950530463 0.4466211578)
(0 0.04073561049 0.4466211578)
(0.1 0.04073561049 0.4466211578)
(0.2 0.04073561049 0.4466211578)
(0.3 0.04073561049 0.4466211578)
(0.4 0.04073561049 0.4466211578)
(0.5 0.04073561049 0.4466211578)
(0.6 0.04073561049 0.4466211578)
(0.7 0.04073561049 0.4466211578)
(0.8 0.04073561049 0.4466211578)
(0.9 0.04073561049 0.4466211578)
(1 0.04073561049 0.4466211578)
(1.1 0.04073561049 0.4466211578)
(1.2 0.04073561049 0.4466211578)
(1.3 0.04073561049 0.4466211578)
(1.4 0.04073561049 0.4466211578)
(1.5 0.04073561049 0.4466211578)
(1.6 0.04073561049 0.4466211578)
(1.7 0.04073561049 0.4466211578)
(1.8 0.04073561049 0.4466211578)
(1.9 0.04073561049 0.4466211578)
(2 0.04073561049 0.4466211578)
(0 0.05274507158 0.4466211578)
(0.1 0.05274507158 0.4466211578)
(0.2 0.05274507158 0.4466211578)
(0.3 0.05274507158 0.4466211578)
(0.4 0.05274507158 0.4466211578)
(0.5 0.05274507158 0.4466211578)
(0.6 0.05274507158 0.4466211578)
(0.7 0.05274507158 0.4466211578)
(0.8 0.05274507158 0.4466211578)
(0.9 0.05274507158 0.4466211578)
(1 0.05274507158 0.4466211578)
(1.1 0.05274507158 0.4466211578)
(1.2 0.05274507158 0.4466211578)
(1.3 0.05274507158 0.4466211578)
(1.4 0.05274507158 0.4466211578)
(1.5 0.05274507158 0.4466211578)
(1.6 0.05274507158 0.4466211578)
(1.7 0.05274507158 0.4466211578)
(1.8 0.05274507158 0.4466211578)
(1.9 0.05274507158 0.4466211578)
(2 0.05274507158 0.4466211578)
(0 0.06558774547 0.4466211578)
(0.1 0.06558774547 0.4466211578)
(0.2 0.06558774547 0.4466211578)
(0.3 0.06558774547 0.4466211578)
(0.4 0.06558774547 0.4466211578)
(0.5 0.06558774547 0.4466211578)
(0.6 0.06558774547 0.4466211578)
(0.7 0.06558774547 0.4466211578)
(0.8 0.06558774547 0.4466211578)
(0.9 0.06558774547 0.4466211578)
(1 0.06558774547 0.4466211578)
(1.1 0.06558774547 0.4466211578)
(1.2 0.06558774547 0.4466211578)
(1.3 0.06558774547 0.4466211578)
(1.4 0.06558774547 0.4466211578)
(1.5 0.06558774547 0.4466211578)
(1.6 0.06558774547 0.4466211578)
(1.7 0.06558774547 0.4466211578)
(1.8 0.06558774547 0.4466211578)
(1.9 0.06558774547 0.4466211578)
(2 0.06558774547 0.4466211578)
(0 0.07932144019 0.4466211578)
(0.1 0.07932144019 0.4466211578)
(0.2 0.07932144019 0.4466211578)
(0.3 0.07932144019 0.4466211578)
(0.4 0.07932144019 0.4466211578)
(0.5 0.07932144019 0.4466211578)
(0.6 0.07932144019 0.4466211578)
(0.7 0.07932144019 0.4466211578)
(0.8 0.07932144019 0.4466211578)
(0.9 0.07932144019 0.4466211578)
(1 0.07932144019 0.4466211578)
(1.1 0.07932144019 0.4466211578)
(1.2 0.07932144019 0.4466211578)
(1.3 0.07932144019 0.4466211578)
(1.4 0.07932144019 0.4466211578)
(1.5 0.07932144019 0.4466211578)
(1.6 0.07932144019 0.4466211578)
(1.7 0.07932144019 0.4466211578)
(1.8 0.07932144019 0.4466211578)
(1.9 0.07932144019 0.4466211578)
(2 0.07932144019 0.4466211578)
(0 0.09400797452 0.4466211578)
(0.1 0.09400797452 0.4466211578)
(0.2 0.09400797452 0.4466211578)
(0.3 0.09400797452 0.4466211578)
(0.4 0.09400797452 0.4466211578)
(0.5 0.09400797452 0.4466211578)
(0.6 0.09400797452 0.4466211578)
(0.7 0.09400797452 0.4466211578)
(0.8 0.09400797452 0.4466211578)
(0.9 0.09400797452 0.4466211578)
(1 0.09400797452 0.4466211578)
(1.1 0.09400797452 0.4466211578)
(1.2 0.09400797452 0.4466211578)
(1.3 0.09400797452 0.4466211578)
(1.4 0.09400797452 0.4466211578)
(1.5 0.09400797452 0.4466211578)
(1.6 0.09400797452 0.4466211578)
(1.7 0.09400797452 0.4466211578)
(1.8 0.09400797452 0.4466211578)
(1.9 0.09400797452 0.4466211578)
(2 0.09400797452 0.4466211578)
(0 0.1097134562 0.4466211578)
(0.1 0.1097134562 0.4466211578)
(0.2 0.1097134562 0.4466211578)
(0.3 0.1097134562 0.4466211578)
(0.4 0.1097134562 0.4466211578)
(0.5 0.1097134562 0.4466211578)
(0.6 0.1097134562 0.4466211578)
(0.7 0.1097134562 0.4466211578)
(0.8 0.1097134562 0.4466211578)
(0.9 0.1097134562 0.4466211578)
(1 0.1097134562 0.4466211578)
(1.1 0.1097134562 0.4466211578)
(1.2 0.1097134562 0.4466211578)
(1.3 0.1097134562 0.4466211578)
(1.4 0.1097134562 0.4466211578)
(1.5 0.1097134562 0.4466211578)
(1.6 0.1097134562 0.4466211578)
(1.7 0.1097134562 0.4466211578)
(1.8 0.1097134562 0.4466211578)
(1.9 0.1097134562 0.4466211578)
(2 0.1097134562 0.4466211578)
(0 0.1265085794 0.4466211578)
(0.1 0.1265085794 0.4466211578)
(0.2 0.1265085794 0.4466211578)
(0.3 0.1265085794 0.4466211578)
(0.4 0.1265085794 0.4466211578)
(0.5 0.1265085794 0.4466211578)
(0.6 0.1265085794 0.4466211578)
(0.7 0.1265085794 0.4466211578)
(0.8 0.1265085794 0.4466211578)
(0.9 0.1265085794 0.4466211578)
(1 0.1265085794 0.4466211578)
(1.1 0.1265085794 0.4466211578)
(1.2 0.1265085794 0.4466211578)
(1.3 0.1265085794 0.4466211578)
(1.4 0.1265085794 0.4466211578)
(1.5 0.1265085794 0.4466211578)
(1.6 0.1265085794 0.4466211578)
(1.7 0.1265085794 0.4466211578)
(1.8 0.1265085794 0.4466211578)
(1.9 0.1265085794 0.4466211578)
(2 0.1265085794 0.4466211578)
(0 0.1444689432 0.4466211578)
(0.1 0.1444689432 0.4466211578)
(0.2 0.1444689432 0.4466211578)
(0.3 0.1444689432 0.4466211578)
(0.4 0.1444689432 0.4466211578)
(0.5 0.1444689432 0.4466211578)
(0.6 0.1444689432 0.4466211578)
(0.7 0.1444689432 0.4466211578)
(0.8 0.1444689432 0.4466211578)
(0.9 0.1444689432 0.4466211578)
(1 0.1444689432 0.4466211578)
(1.1 0.1444689432 0.4466211578)
(1.2 0.1444689432 0.4466211578)
(1.3 0.1444689432 0.4466211578)
(1.4 0.1444689432 0.4466211578)
(1.5 0.1444689432 0.4466211578)
(1.6 0.1444689432 0.4466211578)
(1.7 0.1444689432 0.4466211578)
(1.8 0.1444689432 0.4466211578)
(1.9 0.1444689432 0.4466211578)
(2 0.1444689432 0.4466211578)
(0 0.1636753917 0.4466211578)
(0.1 0.1636753917 0.4466211578)
(0.2 0.1636753917 0.4466211578)
(0.3 0.1636753917 0.4466211578)
(0.4 0.1636753917 0.4466211578)
(0.5 0.1636753917 0.4466211578)
(0.6 0.1636753917 0.4466211578)
(0.7 0.1636753917 0.4466211578)
(0.8 0.1636753917 0.4466211578)
(0.9 0.1636753917 0.4466211578)
(1 0.1636753917 0.4466211578)
(1.1 0.1636753917 0.4466211578)
(1.2 0.1636753917 0.4466211578)
(1.3 0.1636753917 0.4466211578)
(1.4 0.1636753917 0.4466211578)
(1.5 0.1636753917 0.4466211578)
(1.6 0.1636753917 0.4466211578)
(1.7 0.1636753917 0.4466211578)
(1.8 0.1636753917 0.4466211578)
(1.9 0.1636753917 0.4466211578)
(2 0.1636753917 0.4466211578)
(0 0.1842143777 0.4466211578)
(0.1 0.1842143777 0.4466211578)
(0.2 0.1842143777 0.4466211578)
(0.3 0.1842143777 0.4466211578)
(0.4 0.1842143777 0.4466211578)
(0.5 0.1842143777 0.4466211578)
(0.6 0.1842143777 0.4466211578)
(0.7 0.1842143777 0.4466211578)
(0.8 0.1842143777 0.4466211578)
(0.9 0.1842143777 0.4466211578)
(1 0.1842143777 0.4466211578)
(1.1 0.1842143777 0.4466211578)
(1.2 0.1842143777 0.4466211578)
(1.3 0.1842143777 0.4466211578)
(1.4 0.1842143777 0.4466211578)
(1.5 0.1842143777 0.4466211578)
(1.6 0.1842143777 0.4466211578)
(1.7 0.1842143777 0.4466211578)
(1.8 0.1842143777 0.4466211578)
(1.9 0.1842143777 0.4466211578)
(2 0.1842143777 0.4466211578)
(0 0.2061783524 0.4466211578)
(0.1 0.2061783524 0.4466211578)
(0.2 0.2061783524 0.4466211578)
(0.3 0.2061783524 0.4466211578)
(0.4 0.2061783524 0.4466211578)
(0.5 0.2061783524 0.4466211578)
(0.6 0.2061783524 0.4466211578)
(0.7 0.2061783524 0.4466211578)
(0.8 0.2061783524 0.4466211578)
(0.9 0.2061783524 0.4466211578)
(1 0.2061783524 0.4466211578)
(1.1 0.2061783524 0.4466211578)
(1.2 0.2061783524 0.4466211578)
(1.3 0.2061783524 0.4466211578)
(1.4 0.2061783524 0.4466211578)
(1.5 0.2061783524 0.4466211578)
(1.6 0.2061783524 0.4466211578)
(1.7 0.2061783524 0.4466211578)
(1.8 0.2061783524 0.4466211578)
(1.9 0.2061783524 0.4466211578)
(2 0.2061783524 0.4466211578)
(0 0.2296661811 0.4466211578)
(0.1 0.2296661811 0.4466211578)
(0.2 0.2296661811 0.4466211578)
(0.3 0.2296661811 0.4466211578)
(0.4 0.2296661811 0.4466211578)
(0.5 0.2296661811 0.4466211578)
(0.6 0.2296661811 0.4466211578)
(0.7 0.2296661811 0.4466211578)
(0.8 0.2296661811 0.4466211578)
(0.9 0.2296661811 0.4466211578)
(1 0.2296661811 0.4466211578)
(1.1 0.2296661811 0.4466211578)
(1.2 0.2296661811 0.4466211578)
(1.3 0.2296661811 0.4466211578)
(1.4 0.2296661811 0.4466211578)
(1.5 0.2296661811 0.4466211578)
(1.6 0.2296661811 0.4466211578)
(1.7 0.2296661811 0.4466211578)
(1.8 0.2296661811 0.4466211578)
(1.9 0.2296661811 0.4466211578)
(2 0.2296661811 0.4466211578)
(0 0.2547835882 0.4466211578)
(0.1 0.2547835882 0.4466211578)
(0.2 0.2547835882 0.4466211578)
(0.3 0.2547835882 0.4466211578)
(0.4 0.2547835882 0.4466211578)
(0.5 0.2547835882 0.4466211578)
(0.6 0.2547835882 0.4466211578)
(0.7 0.2547835882 0.4466211578)
(0.8 0.2547835882 0.4466211578)
(0.9 0.2547835882 0.4466211578)
(1 0.2547835882 0.4466211578)
(1.1 0.2547835882 0.4466211578)
(1.2 0.2547835882 0.4466211578)
(1.3 0.2547835882 0.4466211578)
(1.4 0.2547835882 0.4466211578)
(1.5 0.2547835882 0.4466211578)
(1.6 0.2547835882 0.4466211578)
(1.7 0.2547835882 0.4466211578)
(1.8 0.2547835882 0.4466211578)
(1.9 0.2547835882 0.4466211578)
(2 0.2547835882 0.4466211578)
(0 0.2816436335 0.4466211578)
(0.1 0.2816436335 0.4466211578)
(0.2 0.2816436335 0.4466211578)
(0.3 0.2816436335 0.4466211578)
(0.4 0.2816436335 0.4466211578)
(0.5 0.2816436335 0.4466211578)
(0.6 0.2816436335 0.4466211578)
(0.7 0.2816436335 0.4466211578)
(0.8 0.2816436335 0.4466211578)
(0.9 0.2816436335 0.4466211578)
(1 0.2816436335 0.4466211578)
(1.1 0.2816436335 0.4466211578)
(1.2 0.2816436335 0.4466211578)
(1.3 0.2816436335 0.4466211578)
(1.4 0.2816436335 0.4466211578)
(1.5 0.2816436335 0.4466211578)
(1.6 0.2816436335 0.4466211578)
(1.7 0.2816436335 0.4466211578)
(1.8 0.2816436335 0.4466211578)
(1.9 0.2816436335 0.4466211578)
(2 0.2816436335 0.4466211578)
(0 0.3103672206 0.4466211578)
(0.1 0.3103672206 0.4466211578)
(0.2 0.3103672206 0.4466211578)
(0.3 0.3103672206 0.4466211578)
(0.4 0.3103672206 0.4466211578)
(0.5 0.3103672206 0.4466211578)
(0.6 0.3103672206 0.4466211578)
(0.7 0.3103672206 0.4466211578)
(0.8 0.3103672206 0.4466211578)
(0.9 0.3103672206 0.4466211578)
(1 0.3103672206 0.4466211578)
(1.1 0.3103672206 0.4466211578)
(1.2 0.3103672206 0.4466211578)
(1.3 0.3103672206 0.4466211578)
(1.4 0.3103672206 0.4466211578)
(1.5 0.3103672206 0.4466211578)
(1.6 0.3103672206 0.4466211578)
(1.7 0.3103672206 0.4466211578)
(1.8 0.3103672206 0.4466211578)
(1.9 0.3103672206 0.4466211578)
(2 0.3103672206 0.4466211578)
(0 0.3410836415 0.4466211578)
(0.1 0.3410836415 0.4466211578)
(0.2 0.3410836415 0.4466211578)
(0.3 0.3410836415 0.4466211578)
(0.4 0.3410836415 0.4466211578)
(0.5 0.3410836415 0.4466211578)
(0.6 0.3410836415 0.4466211578)
(0.7 0.3410836415 0.4466211578)
(0.8 0.3410836415 0.4466211578)
(0.9 0.3410836415 0.4466211578)
(1 0.3410836415 0.4466211578)
(1.1 0.3410836415 0.4466211578)
(1.2 0.3410836415 0.4466211578)
(1.3 0.3410836415 0.4466211578)
(1.4 0.3410836415 0.4466211578)
(1.5 0.3410836415 0.4466211578)
(1.6 0.3410836415 0.4466211578)
(1.7 0.3410836415 0.4466211578)
(1.8 0.3410836415 0.4466211578)
(1.9 0.3410836415 0.4466211578)
(2 0.3410836415 0.4466211578)
(0 0.3739311585 0.4466211578)
(0.1 0.3739311585 0.4466211578)
(0.2 0.3739311585 0.4466211578)
(0.3 0.3739311585 0.4466211578)
(0.4 0.3739311585 0.4466211578)
(0.5 0.3739311585 0.4466211578)
(0.6 0.3739311585 0.4466211578)
(0.7 0.3739311585 0.4466211578)
(0.8 0.3739311585 0.4466211578)
(0.9 0.3739311585 0.4466211578)
(1 0.3739311585 0.4466211578)
(1.1 0.3739311585 0.4466211578)
(1.2 0.3739311585 0.4466211578)
(1.3 0.3739311585 0.4466211578)
(1.4 0.3739311585 0.4466211578)
(1.5 0.3739311585 0.4466211578)
(1.6 0.3739311585 0.4466211578)
(1.7 0.3739311585 0.4466211578)
(1.8 0.3739311585 0.4466211578)
(1.9 0.3739311585 0.4466211578)
(2 0.3739311585 0.4466211578)
(0 0.4090576263 0.4466211578)
(0.1 0.4090576263 0.4466211578)
(0.2 0.4090576263 0.4466211578)
(0.3 0.4090576263 0.4466211578)
(0.4 0.4090576263 0.4466211578)
(0.5 0.4090576263 0.4466211578)
(0.6 0.4090576263 0.4466211578)
(0.7 0.4090576263 0.4466211578)
(0.8 0.4090576263 0.4466211578)
(0.9 0.4090576263 0.4466211578)
(1 0.4090576263 0.4466211578)
(1.1 0.4090576263 0.4466211578)
(1.2 0.4090576263 0.4466211578)
(1.3 0.4090576263 0.4466211578)
(1.4 0.4090576263 0.4466211578)
(1.5 0.4090576263 0.4466211578)
(1.6 0.4090576263 0.4466211578)
(1.7 0.4090576263 0.4466211578)
(1.8 0.4090576263 0.4466211578)
(1.9 0.4090576263 0.4466211578)
(2 0.4090576263 0.4466211578)
(0 0.4466211578 0.4466211578)
(0.1 0.4466211578 0.4466211578)
(0.2 0.4466211578 0.4466211578)
(0.3 0.4466211578 0.4466211578)
(0.4 0.4466211578 0.4466211578)
(0.5 0.4466211578 0.4466211578)
(0.6 0.4466211578 0.4466211578)
(0.7 0.4466211578 0.4466211578)
(0.8 0.4466211578 0.4466211578)
(0.9 0.4466211578 0.4466211578)
(1 0.4466211578 0.4466211578)
(1.1 0.4466211578 0.4466211578)
(1.2 0.4466211578 0.4466211578)
(1.3 0.4466211578 0.4466211578)
(1.4 0.4466211578 0.4466211578)
(1.5 0.4466211578 0.4466211578)
(1.6 0.4466211578 0.4466211578)
(1.7 0.4466211578 0.4466211578)
(1.8 0.4466211578 0.4466211578)
(1.9 0.4466211578 0.4466211578)
(2 0.4466211578 0.4466211578)
(0 0.4867908358 0.4466211578)
(0.1 0.4867908358 0.4466211578)
(0.2 0.4867908358 0.4466211578)
(0.3 0.4867908358 0.4466211578)
(0.4 0.4867908358 0.4466211578)
(0.5 0.4867908358 0.4466211578)
(0.6 0.4867908358 0.4466211578)
(0.7 0.4867908358 0.4466211578)
(0.8 0.4867908358 0.4466211578)
(0.9 0.4867908358 0.4466211578)
(1 0.4867908358 0.4466211578)
(1.1 0.4867908358 0.4466211578)
(1.2 0.4867908358 0.4466211578)
(1.3 0.4867908358 0.4466211578)
(1.4 0.4867908358 0.4466211578)
(1.5 0.4867908358 0.4466211578)
(1.6 0.4867908358 0.4466211578)
(1.7 0.4867908358 0.4466211578)
(1.8 0.4867908358 0.4466211578)
(1.9 0.4867908358 0.4466211578)
(2 0.4867908358 0.4466211578)
(0 0.529747474 0.4466211578)
(0.1 0.529747474 0.4466211578)
(0.2 0.529747474 0.4466211578)
(0.3 0.529747474 0.4466211578)
(0.4 0.529747474 0.4466211578)
(0.5 0.529747474 0.4466211578)
(0.6 0.529747474 0.4466211578)
(0.7 0.529747474 0.4466211578)
(0.8 0.529747474 0.4466211578)
(0.9 0.529747474 0.4466211578)
(1 0.529747474 0.4466211578)
(1.1 0.529747474 0.4466211578)
(1.2 0.529747474 0.4466211578)
(1.3 0.529747474 0.4466211578)
(1.4 0.529747474 0.4466211578)
(1.5 0.529747474 0.4466211578)
(1.6 0.529747474 0.4466211578)
(1.7 0.529747474 0.4466211578)
(1.8 0.529747474 0.4466211578)
(1.9 0.529747474 0.4466211578)
(2 0.529747474 0.4466211578)
(0 0.5756844308 0.4466211578)
(0.1 0.5756844308 0.4466211578)
(0.2 0.5756844308 0.4466211578)
(0.3 0.5756844308 0.4466211578)
(0.4 0.5756844308 0.4466211578)
(0.5 0.5756844308 0.4466211578)
(0.6 0.5756844308 0.4466211578)
(0.7 0.5756844308 0.4466211578)
(0.8 0.5756844308 0.4466211578)
(0.9 0.5756844308 0.4466211578)
(1 0.5756844308 0.4466211578)
(1.1 0.5756844308 0.4466211578)
(1.2 0.5756844308 0.4466211578)
(1.3 0.5756844308 0.4466211578)
(1.4 0.5756844308 0.4466211578)
(1.5 0.5756844308 0.4466211578)
(1.6 0.5756844308 0.4466211578)
(1.7 0.5756844308 0.4466211578)
(1.8 0.5756844308 0.4466211578)
(1.9 0.5756844308 0.4466211578)
(2 0.5756844308 0.4466211578)
(0 0.6248084798 0.4466211578)
(0.1 0.6248084798 0.4466211578)
(0.2 0.6248084798 0.4466211578)
(0.3 0.6248084798 0.4466211578)
(0.4 0.6248084798 0.4466211578)
(0.5 0.6248084798 0.4466211578)
(0.6 0.6248084798 0.4466211578)
(0.7 0.6248084798 0.4466211578)
(0.8 0.6248084798 0.4466211578)
(0.9 0.6248084798 0.4466211578)
(1 0.6248084798 0.4466211578)
(1.1 0.6248084798 0.4466211578)
(1.2 0.6248084798 0.4466211578)
(1.3 0.6248084798 0.4466211578)
(1.4 0.6248084798 0.4466211578)
(1.5 0.6248084798 0.4466211578)
(1.6 0.6248084798 0.4466211578)
(1.7 0.6248084798 0.4466211578)
(1.8 0.6248084798 0.4466211578)
(1.9 0.6248084798 0.4466211578)
(2 0.6248084798 0.4466211578)
(0 0.6773407405 0.4466211578)
(0.1 0.6773407405 0.4466211578)
(0.2 0.6773407405 0.4466211578)
(0.3 0.6773407405 0.4466211578)
(0.4 0.6773407405 0.4466211578)
(0.5 0.6773407405 0.4466211578)
(0.6 0.6773407405 0.4466211578)
(0.7 0.6773407405 0.4466211578)
(0.8 0.6773407405 0.4466211578)
(0.9 0.6773407405 0.4466211578)
(1 0.6773407405 0.4466211578)
(1.1 0.6773407405 0.4466211578)
(1.2 0.6773407405 0.4466211578)
(1.3 0.6773407405 0.4466211578)
(1.4 0.6773407405 0.4466211578)
(1.5 0.6773407405 0.4466211578)
(1.6 0.6773407405 0.4466211578)
(1.7 0.6773407405 0.4466211578)
(1.8 0.6773407405 0.4466211578)
(1.9 0.6773407405 0.4466211578)
(2 0.6773407405 0.4466211578)
(0 0.7335176736 0.4466211578)
(0.1 0.7335176736 0.4466211578)
(0.2 0.7335176736 0.4466211578)
(0.3 0.7335176736 0.4466211578)
(0.4 0.7335176736 0.4466211578)
(0.5 0.7335176736 0.4466211578)
(0.6 0.7335176736 0.4466211578)
(0.7 0.7335176736 0.4466211578)
(0.8 0.7335176736 0.4466211578)
(0.9 0.7335176736 0.4466211578)
(1 0.7335176736 0.4466211578)
(1.1 0.7335176736 0.4466211578)
(1.2 0.7335176736 0.4466211578)
(1.3 0.7335176736 0.4466211578)
(1.4 0.7335176736 0.4466211578)
(1.5 0.7335176736 0.4466211578)
(1.6 0.7335176736 0.4466211578)
(1.7 0.7335176736 0.4466211578)
(1.8 0.7335176736 0.4466211578)
(1.9 0.7335176736 0.4466211578)
(2 0.7335176736 0.4466211578)
(0 0.7935921454 0.4466211578)
(0.1 0.7935921454 0.4466211578)
(0.2 0.7935921454 0.4466211578)
(0.3 0.7935921454 0.4466211578)
(0.4 0.7935921454 0.4466211578)
(0.5 0.7935921454 0.4466211578)
(0.6 0.7935921454 0.4466211578)
(0.7 0.7935921454 0.4466211578)
(0.8 0.7935921454 0.4466211578)
(0.9 0.7935921454 0.4466211578)
(1 0.7935921454 0.4466211578)
(1.1 0.7935921454 0.4466211578)
(1.2 0.7935921454 0.4466211578)
(1.3 0.7935921454 0.4466211578)
(1.4 0.7935921454 0.4466211578)
(1.5 0.7935921454 0.4466211578)
(1.6 0.7935921454 0.4466211578)
(1.7 0.7935921454 0.4466211578)
(1.8 0.7935921454 0.4466211578)
(1.9 0.7935921454 0.4466211578)
(2 0.7935921454 0.4466211578)
(0 0.857834566 0.4466211578)
(0.1 0.857834566 0.4466211578)
(0.2 0.857834566 0.4466211578)
(0.3 0.857834566 0.4466211578)
(0.4 0.857834566 0.4466211578)
(0.5 0.857834566 0.4466211578)
(0.6 0.857834566 0.4466211578)
(0.7 0.857834566 0.4466211578)
(0.8 0.857834566 0.4466211578)
(0.9 0.857834566 0.4466211578)
(1 0.857834566 0.4466211578)
(1.1 0.857834566 0.4466211578)
(1.2 0.857834566 0.4466211578)
(1.3 0.857834566 0.4466211578)
(1.4 0.857834566 0.4466211578)
(1.5 0.857834566 0.4466211578)
(1.6 0.857834566 0.4466211578)
(1.7 0.857834566 0.4466211578)
(1.8 0.857834566 0.4466211578)
(1.9 0.857834566 0.4466211578)
(2 0.857834566 0.4466211578)
(0 0.9265341063 0.4466211578)
(0.1 0.9265341063 0.4466211578)
(0.2 0.9265341063 0.4466211578)
(0.3 0.9265341063 0.4466211578)
(0.4 0.9265341063 0.4466211578)
(0.5 0.9265341063 0.4466211578)
(0.6 0.9265341063 0.4466211578)
(0.7 0.9265341063 0.4466211578)
(0.8 0.9265341063 0.4466211578)
(0.9 0.9265341063 0.4466211578)
(1 0.9265341063 0.4466211578)
(1.1 0.9265341063 0.4466211578)
(1.2 0.9265341063 0.4466211578)
(1.3 0.9265341063 0.4466211578)
(1.4 0.9265341063 0.4466211578)
(1.5 0.9265341063 0.4466211578)
(1.6 0.9265341063 0.4466211578)
(1.7 0.9265341063 0.4466211578)
(1.8 0.9265341063 0.4466211578)
(1.9 0.9265341063 0.4466211578)
(2 0.9265341063 0.4466211578)
(0 1 0.4466211578)
(0.1 1 0.4466211578)
(0.2 1 0.4466211578)
(0.3 1 0.4466211578)
(0.4 1 0.4466211578)
(0.5 1 0.4466211578)
(0.6 1 0.4466211578)
(0.7 1 0.4466211578)
(0.8 1 0.4466211578)
(0.9 1 0.4466211578)
(1 1 0.4466211578)
(1.1 1 0.4466211578)
(1.2 1 0.4466211578)
(1.3 1 0.4466211578)
(1.4 1 0.4466211578)
(1.5 1 0.4466211578)
(1.6 1 0.4466211578)
(1.7 1 0.4466211578)
(1.8 1 0.4466211578)
(1.9 1 0.4466211578)
(2 1 0.4466211578)
(0 0 0.4867908358)
(0.1 0 0.4867908358)
(0.2 0 0.4867908358)
(0.3 0 0.4867908358)
(0.4 0 0.4867908358)
(0.5 0 0.4867908358)
(0.6 0 0.4867908358)
(0.7 0 0.4867908358)
(0.8 0 0.4867908358)
(0.9 0 0.4867908358)
(1 0 0.4867908358)
(1.1 0 0.4867908358)
(1.2 0 0.4867908358)
(1.3 0 0.4867908358)
(1.4 0 0.4867908358)
(1.5 0 0.4867908358)
(1.6 0 0.4867908358)
(1.7 0 0.4867908358)
(1.8 0 0.4867908358)
(1.9 0 0.4867908358)
(2 0 0.4867908358)
(0 0.009183236716 0.4867908358)
(0.1 0.009183236716 0.4867908358)
(0.2 0.009183236716 0.4867908358)
(0.3 0.009183236716 0.4867908358)
(0.4 0.009183236716 0.4867908358)
(0.5 0.009183236716 0.4867908358)
(0.6 0.009183236716 0.4867908358)
(0.7 0.009183236716 0.4867908358)
(0.8 0.009183236716 0.4867908358)
(0.9 0.009183236716 0.4867908358)
(1 0.009183236716 0.4867908358)
(1.1 0.009183236716 0.4867908358)
(1.2 0.009183236716 0.4867908358)
(1.3 0.009183236716 0.4867908358)
(1.4 0.009183236716 0.4867908358)
(1.5 0.009183236716 0.4867908358)
(1.6 0.009183236716 0.4867908358)
(1.7 0.009183236716 0.4867908358)
(1.8 0.009183236716 0.4867908358)
(1.9 0.009183236716 0.4867908358)
(2 0.009183236716 0.4867908358)
(0 0.01900360363 0.4867908358)
(0.1 0.01900360363 0.4867908358)
(0.2 0.01900360363 0.4867908358)
(0.3 0.01900360363 0.4867908358)
(0.4 0.01900360363 0.4867908358)
(0.5 0.01900360363 0.4867908358)
(0.6 0.01900360363 0.4867908358)
(0.7 0.01900360363 0.4867908358)
(0.8 0.01900360363 0.4867908358)
(0.9 0.01900360363 0.4867908358)
(1 0.01900360363 0.4867908358)
(1.1 0.01900360363 0.4867908358)
(1.2 0.01900360363 0.4867908358)
(1.3 0.01900360363 0.4867908358)
(1.4 0.01900360363 0.4867908358)
(1.5 0.01900360363 0.4867908358)
(1.6 0.01900360363 0.4867908358)
(1.7 0.01900360363 0.4867908358)
(1.8 0.01900360363 0.4867908358)
(1.9 0.01900360363 0.4867908358)
(2 0.01900360363 0.4867908358)
(0 0.02950530463 0.4867908358)
(0.1 0.02950530463 0.4867908358)
(0.2 0.02950530463 0.4867908358)
(0.3 0.02950530463 0.4867908358)
(0.4 0.02950530463 0.4867908358)
(0.5 0.02950530463 0.4867908358)
(0.6 0.02950530463 0.4867908358)
(0.7 0.02950530463 0.4867908358)
(0.8 0.02950530463 0.4867908358)
(0.9 0.02950530463 0.4867908358)
(1 0.02950530463 0.4867908358)
(1.1 0.02950530463 0.4867908358)
(1.2 0.02950530463 0.4867908358)
(1.3 0.02950530463 0.4867908358)
(1.4 0.02950530463 0.4867908358)
(1.5 0.02950530463 0.4867908358)
(1.6 0.02950530463 0.4867908358)
(1.7 0.02950530463 0.4867908358)
(1.8 0.02950530463 0.4867908358)
(1.9 0.02950530463 0.4867908358)
(2 0.02950530463 0.4867908358)
(0 0.04073561049 0.4867908358)
(0.1 0.04073561049 0.4867908358)
(0.2 0.04073561049 0.4867908358)
(0.3 0.04073561049 0.4867908358)
(0.4 0.04073561049 0.4867908358)
(0.5 0.04073561049 0.4867908358)
(0.6 0.04073561049 0.4867908358)
(0.7 0.04073561049 0.4867908358)
(0.8 0.04073561049 0.4867908358)
(0.9 0.04073561049 0.4867908358)
(1 0.04073561049 0.4867908358)
(1.1 0.04073561049 0.4867908358)
(1.2 0.04073561049 0.4867908358)
(1.3 0.04073561049 0.4867908358)
(1.4 0.04073561049 0.4867908358)
(1.5 0.04073561049 0.4867908358)
(1.6 0.04073561049 0.4867908358)
(1.7 0.04073561049 0.4867908358)
(1.8 0.04073561049 0.4867908358)
(1.9 0.04073561049 0.4867908358)
(2 0.04073561049 0.4867908358)
(0 0.05274507158 0.4867908358)
(0.1 0.05274507158 0.4867908358)
(0.2 0.05274507158 0.4867908358)
(0.3 0.05274507158 0.4867908358)
(0.4 0.05274507158 0.4867908358)
(0.5 0.05274507158 0.4867908358)
(0.6 0.05274507158 0.4867908358)
(0.7 0.05274507158 0.4867908358)
(0.8 0.05274507158 0.4867908358)
(0.9 0.05274507158 0.4867908358)
(1 0.05274507158 0.4867908358)
(1.1 0.05274507158 0.4867908358)
(1.2 0.05274507158 0.4867908358)
(1.3 0.05274507158 0.4867908358)
(1.4 0.05274507158 0.4867908358)
(1.5 0.05274507158 0.4867908358)
(1.6 0.05274507158 0.4867908358)
(1.7 0.05274507158 0.4867908358)
(1.8 0.05274507158 0.4867908358)
(1.9 0.05274507158 0.4867908358)
(2 0.05274507158 0.4867908358)
(0 0.06558774547 0.4867908358)
(0.1 0.06558774547 0.4867908358)
(0.2 0.06558774547 0.4867908358)
(0.3 0.06558774547 0.4867908358)
(0.4 0.06558774547 0.4867908358)
(0.5 0.06558774547 0.4867908358)
(0.6 0.06558774547 0.4867908358)
(0.7 0.06558774547 0.4867908358)
(0.8 0.06558774547 0.4867908358)
(0.9 0.06558774547 0.4867908358)
(1 0.06558774547 0.4867908358)
(1.1 0.06558774547 0.4867908358)
(1.2 0.06558774547 0.4867908358)
(1.3 0.06558774547 0.4867908358)
(1.4 0.06558774547 0.4867908358)
(1.5 0.06558774547 0.4867908358)
(1.6 0.06558774547 0.4867908358)
(1.7 0.06558774547 0.4867908358)
(1.8 0.06558774547 0.4867908358)
(1.9 0.06558774547 0.4867908358)
(2 0.06558774547 0.4867908358)
(0 0.07932144019 0.4867908358)
(0.1 0.07932144019 0.4867908358)
(0.2 0.07932144019 0.4867908358)
(0.3 0.07932144019 0.4867908358)
(0.4 0.07932144019 0.4867908358)
(0.5 0.07932144019 0.4867908358)
(0.6 0.07932144019 0.4867908358)
(0.7 0.07932144019 0.4867908358)
(0.8 0.07932144019 0.4867908358)
(0.9 0.07932144019 0.4867908358)
(1 0.07932144019 0.4867908358)
(1.1 0.07932144019 0.4867908358)
(1.2 0.07932144019 0.4867908358)
(1.3 0.07932144019 0.4867908358)
(1.4 0.07932144019 0.4867908358)
(1.5 0.07932144019 0.4867908358)
(1.6 0.07932144019 0.4867908358)
(1.7 0.07932144019 0.4867908358)
(1.8 0.07932144019 0.4867908358)
(1.9 0.07932144019 0.4867908358)
(2 0.07932144019 0.4867908358)
(0 0.09400797452 0.4867908358)
(0.1 0.09400797452 0.4867908358)
(0.2 0.09400797452 0.4867908358)
(0.3 0.09400797452 0.4867908358)
(0.4 0.09400797452 0.4867908358)
(0.5 0.09400797452 0.4867908358)
(0.6 0.09400797452 0.4867908358)
(0.7 0.09400797452 0.4867908358)
(0.8 0.09400797452 0.4867908358)
(0.9 0.09400797452 0.4867908358)
(1 0.09400797452 0.4867908358)
(1.1 0.09400797452 0.4867908358)
(1.2 0.09400797452 0.4867908358)
(1.3 0.09400797452 0.4867908358)
(1.4 0.09400797452 0.4867908358)
(1.5 0.09400797452 0.4867908358)
(1.6 0.09400797452 0.4867908358)
(1.7 0.09400797452 0.4867908358)
(1.8 0.09400797452 0.4867908358)
(1.9 0.09400797452 0.4867908358)
(2 0.09400797452 0.4867908358)
(0 0.1097134562 0.4867908358)
(0.1 0.1097134562 0.4867908358)
(0.2 0.1097134562 0.4867908358)
(0.3 0.1097134562 0.4867908358)
(0.4 0.1097134562 0.4867908358)
(0.5 0.1097134562 0.4867908358)
(0.6 0.1097134562 0.4867908358)
(0.7 0.1097134562 0.4867908358)
(0.8 0.1097134562 0.4867908358)
(0.9 0.1097134562 0.4867908358)
(1 0.1097134562 0.4867908358)
(1.1 0.1097134562 0.4867908358)
(1.2 0.1097134562 0.4867908358)
(1.3 0.1097134562 0.4867908358)
(1.4 0.1097134562 0.4867908358)
(1.5 0.1097134562 0.4867908358)
(1.6 0.1097134562 0.4867908358)
(1.7 0.1097134562 0.4867908358)
(1.8 0.1097134562 0.4867908358)
(1.9 0.1097134562 0.4867908358)
(2 0.1097134562 0.4867908358)
(0 0.1265085794 0.4867908358)
(0.1 0.1265085794 0.4867908358)
(0.2 0.1265085794 0.4867908358)
(0.3 0.1265085794 0.4867908358)
(0.4 0.1265085794 0.4867908358)
(0.5 0.1265085794 0.4867908358)
(0.6 0.1265085794 0.4867908358)
(0.7 0.1265085794 0.4867908358)
(0.8 0.1265085794 0.4867908358)
(0.9 0.1265085794 0.4867908358)
(1 0.1265085794 0.4867908358)
(1.1 0.1265085794 0.4867908358)
(1.2 0.1265085794 0.4867908358)
(1.3 0.1265085794 0.4867908358)
(1.4 0.1265085794 0.4867908358)
(1.5 0.1265085794 0.4867908358)
(1.6 0.1265085794 0.4867908358)
(1.7 0.1265085794 0.4867908358)
(1.8 0.1265085794 0.4867908358)
(1.9 0.1265085794 0.4867908358)
(2 0.1265085794 0.4867908358)
(0 0.1444689432 0.4867908358)
(0.1 0.1444689432 0.4867908358)
(0.2 0.1444689432 0.4867908358)
(0.3 0.1444689432 0.4867908358)
(0.4 0.1444689432 0.4867908358)
(0.5 0.1444689432 0.4867908358)
(0.6 0.1444689432 0.4867908358)
(0.7 0.1444689432 0.4867908358)
(0.8 0.1444689432 0.4867908358)
(0.9 0.1444689432 0.4867908358)
(1 0.1444689432 0.4867908358)
(1.1 0.1444689432 0.4867908358)
(1.2 0.1444689432 0.4867908358)
(1.3 0.1444689432 0.4867908358)
(1.4 0.1444689432 0.4867908358)
(1.5 0.1444689432 0.4867908358)
(1.6 0.1444689432 0.4867908358)
(1.7 0.1444689432 0.4867908358)
(1.8 0.1444689432 0.4867908358)
(1.9 0.1444689432 0.4867908358)
(2 0.1444689432 0.4867908358)
(0 0.1636753917 0.4867908358)
(0.1 0.1636753917 0.4867908358)
(0.2 0.1636753917 0.4867908358)
(0.3 0.1636753917 0.4867908358)
(0.4 0.1636753917 0.4867908358)
(0.5 0.1636753917 0.4867908358)
(0.6 0.1636753917 0.4867908358)
(0.7 0.1636753917 0.4867908358)
(0.8 0.1636753917 0.4867908358)
(0.9 0.1636753917 0.4867908358)
(1 0.1636753917 0.4867908358)
(1.1 0.1636753917 0.4867908358)
(1.2 0.1636753917 0.4867908358)
(1.3 0.1636753917 0.4867908358)
(1.4 0.1636753917 0.4867908358)
(1.5 0.1636753917 0.4867908358)
(1.6 0.1636753917 0.4867908358)
(1.7 0.1636753917 0.4867908358)
(1.8 0.1636753917 0.4867908358)
(1.9 0.1636753917 0.4867908358)
(2 0.1636753917 0.4867908358)
(0 0.1842143777 0.4867908358)
(0.1 0.1842143777 0.4867908358)
(0.2 0.1842143777 0.4867908358)
(0.3 0.1842143777 0.4867908358)
(0.4 0.1842143777 0.4867908358)
(0.5 0.1842143777 0.4867908358)
(0.6 0.1842143777 0.4867908358)
(0.7 0.1842143777 0.4867908358)
(0.8 0.1842143777 0.4867908358)
(0.9 0.1842143777 0.4867908358)
(1 0.1842143777 0.4867908358)
(1.1 0.1842143777 0.4867908358)
(1.2 0.1842143777 0.4867908358)
(1.3 0.1842143777 0.4867908358)
(1.4 0.1842143777 0.4867908358)
(1.5 0.1842143777 0.4867908358)
(1.6 0.1842143777 0.4867908358)
(1.7 0.1842143777 0.4867908358)
(1.8 0.1842143777 0.4867908358)
(1.9 0.1842143777 0.4867908358)
(2 0.1842143777 0.4867908358)
(0 0.2061783524 0.4867908358)
(0.1 0.2061783524 0.4867908358)
(0.2 0.2061783524 0.4867908358)
(0.3 0.2061783524 0.4867908358)
(0.4 0.2061783524 0.4867908358)
(0.5 0.2061783524 0.4867908358)
(0.6 0.2061783524 0.4867908358)
(0.7 0.2061783524 0.4867908358)
(0.8 0.2061783524 0.4867908358)
(0.9 0.2061783524 0.4867908358)
(1 0.2061783524 0.4867908358)
(1.1 0.2061783524 0.4867908358)
(1.2 0.2061783524 0.4867908358)
(1.3 0.2061783524 0.4867908358)
(1.4 0.2061783524 0.4867908358)
(1.5 0.2061783524 0.4867908358)
(1.6 0.2061783524 0.4867908358)
(1.7 0.2061783524 0.4867908358)
(1.8 0.2061783524 0.4867908358)
(1.9 0.2061783524 0.4867908358)
(2 0.2061783524 0.4867908358)
(0 0.2296661811 0.4867908358)
(0.1 0.2296661811 0.4867908358)
(0.2 0.2296661811 0.4867908358)
(0.3 0.2296661811 0.4867908358)
(0.4 0.2296661811 0.4867908358)
(0.5 0.2296661811 0.4867908358)
(0.6 0.2296661811 0.4867908358)
(0.7 0.2296661811 0.4867908358)
(0.8 0.2296661811 0.4867908358)
(0.9 0.2296661811 0.4867908358)
(1 0.2296661811 0.4867908358)
(1.1 0.2296661811 0.4867908358)
(1.2 0.2296661811 0.4867908358)
(1.3 0.2296661811 0.4867908358)
(1.4 0.2296661811 0.4867908358)
(1.5 0.2296661811 0.4867908358)
(1.6 0.2296661811 0.4867908358)
(1.7 0.2296661811 0.4867908358)
(1.8 0.2296661811 0.4867908358)
(1.9 0.2296661811 0.4867908358)
(2 0.2296661811 0.4867908358)
(0 0.2547835882 0.4867908358)
(0.1 0.2547835882 0.4867908358)
(0.2 0.2547835882 0.4867908358)
(0.3 0.2547835882 0.4867908358)
(0.4 0.2547835882 0.4867908358)
(0.5 0.2547835882 0.4867908358)
(0.6 0.2547835882 0.4867908358)
(0.7 0.2547835882 0.4867908358)
(0.8 0.2547835882 0.4867908358)
(0.9 0.2547835882 0.4867908358)
(1 0.2547835882 0.4867908358)
(1.1 0.2547835882 0.4867908358)
(1.2 0.2547835882 0.4867908358)
(1.3 0.2547835882 0.4867908358)
(1.4 0.2547835882 0.4867908358)
(1.5 0.2547835882 0.4867908358)
(1.6 0.2547835882 0.4867908358)
(1.7 0.2547835882 0.4867908358)
(1.8 0.2547835882 0.4867908358)
(1.9 0.2547835882 0.4867908358)
(2 0.2547835882 0.4867908358)
(0 0.2816436335 0.4867908358)
(0.1 0.2816436335 0.4867908358)
(0.2 0.2816436335 0.4867908358)
(0.3 0.2816436335 0.4867908358)
(0.4 0.2816436335 0.4867908358)
(0.5 0.2816436335 0.4867908358)
(0.6 0.2816436335 0.4867908358)
(0.7 0.2816436335 0.4867908358)
(0.8 0.2816436335 0.4867908358)
(0.9 0.2816436335 0.4867908358)
(1 0.2816436335 0.4867908358)
(1.1 0.2816436335 0.4867908358)
(1.2 0.2816436335 0.4867908358)
(1.3 0.2816436335 0.4867908358)
(1.4 0.2816436335 0.4867908358)
(1.5 0.2816436335 0.4867908358)
(1.6 0.2816436335 0.4867908358)
(1.7 0.2816436335 0.4867908358)
(1.8 0.2816436335 0.4867908358)
(1.9 0.2816436335 0.4867908358)
(2 0.2816436335 0.4867908358)
(0 0.3103672206 0.4867908358)
(0.1 0.3103672206 0.4867908358)
(0.2 0.3103672206 0.4867908358)
(0.3 0.3103672206 0.4867908358)
(0.4 0.3103672206 0.4867908358)
(0.5 0.3103672206 0.4867908358)
(0.6 0.3103672206 0.4867908358)
(0.7 0.3103672206 0.4867908358)
(0.8 0.3103672206 0.4867908358)
(0.9 0.3103672206 0.4867908358)
(1 0.3103672206 0.4867908358)
(1.1 0.3103672206 0.4867908358)
(1.2 0.3103672206 0.4867908358)
(1.3 0.3103672206 0.4867908358)
(1.4 0.3103672206 0.4867908358)
(1.5 0.3103672206 0.4867908358)
(1.6 0.3103672206 0.4867908358)
(1.7 0.3103672206 0.4867908358)
(1.8 0.3103672206 0.4867908358)
(1.9 0.3103672206 0.4867908358)
(2 0.3103672206 0.4867908358)
(0 0.3410836415 0.4867908358)
(0.1 0.3410836415 0.4867908358)
(0.2 0.3410836415 0.4867908358)
(0.3 0.3410836415 0.4867908358)
(0.4 0.3410836415 0.4867908358)
(0.5 0.3410836415 0.4867908358)
(0.6 0.3410836415 0.4867908358)
(0.7 0.3410836415 0.4867908358)
(0.8 0.3410836415 0.4867908358)
(0.9 0.3410836415 0.4867908358)
(1 0.3410836415 0.4867908358)
(1.1 0.3410836415 0.4867908358)
(1.2 0.3410836415 0.4867908358)
(1.3 0.3410836415 0.4867908358)
(1.4 0.3410836415 0.4867908358)
(1.5 0.3410836415 0.4867908358)
(1.6 0.3410836415 0.4867908358)
(1.7 0.3410836415 0.4867908358)
(1.8 0.3410836415 0.4867908358)
(1.9 0.3410836415 0.4867908358)
(2 0.3410836415 0.4867908358)
(0 0.3739311585 0.4867908358)
(0.1 0.3739311585 0.4867908358)
(0.2 0.3739311585 0.4867908358)
(0.3 0.3739311585 0.4867908358)
(0.4 0.3739311585 0.4867908358)
(0.5 0.3739311585 0.4867908358)
(0.6 0.3739311585 0.4867908358)
(0.7 0.3739311585 0.4867908358)
(0.8 0.3739311585 0.4867908358)
(0.9 0.3739311585 0.4867908358)
(1 0.3739311585 0.4867908358)
(1.1 0.3739311585 0.4867908358)
(1.2 0.3739311585 0.4867908358)
(1.3 0.3739311585 0.4867908358)
(1.4 0.3739311585 0.4867908358)
(1.5 0.3739311585 0.4867908358)
(1.6 0.3739311585 0.4867908358)
(1.7 0.3739311585 0.4867908358)
(1.8 0.3739311585 0.4867908358)
(1.9 0.3739311585 0.4867908358)
(2 0.3739311585 0.4867908358)
(0 0.4090576263 0.4867908358)
(0.1 0.4090576263 0.4867908358)
(0.2 0.4090576263 0.4867908358)
(0.3 0.4090576263 0.4867908358)
(0.4 0.4090576263 0.4867908358)
(0.5 0.4090576263 0.4867908358)
(0.6 0.4090576263 0.4867908358)
(0.7 0.4090576263 0.4867908358)
(0.8 0.4090576263 0.4867908358)
(0.9 0.4090576263 0.4867908358)
(1 0.4090576263 0.4867908358)
(1.1 0.4090576263 0.4867908358)
(1.2 0.4090576263 0.4867908358)
(1.3 0.4090576263 0.4867908358)
(1.4 0.4090576263 0.4867908358)
(1.5 0.4090576263 0.4867908358)
(1.6 0.4090576263 0.4867908358)
(1.7 0.4090576263 0.4867908358)
(1.8 0.4090576263 0.4867908358)
(1.9 0.4090576263 0.4867908358)
(2 0.4090576263 0.4867908358)
(0 0.4466211578 0.4867908358)
(0.1 0.4466211578 0.4867908358)
(0.2 0.4466211578 0.4867908358)
(0.3 0.4466211578 0.4867908358)
(0.4 0.4466211578 0.4867908358)
(0.5 0.4466211578 0.4867908358)
(0.6 0.4466211578 0.4867908358)
(0.7 0.4466211578 0.4867908358)
(0.8 0.4466211578 0.4867908358)
(0.9 0.4466211578 0.4867908358)
(1 0.4466211578 0.4867908358)
(1.1 0.4466211578 0.4867908358)
(1.2 0.4466211578 0.4867908358)
(1.3 0.4466211578 0.4867908358)
(1.4 0.4466211578 0.4867908358)
(1.5 0.4466211578 0.4867908358)
(1.6 0.4466211578 0.4867908358)
(1.7 0.4466211578 0.4867908358)
(1.8 0.4466211578 0.4867908358)
(1.9 0.4466211578 0.4867908358)
(2 0.4466211578 0.4867908358)
(0 0.4867908358 0.4867908358)
(0.1 0.4867908358 0.4867908358)
(0.2 0.4867908358 0.4867908358)
(0.3 0.4867908358 0.4867908358)
(0.4 0.4867908358 0.4867908358)
(0.5 0.4867908358 0.4867908358)
(0.6 0.4867908358 0.4867908358)
(0.7 0.4867908358 0.4867908358)
(0.8 0.4867908358 0.4867908358)
(0.9 0.4867908358 0.4867908358)
(1 0.4867908358 0.4867908358)
(1.1 0.4867908358 0.4867908358)
(1.2 0.4867908358 0.4867908358)
(1.3 0.4867908358 0.4867908358)
(1.4 0.4867908358 0.4867908358)
(1.5 0.4867908358 0.4867908358)
(1.6 0.4867908358 0.4867908358)
(1.7 0.4867908358 0.4867908358)
(1.8 0.4867908358 0.4867908358)
(1.9 0.4867908358 0.4867908358)
(2 0.4867908358 0.4867908358)
(0 0.529747474 0.4867908358)
(0.1 0.529747474 0.4867908358)
(0.2 0.529747474 0.4867908358)
(0.3 0.529747474 0.4867908358)
(0.4 0.529747474 0.4867908358)
(0.5 0.529747474 0.4867908358)
(0.6 0.529747474 0.4867908358)
(0.7 0.529747474 0.4867908358)
(0.8 0.529747474 0.4867908358)
(0.9 0.529747474 0.4867908358)
(1 0.529747474 0.4867908358)
(1.1 0.529747474 0.4867908358)
(1.2 0.529747474 0.4867908358)
(1.3 0.529747474 0.4867908358)
(1.4 0.529747474 0.4867908358)
(1.5 0.529747474 0.4867908358)
(1.6 0.529747474 0.4867908358)
(1.7 0.529747474 0.4867908358)
(1.8 0.529747474 0.4867908358)
(1.9 0.529747474 0.4867908358)
(2 0.529747474 0.4867908358)
(0 0.5756844308 0.4867908358)
(0.1 0.5756844308 0.4867908358)
(0.2 0.5756844308 0.4867908358)
(0.3 0.5756844308 0.4867908358)
(0.4 0.5756844308 0.4867908358)
(0.5 0.5756844308 0.4867908358)
(0.6 0.5756844308 0.4867908358)
(0.7 0.5756844308 0.4867908358)
(0.8 0.5756844308 0.4867908358)
(0.9 0.5756844308 0.4867908358)
(1 0.5756844308 0.4867908358)
(1.1 0.5756844308 0.4867908358)
(1.2 0.5756844308 0.4867908358)
(1.3 0.5756844308 0.4867908358)
(1.4 0.5756844308 0.4867908358)
(1.5 0.5756844308 0.4867908358)
(1.6 0.5756844308 0.4867908358)
(1.7 0.5756844308 0.4867908358)
(1.8 0.5756844308 0.4867908358)
(1.9 0.5756844308 0.4867908358)
(2 0.5756844308 0.4867908358)
(0 0.6248084798 0.4867908358)
(0.1 0.6248084798 0.4867908358)
(0.2 0.6248084798 0.4867908358)
(0.3 0.6248084798 0.4867908358)
(0.4 0.6248084798 0.4867908358)
(0.5 0.6248084798 0.4867908358)
(0.6 0.6248084798 0.4867908358)
(0.7 0.6248084798 0.4867908358)
(0.8 0.6248084798 0.4867908358)
(0.9 0.6248084798 0.4867908358)
(1 0.6248084798 0.4867908358)
(1.1 0.6248084798 0.4867908358)
(1.2 0.6248084798 0.4867908358)
(1.3 0.6248084798 0.4867908358)
(1.4 0.6248084798 0.4867908358)
(1.5 0.6248084798 0.4867908358)
(1.6 0.6248084798 0.4867908358)
(1.7 0.6248084798 0.4867908358)
(1.8 0.6248084798 0.4867908358)
(1.9 0.6248084798 0.4867908358)
(2 0.6248084798 0.4867908358)
(0 0.6773407405 0.4867908358)
(0.1 0.6773407405 0.4867908358)
(0.2 0.6773407405 0.4867908358)
(0.3 0.6773407405 0.4867908358)
(0.4 0.6773407405 0.4867908358)
(0.5 0.6773407405 0.4867908358)
(0.6 0.6773407405 0.4867908358)
(0.7 0.6773407405 0.4867908358)
(0.8 0.6773407405 0.4867908358)
(0.9 0.6773407405 0.4867908358)
(1 0.6773407405 0.4867908358)
(1.1 0.6773407405 0.4867908358)
(1.2 0.6773407405 0.4867908358)
(1.3 0.6773407405 0.4867908358)
(1.4 0.6773407405 0.4867908358)
(1.5 0.6773407405 0.4867908358)
(1.6 0.6773407405 0.4867908358)
(1.7 0.6773407405 0.4867908358)
(1.8 0.6773407405 0.4867908358)
(1.9 0.6773407405 0.4867908358)
(2 0.6773407405 0.4867908358)
(0 0.7335176736 0.4867908358)
(0.1 0.7335176736 0.4867908358)
(0.2 0.7335176736 0.4867908358)
(0.3 0.7335176736 0.4867908358)
(0.4 0.7335176736 0.4867908358)
(0.5 0.7335176736 0.4867908358)
(0.6 0.7335176736 0.4867908358)
(0.7 0.7335176736 0.4867908358)
(0.8 0.7335176736 0.4867908358)
(0.9 0.7335176736 0.4867908358)
(1 0.7335176736 0.4867908358)
(1.1 0.7335176736 0.4867908358)
(1.2 0.7335176736 0.4867908358)
(1.3 0.7335176736 0.4867908358)
(1.4 0.7335176736 0.4867908358)
(1.5 0.7335176736 0.4867908358)
(1.6 0.7335176736 0.4867908358)
(1.7 0.7335176736 0.4867908358)
(1.8 0.7335176736 0.4867908358)
(1.9 0.7335176736 0.4867908358)
(2 0.7335176736 0.4867908358)
(0 0.7935921454 0.4867908358)
(0.1 0.7935921454 0.4867908358)
(0.2 0.7935921454 0.4867908358)
(0.3 0.7935921454 0.4867908358)
(0.4 0.7935921454 0.4867908358)
(0.5 0.7935921454 0.4867908358)
(0.6 0.7935921454 0.4867908358)
(0.7 0.7935921454 0.4867908358)
(0.8 0.7935921454 0.4867908358)
(0.9 0.7935921454 0.4867908358)
(1 0.7935921454 0.4867908358)
(1.1 0.7935921454 0.4867908358)
(1.2 0.7935921454 0.4867908358)
(1.3 0.7935921454 0.4867908358)
(1.4 0.7935921454 0.4867908358)
(1.5 0.7935921454 0.4867908358)
(1.6 0.7935921454 0.4867908358)
(1.7 0.7935921454 0.4867908358)
(1.8 0.7935921454 0.4867908358)
(1.9 0.7935921454 0.4867908358)
(2 0.7935921454 0.4867908358)
(0 0.857834566 0.4867908358)
(0.1 0.857834566 0.4867908358)
(0.2 0.857834566 0.4867908358)
(0.3 0.857834566 0.4867908358)
(0.4 0.857834566 0.4867908358)
(0.5 0.857834566 0.4867908358)
(0.6 0.857834566 0.4867908358)
(0.7 0.857834566 0.4867908358)
(0.8 0.857834566 0.4867908358)
(0.9 0.857834566 0.4867908358)
(1 0.857834566 0.4867908358)
(1.1 0.857834566 0.4867908358)
(1.2 0.857834566 0.4867908358)
(1.3 0.857834566 0.4867908358)
(1.4 0.857834566 0.4867908358)
(1.5 0.857834566 0.4867908358)
(1.6 0.857834566 0.4867908358)
(1.7 0.857834566 0.4867908358)
(1.8 0.857834566 0.4867908358)
(1.9 0.857834566 0.4867908358)
(2 0.857834566 0.4867908358)
(0 0.9265341063 0.4867908358)
(0.1 0.9265341063 0.4867908358)
(0.2 0.9265341063 0.4867908358)
(0.3 0.9265341063 0.4867908358)
(0.4 0.9265341063 0.4867908358)
(0.5 0.9265341063 0.4867908358)
(0.6 0.9265341063 0.4867908358)
(0.7 0.9265341063 0.4867908358)
(0.8 0.9265341063 0.4867908358)
(0.9 0.9265341063 0.4867908358)
(1 0.9265341063 0.4867908358)
(1.1 0.9265341063 0.4867908358)
(1.2 0.9265341063 0.4867908358)
(1.3 0.9265341063 0.4867908358)
(1.4 0.9265341063 0.4867908358)
(1.5 0.9265341063 0.4867908358)
(1.6 0.9265341063 0.4867908358)
(1.7 0.9265341063 0.4867908358)
(1.8 0.9265341063 0.4867908358)
(1.9 0.9265341063 0.4867908358)
(2 0.9265341063 0.4867908358)
(0 1 0.4867908358)
(0.1 1 0.4867908358)
(0.2 1 0.4867908358)
(0.3 1 0.4867908358)
(0.4 1 0.4867908358)
(0.5 1 0.4867908358)
(0.6 1 0.4867908358)
(0.7 1 0.4867908358)
(0.8 1 0.4867908358)
(0.9 1 0.4867908358)
(1 1 0.4867908358)
(1.1 1 0.4867908358)
(1.2 1 0.4867908358)
(1.3 1 0.4867908358)
(1.4 1 0.4867908358)
(1.5 1 0.4867908358)
(1.6 1 0.4867908358)
(1.7 1 0.4867908358)
(1.8 1 0.4867908358)
(1.9 1 0.4867908358)
(2 1 0.4867908358)
(0 0 0.529747474)
(0.1 0 0.529747474)
(0.2 0 0.529747474)
(0.3 0 0.529747474)
(0.4 0 0.529747474)
(0.5 0 0.529747474)
(0.6 0 0.529747474)
(0.7 0 0.529747474)
(0.8 0 0.529747474)
(0.9 0 0.529747474)
(1 0 0.529747474)
(1.1 0 0.529747474)
(1.2 0 0.529747474)
(1.3 0 0.529747474)
(1.4 0 0.529747474)
(1.5 0 0.529747474)
(1.6 0 0.529747474)
(1.7 0 0.529747474)
(1.8 0 0.529747474)
(1.9 0 0.529747474)
(2 0 0.529747474)
(0 0.009183236716 0.529747474)
(0.1 0.009183236716 0.529747474)
(0.2 0.009183236716 0.529747474)
(0.3 0.009183236716 0.529747474)
(0.4 0.009183236716 0.529747474)
(0.5 0.009183236716 0.529747474)
(0.6 0.009183236716 0.529747474)
(0.7 0.009183236716 0.529747474)
(0.8 0.009183236716 0.529747474)
(0.9 0.009183236716 0.529747474)
(1 0.009183236716 0.529747474)
(1.1 0.009183236716 0.529747474)
(1.2 0.009183236716 0.529747474)
(1.3 0.009183236716 0.529747474)
(1.4 0.009183236716 0.529747474)
(1.5 0.009183236716 0.529747474)
(1.6 0.009183236716 0.529747474)
(1.7 0.009183236716 0.529747474)
(1.8 0.009183236716 0.529747474)
(1.9 0.009183236716 0.529747474)
(2 0.009183236716 0.529747474)
(0 0.01900360363 0.529747474)
(0.1 0.01900360363 0.529747474)
(0.2 0.01900360363 0.529747474)
(0.3 0.01900360363 0.529747474)
(0.4 0.01900360363 0.529747474)
(0.5 0.01900360363 0.529747474)
(0.6 0.01900360363 0.529747474)
(0.7 0.01900360363 0.529747474)
(0.8 0.01900360363 0.529747474)
(0.9 0.01900360363 0.529747474)
(1 0.01900360363 0.529747474)
(1.1 0.01900360363 0.529747474)
(1.2 0.01900360363 0.529747474)
(1.3 0.01900360363 0.529747474)
(1.4 0.01900360363 0.529747474)
(1.5 0.01900360363 0.529747474)
(1.6 0.01900360363 0.529747474)
(1.7 0.01900360363 0.529747474)
(1.8 0.01900360363 0.529747474)
(1.9 0.01900360363 0.529747474)
(2 0.01900360363 0.529747474)
(0 0.02950530463 0.529747474)
(0.1 0.02950530463 0.529747474)
(0.2 0.02950530463 0.529747474)
(0.3 0.02950530463 0.529747474)
(0.4 0.02950530463 0.529747474)
(0.5 0.02950530463 0.529747474)
(0.6 0.02950530463 0.529747474)
(0.7 0.02950530463 0.529747474)
(0.8 0.02950530463 0.529747474)
(0.9 0.02950530463 0.529747474)
(1 0.02950530463 0.529747474)
(1.1 0.02950530463 0.529747474)
(1.2 0.02950530463 0.529747474)
(1.3 0.02950530463 0.529747474)
(1.4 0.02950530463 0.529747474)
(1.5 0.02950530463 0.529747474)
(1.6 0.02950530463 0.529747474)
(1.7 0.02950530463 0.529747474)
(1.8 0.02950530463 0.529747474)
(1.9 0.02950530463 0.529747474)
(2 0.02950530463 0.529747474)
(0 0.04073561049 0.529747474)
(0.1 0.04073561049 0.529747474)
(0.2 0.04073561049 0.529747474)
(0.3 0.04073561049 0.529747474)
(0.4 0.04073561049 0.529747474)
(0.5 0.04073561049 0.529747474)
(0.6 0.04073561049 0.529747474)
(0.7 0.04073561049 0.529747474)
(0.8 0.04073561049 0.529747474)
(0.9 0.04073561049 0.529747474)
(1 0.04073561049 0.529747474)
(1.1 0.04073561049 0.529747474)
(1.2 0.04073561049 0.529747474)
(1.3 0.04073561049 0.529747474)
(1.4 0.04073561049 0.529747474)
(1.5 0.04073561049 0.529747474)
(1.6 0.04073561049 0.529747474)
(1.7 0.04073561049 0.529747474)
(1.8 0.04073561049 0.529747474)
(1.9 0.04073561049 0.529747474)
(2 0.04073561049 0.529747474)
(0 0.05274507158 0.529747474)
(0.1 0.05274507158 0.529747474)
(0.2 0.05274507158 0.529747474)
(0.3 0.05274507158 0.529747474)
(0.4 0.05274507158 0.529747474)
(0.5 0.05274507158 0.529747474)
(0.6 0.05274507158 0.529747474)
(0.7 0.05274507158 0.529747474)
(0.8 0.05274507158 0.529747474)
(0.9 0.05274507158 0.529747474)
(1 0.05274507158 0.529747474)
(1.1 0.05274507158 0.529747474)
(1.2 0.05274507158 0.529747474)
(1.3 0.05274507158 0.529747474)
(1.4 0.05274507158 0.529747474)
(1.5 0.05274507158 0.529747474)
(1.6 0.05274507158 0.529747474)
(1.7 0.05274507158 0.529747474)
(1.8 0.05274507158 0.529747474)
(1.9 0.05274507158 0.529747474)
(2 0.05274507158 0.529747474)
(0 0.06558774547 0.529747474)
(0.1 0.06558774547 0.529747474)
(0.2 0.06558774547 0.529747474)
(0.3 0.06558774547 0.529747474)
(0.4 0.06558774547 0.529747474)
(0.5 0.06558774547 0.529747474)
(0.6 0.06558774547 0.529747474)
(0.7 0.06558774547 0.529747474)
(0.8 0.06558774547 0.529747474)
(0.9 0.06558774547 0.529747474)
(1 0.06558774547 0.529747474)
(1.1 0.06558774547 0.529747474)
(1.2 0.06558774547 0.529747474)
(1.3 0.06558774547 0.529747474)
(1.4 0.06558774547 0.529747474)
(1.5 0.06558774547 0.529747474)
(1.6 0.06558774547 0.529747474)
(1.7 0.06558774547 0.529747474)
(1.8 0.06558774547 0.529747474)
(1.9 0.06558774547 0.529747474)
(2 0.06558774547 0.529747474)
(0 0.07932144019 0.529747474)
(0.1 0.07932144019 0.529747474)
(0.2 0.07932144019 0.529747474)
(0.3 0.07932144019 0.529747474)
(0.4 0.07932144019 0.529747474)
(0.5 0.07932144019 0.529747474)
(0.6 0.07932144019 0.529747474)
(0.7 0.07932144019 0.529747474)
(0.8 0.07932144019 0.529747474)
(0.9 0.07932144019 0.529747474)
(1 0.07932144019 0.529747474)
(1.1 0.07932144019 0.529747474)
(1.2 0.07932144019 0.529747474)
(1.3 0.07932144019 0.529747474)
(1.4 0.07932144019 0.529747474)
(1.5 0.07932144019 0.529747474)
(1.6 0.07932144019 0.529747474)
(1.7 0.07932144019 0.529747474)
(1.8 0.07932144019 0.529747474)
(1.9 0.07932144019 0.529747474)
(2 0.07932144019 0.529747474)
(0 0.09400797452 0.529747474)
(0.1 0.09400797452 0.529747474)
(0.2 0.09400797452 0.529747474)
(0.3 0.09400797452 0.529747474)
(0.4 0.09400797452 0.529747474)
(0.5 0.09400797452 0.529747474)
(0.6 0.09400797452 0.529747474)
(0.7 0.09400797452 0.529747474)
(0.8 0.09400797452 0.529747474)
(0.9 0.09400797452 0.529747474)
(1 0.09400797452 0.529747474)
(1.1 0.09400797452 0.529747474)
(1.2 0.09400797452 0.529747474)
(1.3 0.09400797452 0.529747474)
(1.4 0.09400797452 0.529747474)
(1.5 0.09400797452 0.529747474)
(1.6 0.09400797452 0.529747474)
(1.7 0.09400797452 0.529747474)
(1.8 0.09400797452 0.529747474)
(1.9 0.09400797452 0.529747474)
(2 0.09400797452 0.529747474)
(0 0.1097134562 0.529747474)
(0.1 0.1097134562 0.529747474)
(0.2 0.1097134562 0.529747474)
(0.3 0.1097134562 0.529747474)
(0.4 0.1097134562 0.529747474)
(0.5 0.1097134562 0.529747474)
(0.6 0.1097134562 0.529747474)
(0.7 0.1097134562 0.529747474)
(0.8 0.1097134562 0.529747474)
(0.9 0.1097134562 0.529747474)
(1 0.1097134562 0.529747474)
(1.1 0.1097134562 0.529747474)
(1.2 0.1097134562 0.529747474)
(1.3 0.1097134562 0.529747474)
(1.4 0.1097134562 0.529747474)
(1.5 0.1097134562 0.529747474)
(1.6 0.1097134562 0.529747474)
(1.7 0.1097134562 0.529747474)
(1.8 0.1097134562 0.529747474)
(1.9 0.1097134562 0.529747474)
(2 0.1097134562 0.529747474)
(0 0.1265085794 0.529747474)
(0.1 0.1265085794 0.529747474)
(0.2 0.1265085794 0.529747474)
(0.3 0.1265085794 0.529747474)
(0.4 0.1265085794 0.529747474)
(0.5 0.1265085794 0.529747474)
(0.6 0.1265085794 0.529747474)
(0.7 0.1265085794 0.529747474)
(0.8 0.1265085794 0.529747474)
(0.9 0.1265085794 0.529747474)
(1 0.1265085794 0.529747474)
(1.1 0.1265085794 0.529747474)
(1.2 0.1265085794 0.529747474)
(1.3 0.1265085794 0.529747474)
(1.4 0.1265085794 0.529747474)
(1.5 0.1265085794 0.529747474)
(1.6 0.1265085794 0.529747474)
(1.7 0.1265085794 0.529747474)
(1.8 0.1265085794 0.529747474)
(1.9 0.1265085794 0.529747474)
(2 0.1265085794 0.529747474)
(0 0.1444689432 0.529747474)
(0.1 0.1444689432 0.529747474)
(0.2 0.1444689432 0.529747474)
(0.3 0.1444689432 0.529747474)
(0.4 0.1444689432 0.529747474)
(0.5 0.1444689432 0.529747474)
(0.6 0.1444689432 0.529747474)
(0.7 0.1444689432 0.529747474)
(0.8 0.1444689432 0.529747474)
(0.9 0.1444689432 0.529747474)
(1 0.1444689432 0.529747474)
(1.1 0.1444689432 0.529747474)
(1.2 0.1444689432 0.529747474)
(1.3 0.1444689432 0.529747474)
(1.4 0.1444689432 0.529747474)
(1.5 0.1444689432 0.529747474)
(1.6 0.1444689432 0.529747474)
(1.7 0.1444689432 0.529747474)
(1.8 0.1444689432 0.529747474)
(1.9 0.1444689432 0.529747474)
(2 0.1444689432 0.529747474)
(0 0.1636753917 0.529747474)
(0.1 0.1636753917 0.529747474)
(0.2 0.1636753917 0.529747474)
(0.3 0.1636753917 0.529747474)
(0.4 0.1636753917 0.529747474)
(0.5 0.1636753917 0.529747474)
(0.6 0.1636753917 0.529747474)
(0.7 0.1636753917 0.529747474)
(0.8 0.1636753917 0.529747474)
(0.9 0.1636753917 0.529747474)
(1 0.1636753917 0.529747474)
(1.1 0.1636753917 0.529747474)
(1.2 0.1636753917 0.529747474)
(1.3 0.1636753917 0.529747474)
(1.4 0.1636753917 0.529747474)
(1.5 0.1636753917 0.529747474)
(1.6 0.1636753917 0.529747474)
(1.7 0.1636753917 0.529747474)
(1.8 0.1636753917 0.529747474)
(1.9 0.1636753917 0.529747474)
(2 0.1636753917 0.529747474)
(0 0.1842143777 0.529747474)
(0.1 0.1842143777 0.529747474)
(0.2 0.1842143777 0.529747474)
(0.3 0.1842143777 0.529747474)
(0.4 0.1842143777 0.529747474)
(0.5 0.1842143777 0.529747474)
(0.6 0.1842143777 0.529747474)
(0.7 0.1842143777 0.529747474)
(0.8 0.1842143777 0.529747474)
(0.9 0.1842143777 0.529747474)
(1 0.1842143777 0.529747474)
(1.1 0.1842143777 0.529747474)
(1.2 0.1842143777 0.529747474)
(1.3 0.1842143777 0.529747474)
(1.4 0.1842143777 0.529747474)
(1.5 0.1842143777 0.529747474)
(1.6 0.1842143777 0.529747474)
(1.7 0.1842143777 0.529747474)
(1.8 0.1842143777 0.529747474)
(1.9 0.1842143777 0.529747474)
(2 0.1842143777 0.529747474)
(0 0.2061783524 0.529747474)
(0.1 0.2061783524 0.529747474)
(0.2 0.2061783524 0.529747474)
(0.3 0.2061783524 0.529747474)
(0.4 0.2061783524 0.529747474)
(0.5 0.2061783524 0.529747474)
(0.6 0.2061783524 0.529747474)
(0.7 0.2061783524 0.529747474)
(0.8 0.2061783524 0.529747474)
(0.9 0.2061783524 0.529747474)
(1 0.2061783524 0.529747474)
(1.1 0.2061783524 0.529747474)
(1.2 0.2061783524 0.529747474)
(1.3 0.2061783524 0.529747474)
(1.4 0.2061783524 0.529747474)
(1.5 0.2061783524 0.529747474)
(1.6 0.2061783524 0.529747474)
(1.7 0.2061783524 0.529747474)
(1.8 0.2061783524 0.529747474)
(1.9 0.2061783524 0.529747474)
(2 0.2061783524 0.529747474)
(0 0.2296661811 0.529747474)
(0.1 0.2296661811 0.529747474)
(0.2 0.2296661811 0.529747474)
(0.3 0.2296661811 0.529747474)
(0.4 0.2296661811 0.529747474)
(0.5 0.2296661811 0.529747474)
(0.6 0.2296661811 0.529747474)
(0.7 0.2296661811 0.529747474)
(0.8 0.2296661811 0.529747474)
(0.9 0.2296661811 0.529747474)
(1 0.2296661811 0.529747474)
(1.1 0.2296661811 0.529747474)
(1.2 0.2296661811 0.529747474)
(1.3 0.2296661811 0.529747474)
(1.4 0.2296661811 0.529747474)
(1.5 0.2296661811 0.529747474)
(1.6 0.2296661811 0.529747474)
(1.7 0.2296661811 0.529747474)
(1.8 0.2296661811 0.529747474)
(1.9 0.2296661811 0.529747474)
(2 0.2296661811 0.529747474)
(0 0.2547835882 0.529747474)
(0.1 0.2547835882 0.529747474)
(0.2 0.2547835882 0.529747474)
(0.3 0.2547835882 0.529747474)
(0.4 0.2547835882 0.529747474)
(0.5 0.2547835882 0.529747474)
(0.6 0.2547835882 0.529747474)
(0.7 0.2547835882 0.529747474)
(0.8 0.2547835882 0.529747474)
(0.9 0.2547835882 0.529747474)
(1 0.2547835882 0.529747474)
(1.1 0.2547835882 0.529747474)
(1.2 0.2547835882 0.529747474)
(1.3 0.2547835882 0.529747474)
(1.4 0.2547835882 0.529747474)
(1.5 0.2547835882 0.529747474)
(1.6 0.2547835882 0.529747474)
(1.7 0.2547835882 0.529747474)
(1.8 0.2547835882 0.529747474)
(1.9 0.2547835882 0.529747474)
(2 0.2547835882 0.529747474)
(0 0.2816436335 0.529747474)
(0.1 0.2816436335 0.529747474)
(0.2 0.2816436335 0.529747474)
(0.3 0.2816436335 0.529747474)
(0.4 0.2816436335 0.529747474)
(0.5 0.2816436335 0.529747474)
(0.6 0.2816436335 0.529747474)
(0.7 0.2816436335 0.529747474)
(0.8 0.2816436335 0.529747474)
(0.9 0.2816436335 0.529747474)
(1 0.2816436335 0.529747474)
(1.1 0.2816436335 0.529747474)
(1.2 0.2816436335 0.529747474)
(1.3 0.2816436335 0.529747474)
(1.4 0.2816436335 0.529747474)
(1.5 0.2816436335 0.529747474)
(1.6 0.2816436335 0.529747474)
(1.7 0.2816436335 0.529747474)
(1.8 0.2816436335 0.529747474)
(1.9 0.2816436335 0.529747474)
(2 0.2816436335 0.529747474)
(0 0.3103672206 0.529747474)
(0.1 0.3103672206 0.529747474)
(0.2 0.3103672206 0.529747474)
(0.3 0.3103672206 0.529747474)
(0.4 0.3103672206 0.529747474)
(0.5 0.3103672206 0.529747474)
(0.6 0.3103672206 0.529747474)
(0.7 0.3103672206 0.529747474)
(0.8 0.3103672206 0.529747474)
(0.9 0.3103672206 0.529747474)
(1 0.3103672206 0.529747474)
(1.1 0.3103672206 0.529747474)
(1.2 0.3103672206 0.529747474)
(1.3 0.3103672206 0.529747474)
(1.4 0.3103672206 0.529747474)
(1.5 0.3103672206 0.529747474)
(1.6 0.3103672206 0.529747474)
(1.7 0.3103672206 0.529747474)
(1.8 0.3103672206 0.529747474)
(1.9 0.3103672206 0.529747474)
(2 0.3103672206 0.529747474)
(0 0.3410836415 0.529747474)
(0.1 0.3410836415 0.529747474)
(0.2 0.3410836415 0.529747474)
(0.3 0.3410836415 0.529747474)
(0.4 0.3410836415 0.529747474)
(0.5 0.3410836415 0.529747474)
(0.6 0.3410836415 0.529747474)
(0.7 0.3410836415 0.529747474)
(0.8 0.3410836415 0.529747474)
(0.9 0.3410836415 0.529747474)
(1 0.3410836415 0.529747474)
(1.1 0.3410836415 0.529747474)
(1.2 0.3410836415 0.529747474)
(1.3 0.3410836415 0.529747474)
(1.4 0.3410836415 0.529747474)
(1.5 0.3410836415 0.529747474)
(1.6 0.3410836415 0.529747474)
(1.7 0.3410836415 0.529747474)
(1.8 0.3410836415 0.529747474)
(1.9 0.3410836415 0.529747474)
(2 0.3410836415 0.529747474)
(0 0.3739311585 0.529747474)
(0.1 0.3739311585 0.529747474)
(0.2 0.3739311585 0.529747474)
(0.3 0.3739311585 0.529747474)
(0.4 0.3739311585 0.529747474)
(0.5 0.3739311585 0.529747474)
(0.6 0.3739311585 0.529747474)
(0.7 0.3739311585 0.529747474)
(0.8 0.3739311585 0.529747474)
(0.9 0.3739311585 0.529747474)
(1 0.3739311585 0.529747474)
(1.1 0.3739311585 0.529747474)
(1.2 0.3739311585 0.529747474)
(1.3 0.3739311585 0.529747474)
(1.4 0.3739311585 0.529747474)
(1.5 0.3739311585 0.529747474)
(1.6 0.3739311585 0.529747474)
(1.7 0.3739311585 0.529747474)
(1.8 0.3739311585 0.529747474)
(1.9 0.3739311585 0.529747474)
(2 0.3739311585 0.529747474)
(0 0.4090576263 0.529747474)
(0.1 0.4090576263 0.529747474)
(0.2 0.4090576263 0.529747474)
(0.3 0.4090576263 0.529747474)
(0.4 0.4090576263 0.529747474)
(0.5 0.4090576263 0.529747474)
(0.6 0.4090576263 0.529747474)
(0.7 0.4090576263 0.529747474)
(0.8 0.4090576263 0.529747474)
(0.9 0.4090576263 0.529747474)
(1 0.4090576263 0.529747474)
(1.1 0.4090576263 0.529747474)
(1.2 0.4090576263 0.529747474)
(1.3 0.4090576263 0.529747474)
(1.4 0.4090576263 0.529747474)
(1.5 0.4090576263 0.529747474)
(1.6 0.4090576263 0.529747474)
(1.7 0.4090576263 0.529747474)
(1.8 0.4090576263 0.529747474)
(1.9 0.4090576263 0.529747474)
(2 0.4090576263 0.529747474)
(0 0.4466211578 0.529747474)
(0.1 0.4466211578 0.529747474)
(0.2 0.4466211578 0.529747474)
(0.3 0.4466211578 0.529747474)
(0.4 0.4466211578 0.529747474)
(0.5 0.4466211578 0.529747474)
(0.6 0.4466211578 0.529747474)
(0.7 0.4466211578 0.529747474)
(0.8 0.4466211578 0.529747474)
(0.9 0.4466211578 0.529747474)
(1 0.4466211578 0.529747474)
(1.1 0.4466211578 0.529747474)
(1.2 0.4466211578 0.529747474)
(1.3 0.4466211578 0.529747474)
(1.4 0.4466211578 0.529747474)
(1.5 0.4466211578 0.529747474)
(1.6 0.4466211578 0.529747474)
(1.7 0.4466211578 0.529747474)
(1.8 0.4466211578 0.529747474)
(1.9 0.4466211578 0.529747474)
(2 0.4466211578 0.529747474)
(0 0.4867908358 0.529747474)
(0.1 0.4867908358 0.529747474)
(0.2 0.4867908358 0.529747474)
(0.3 0.4867908358 0.529747474)
(0.4 0.4867908358 0.529747474)
(0.5 0.4867908358 0.529747474)
(0.6 0.4867908358 0.529747474)
(0.7 0.4867908358 0.529747474)
(0.8 0.4867908358 0.529747474)
(0.9 0.4867908358 0.529747474)
(1 0.4867908358 0.529747474)
(1.1 0.4867908358 0.529747474)
(1.2 0.4867908358 0.529747474)
(1.3 0.4867908358 0.529747474)
(1.4 0.4867908358 0.529747474)
(1.5 0.4867908358 0.529747474)
(1.6 0.4867908358 0.529747474)
(1.7 0.4867908358 0.529747474)
(1.8 0.4867908358 0.529747474)
(1.9 0.4867908358 0.529747474)
(2 0.4867908358 0.529747474)
(0 0.529747474 0.529747474)
(0.1 0.529747474 0.529747474)
(0.2 0.529747474 0.529747474)
(0.3 0.529747474 0.529747474)
(0.4 0.529747474 0.529747474)
(0.5 0.529747474 0.529747474)
(0.6 0.529747474 0.529747474)
(0.7 0.529747474 0.529747474)
(0.8 0.529747474 0.529747474)
(0.9 0.529747474 0.529747474)
(1 0.529747474 0.529747474)
(1.1 0.529747474 0.529747474)
(1.2 0.529747474 0.529747474)
(1.3 0.529747474 0.529747474)
(1.4 0.529747474 0.529747474)
(1.5 0.529747474 0.529747474)
(1.6 0.529747474 0.529747474)
(1.7 0.529747474 0.529747474)
(1.8 0.529747474 0.529747474)
(1.9 0.529747474 0.529747474)
(2 0.529747474 0.529747474)
(0 0.5756844308 0.529747474)
(0.1 0.5756844308 0.529747474)
(0.2 0.5756844308 0.529747474)
(0.3 0.5756844308 0.529747474)
(0.4 0.5756844308 0.529747474)
(0.5 0.5756844308 0.529747474)
(0.6 0.5756844308 0.529747474)
(0.7 0.5756844308 0.529747474)
(0.8 0.5756844308 0.529747474)
(0.9 0.5756844308 0.529747474)
(1 0.5756844308 0.529747474)
(1.1 0.5756844308 0.529747474)
(1.2 0.5756844308 0.529747474)
(1.3 0.5756844308 0.529747474)
(1.4 0.5756844308 0.529747474)
(1.5 0.5756844308 0.529747474)
(1.6 0.5756844308 0.529747474)
(1.7 0.5756844308 0.529747474)
(1.8 0.5756844308 0.529747474)
(1.9 0.5756844308 0.529747474)
(2 0.5756844308 0.529747474)
(0 0.6248084798 0.529747474)
(0.1 0.6248084798 0.529747474)
(0.2 0.6248084798 0.529747474)
(0.3 0.6248084798 0.529747474)
(0.4 0.6248084798 0.529747474)
(0.5 0.6248084798 0.529747474)
(0.6 0.6248084798 0.529747474)
(0.7 0.6248084798 0.529747474)
(0.8 0.6248084798 0.529747474)
(0.9 0.6248084798 0.529747474)
(1 0.6248084798 0.529747474)
(1.1 0.6248084798 0.529747474)
(1.2 0.6248084798 0.529747474)
(1.3 0.6248084798 0.529747474)
(1.4 0.6248084798 0.529747474)
(1.5 0.6248084798 0.529747474)
(1.6 0.6248084798 0.529747474)
(1.7 0.6248084798 0.529747474)
(1.8 0.6248084798 0.529747474)
(1.9 0.6248084798 0.529747474)
(2 0.6248084798 0.529747474)
(0 0.6773407405 0.529747474)
(0.1 0.6773407405 0.529747474)
(0.2 0.6773407405 0.529747474)
(0.3 0.6773407405 0.529747474)
(0.4 0.6773407405 0.529747474)
(0.5 0.6773407405 0.529747474)
(0.6 0.6773407405 0.529747474)
(0.7 0.6773407405 0.529747474)
(0.8 0.6773407405 0.529747474)
(0.9 0.6773407405 0.529747474)
(1 0.6773407405 0.529747474)
(1.1 0.6773407405 0.529747474)
(1.2 0.6773407405 0.529747474)
(1.3 0.6773407405 0.529747474)
(1.4 0.6773407405 0.529747474)
(1.5 0.6773407405 0.529747474)
(1.6 0.6773407405 0.529747474)
(1.7 0.6773407405 0.529747474)
(1.8 0.6773407405 0.529747474)
(1.9 0.6773407405 0.529747474)
(2 0.6773407405 0.529747474)
(0 0.7335176736 0.529747474)
(0.1 0.7335176736 0.529747474)
(0.2 0.7335176736 0.529747474)
(0.3 0.7335176736 0.529747474)
(0.4 0.7335176736 0.529747474)
(0.5 0.7335176736 0.529747474)
(0.6 0.7335176736 0.529747474)
(0.7 0.7335176736 0.529747474)
(0.8 0.7335176736 0.529747474)
(0.9 0.7335176736 0.529747474)
(1 0.7335176736 0.529747474)
(1.1 0.7335176736 0.529747474)
(1.2 0.7335176736 0.529747474)
(1.3 0.7335176736 0.529747474)
(1.4 0.7335176736 0.529747474)
(1.5 0.7335176736 0.529747474)
(1.6 0.7335176736 0.529747474)
(1.7 0.7335176736 0.529747474)
(1.8 0.7335176736 0.529747474)
(1.9 0.7335176736 0.529747474)
(2 0.7335176736 0.529747474)
(0 0.7935921454 0.529747474)
(0.1 0.7935921454 0.529747474)
(0.2 0.7935921454 0.529747474)
(0.3 0.7935921454 0.529747474)
(0.4 0.7935921454 0.529747474)
(0.5 0.7935921454 0.529747474)
(0.6 0.7935921454 0.529747474)
(0.7 0.7935921454 0.529747474)
(0.8 0.7935921454 0.529747474)
(0.9 0.7935921454 0.529747474)
(1 0.7935921454 0.529747474)
(1.1 0.7935921454 0.529747474)
(1.2 0.7935921454 0.529747474)
(1.3 0.7935921454 0.529747474)
(1.4 0.7935921454 0.529747474)
(1.5 0.7935921454 0.529747474)
(1.6 0.7935921454 0.529747474)
(1.7 0.7935921454 0.529747474)
(1.8 0.7935921454 0.529747474)
(1.9 0.7935921454 0.529747474)
(2 0.7935921454 0.529747474)
(0 0.857834566 0.529747474)
(0.1 0.857834566 0.529747474)
(0.2 0.857834566 0.529747474)
(0.3 0.857834566 0.529747474)
(0.4 0.857834566 0.529747474)
(0.5 0.857834566 0.529747474)
(0.6 0.857834566 0.529747474)
(0.7 0.857834566 0.529747474)
(0.8 0.857834566 0.529747474)
(0.9 0.857834566 0.529747474)
(1 0.857834566 0.529747474)
(1.1 0.857834566 0.529747474)
(1.2 0.857834566 0.529747474)
(1.3 0.857834566 0.529747474)
(1.4 0.857834566 0.529747474)
(1.5 0.857834566 0.529747474)
(1.6 0.857834566 0.529747474)
(1.7 0.857834566 0.529747474)
(1.8 0.857834566 0.529747474)
(1.9 0.857834566 0.529747474)
(2 0.857834566 0.529747474)
(0 0.9265341063 0.529747474)
(0.1 0.9265341063 0.529747474)
(0.2 0.9265341063 0.529747474)
(0.3 0.9265341063 0.529747474)
(0.4 0.9265341063 0.529747474)
(0.5 0.9265341063 0.529747474)
(0.6 0.9265341063 0.529747474)
(0.7 0.9265341063 0.529747474)
(0.8 0.9265341063 0.529747474)
(0.9 0.9265341063 0.529747474)
(1 0.9265341063 0.529747474)
(1.1 0.9265341063 0.529747474)
(1.2 0.9265341063 0.529747474)
(1.3 0.9265341063 0.529747474)
(1.4 0.9265341063 0.529747474)
(1.5 0.9265341063 0.529747474)
(1.6 0.9265341063 0.529747474)
(1.7 0.9265341063 0.529747474)
(1.8 0.9265341063 0.529747474)
(1.9 0.9265341063 0.529747474)
(2 0.9265341063 0.529747474)
(0 1 0.529747474)
(0.1 1 0.529747474)
(0.2 1 0.529747474)
(0.3 1 0.529747474)
(0.4 1 0.529747474)
(0.5 1 0.529747474)
(0.6 1 0.529747474)
(0.7 1 0.529747474)
(0.8 1 0.529747474)
(0.9 1 0.529747474)
(1 1 0.529747474)
(1.1 1 0.529747474)
(1.2 1 0.529747474)
(1.3 1 0.529747474)
(1.4 1 0.529747474)
(1.5 1 0.529747474)
(1.6 1 0.529747474)
(1.7 1 0.529747474)
(1.8 1 0.529747474)
(1.9 1 0.529747474)
(2 1 0.529747474)
(0 0 0.5756844308)
(0.1 0 0.5756844308)
(0.2 0 0.5756844308)
(0.3 0 0.5756844308)
(0.4 0 0.5756844308)
(0.5 0 0.5756844308)
(0.6 0 0.5756844308)
(0.7 0 0.5756844308)
(0.8 0 0.5756844308)
(0.9 0 0.5756844308)
(1 0 0.5756844308)
(1.1 0 0.5756844308)
(1.2 0 0.5756844308)
(1.3 0 0.5756844308)
(1.4 0 0.5756844308)
(1.5 0 0.5756844308)
(1.6 0 0.5756844308)
(1.7 0 0.5756844308)
(1.8 0 0.5756844308)
(1.9 0 0.5756844308)
(2 0 0.5756844308)
(0 0.009183236716 0.5756844308)
(0.1 0.009183236716 0.5756844308)
(0.2 0.009183236716 0.5756844308)
(0.3 0.009183236716 0.5756844308)
(0.4 0.009183236716 0.5756844308)
(0.5 0.009183236716 0.5756844308)
(0.6 0.009183236716 0.5756844308)
(0.7 0.009183236716 0.5756844308)
(0.8 0.009183236716 0.5756844308)
(0.9 0.009183236716 0.5756844308)
(1 0.009183236716 0.5756844308)
(1.1 0.009183236716 0.5756844308)
(1.2 0.009183236716 0.5756844308)
(1.3 0.009183236716 0.5756844308)
(1.4 0.009183236716 0.5756844308)
(1.5 0.009183236716 0.5756844308)
(1.6 0.009183236716 0.5756844308)
(1.7 0.009183236716 0.5756844308)
(1.8 0.009183236716 0.5756844308)
(1.9 0.009183236716 0.5756844308)
(2 0.009183236716 0.5756844308)
(0 0.01900360363 0.5756844308)
(0.1 0.01900360363 0.5756844308)
(0.2 0.01900360363 0.5756844308)
(0.3 0.01900360363 0.5756844308)
(0.4 0.01900360363 0.5756844308)
(0.5 0.01900360363 0.5756844308)
(0.6 0.01900360363 0.5756844308)
(0.7 0.01900360363 0.5756844308)
(0.8 0.01900360363 0.5756844308)
(0.9 0.01900360363 0.5756844308)
(1 0.01900360363 0.5756844308)
(1.1 0.01900360363 0.5756844308)
(1.2 0.01900360363 0.5756844308)
(1.3 0.01900360363 0.5756844308)
(1.4 0.01900360363 0.5756844308)
(1.5 0.01900360363 0.5756844308)
(1.6 0.01900360363 0.5756844308)
(1.7 0.01900360363 0.5756844308)
(1.8 0.01900360363 0.5756844308)
(1.9 0.01900360363 0.5756844308)
(2 0.01900360363 0.5756844308)
(0 0.02950530463 0.5756844308)
(0.1 0.02950530463 0.5756844308)
(0.2 0.02950530463 0.5756844308)
(0.3 0.02950530463 0.5756844308)
(0.4 0.02950530463 0.5756844308)
(0.5 0.02950530463 0.5756844308)
(0.6 0.02950530463 0.5756844308)
(0.7 0.02950530463 0.5756844308)
(0.8 0.02950530463 0.5756844308)
(0.9 0.02950530463 0.5756844308)
(1 0.02950530463 0.5756844308)
(1.1 0.02950530463 0.5756844308)
(1.2 0.02950530463 0.5756844308)
(1.3 0.02950530463 0.5756844308)
(1.4 0.02950530463 0.5756844308)
(1.5 0.02950530463 0.5756844308)
(1.6 0.02950530463 0.5756844308)
(1.7 0.02950530463 0.5756844308)
(1.8 0.02950530463 0.5756844308)
(1.9 0.02950530463 0.5756844308)
(2 0.02950530463 0.5756844308)
(0 0.04073561049 0.5756844308)
(0.1 0.04073561049 0.5756844308)
(0.2 0.04073561049 0.5756844308)
(0.3 0.04073561049 0.5756844308)
(0.4 0.04073561049 0.5756844308)
(0.5 0.04073561049 0.5756844308)
(0.6 0.04073561049 0.5756844308)
(0.7 0.04073561049 0.5756844308)
(0.8 0.04073561049 0.5756844308)
(0.9 0.04073561049 0.5756844308)
(1 0.04073561049 0.5756844308)
(1.1 0.04073561049 0.5756844308)
(1.2 0.04073561049 0.5756844308)
(1.3 0.04073561049 0.5756844308)
(1.4 0.04073561049 0.5756844308)
(1.5 0.04073561049 0.5756844308)
(1.6 0.04073561049 0.5756844308)
(1.7 0.04073561049 0.5756844308)
(1.8 0.04073561049 0.5756844308)
(1.9 0.04073561049 0.5756844308)
(2 0.04073561049 0.5756844308)
(0 0.05274507158 0.5756844308)
(0.1 0.05274507158 0.5756844308)
(0.2 0.05274507158 0.5756844308)
(0.3 0.05274507158 0.5756844308)
(0.4 0.05274507158 0.5756844308)
(0.5 0.05274507158 0.5756844308)
(0.6 0.05274507158 0.5756844308)
(0.7 0.05274507158 0.5756844308)
(0.8 0.05274507158 0.5756844308)
(0.9 0.05274507158 0.5756844308)
(1 0.05274507158 0.5756844308)
(1.1 0.05274507158 0.5756844308)
(1.2 0.05274507158 0.5756844308)
(1.3 0.05274507158 0.5756844308)
(1.4 0.05274507158 0.5756844308)
(1.5 0.05274507158 0.5756844308)
(1.6 0.05274507158 0.5756844308)
(1.7 0.05274507158 0.5756844308)
(1.8 0.05274507158 0.5756844308)
(1.9 0.05274507158 0.5756844308)
(2 0.05274507158 0.5756844308)
(0 0.06558774547 0.5756844308)
(0.1 0.06558774547 0.5756844308)
(0.2 0.06558774547 0.5756844308)
(0.3 0.06558774547 0.5756844308)
(0.4 0.06558774547 0.5756844308)
(0.5 0.06558774547 0.5756844308)
(0.6 0.06558774547 0.5756844308)
(0.7 0.06558774547 0.5756844308)
(0.8 0.06558774547 0.5756844308)
(0.9 0.06558774547 0.5756844308)
(1 0.06558774547 0.5756844308)
(1.1 0.06558774547 0.5756844308)
(1.2 0.06558774547 0.5756844308)
(1.3 0.06558774547 0.5756844308)
(1.4 0.06558774547 0.5756844308)
(1.5 0.06558774547 0.5756844308)
(1.6 0.06558774547 0.5756844308)
(1.7 0.06558774547 0.5756844308)
(1.8 0.06558774547 0.5756844308)
(1.9 0.06558774547 0.5756844308)
(2 0.06558774547 0.5756844308)
(0 0.07932144019 0.5756844308)
(0.1 0.07932144019 0.5756844308)
(0.2 0.07932144019 0.5756844308)
(0.3 0.07932144019 0.5756844308)
(0.4 0.07932144019 0.5756844308)
(0.5 0.07932144019 0.5756844308)
(0.6 0.07932144019 0.5756844308)
(0.7 0.07932144019 0.5756844308)
(0.8 0.07932144019 0.5756844308)
(0.9 0.07932144019 0.5756844308)
(1 0.07932144019 0.5756844308)
(1.1 0.07932144019 0.5756844308)
(1.2 0.07932144019 0.5756844308)
(1.3 0.07932144019 0.5756844308)
(1.4 0.07932144019 0.5756844308)
(1.5 0.07932144019 0.5756844308)
(1.6 0.07932144019 0.5756844308)
(1.7 0.07932144019 0.5756844308)
(1.8 0.07932144019 0.5756844308)
(1.9 0.07932144019 0.5756844308)
(2 0.07932144019 0.5756844308)
(0 0.09400797452 0.5756844308)
(0.1 0.09400797452 0.5756844308)
(0.2 0.09400797452 0.5756844308)
(0.3 0.09400797452 0.5756844308)
(0.4 0.09400797452 0.5756844308)
(0.5 0.09400797452 0.5756844308)
(0.6 0.09400797452 0.5756844308)
(0.7 0.09400797452 0.5756844308)
(0.8 0.09400797452 0.5756844308)
(0.9 0.09400797452 0.5756844308)
(1 0.09400797452 0.5756844308)
(1.1 0.09400797452 0.5756844308)
(1.2 0.09400797452 0.5756844308)
(1.3 0.09400797452 0.5756844308)
(1.4 0.09400797452 0.5756844308)
(1.5 0.09400797452 0.5756844308)
(1.6 0.09400797452 0.5756844308)
(1.7 0.09400797452 0.5756844308)
(1.8 0.09400797452 0.5756844308)
(1.9 0.09400797452 0.5756844308)
(2 0.09400797452 0.5756844308)
(0 0.1097134562 0.5756844308)
(0.1 0.1097134562 0.5756844308)
(0.2 0.1097134562 0.5756844308)
(0.3 0.1097134562 0.5756844308)
(0.4 0.1097134562 0.5756844308)
(0.5 0.1097134562 0.5756844308)
(0.6 0.1097134562 0.5756844308)
(0.7 0.1097134562 0.5756844308)
(0.8 0.1097134562 0.5756844308)
(0.9 0.1097134562 0.5756844308)
(1 0.1097134562 0.5756844308)
(1.1 0.1097134562 0.5756844308)
(1.2 0.1097134562 0.5756844308)
(1.3 0.1097134562 0.5756844308)
(1.4 0.1097134562 0.5756844308)
(1.5 0.1097134562 0.5756844308)
(1.6 0.1097134562 0.5756844308)
(1.7 0.1097134562 0.5756844308)
(1.8 0.1097134562 0.5756844308)
(1.9 0.1097134562 0.5756844308)
(2 0.1097134562 0.5756844308)
(0 0.1265085794 0.5756844308)
(0.1 0.1265085794 0.5756844308)
(0.2 0.1265085794 0.5756844308)
(0.3 0.1265085794 0.5756844308)
(0.4 0.1265085794 0.5756844308)
(0.5 0.1265085794 0.5756844308)
(0.6 0.1265085794 0.5756844308)
(0.7 0.1265085794 0.5756844308)
(0.8 0.1265085794 0.5756844308)
(0.9 0.1265085794 0.5756844308)
(1 0.1265085794 0.5756844308)
(1.1 0.1265085794 0.5756844308)
(1.2 0.1265085794 0.5756844308)
(1.3 0.1265085794 0.5756844308)
(1.4 0.1265085794 0.5756844308)
(1.5 0.1265085794 0.5756844308)
(1.6 0.1265085794 0.5756844308)
(1.7 0.1265085794 0.5756844308)
(1.8 0.1265085794 0.5756844308)
(1.9 0.1265085794 0.5756844308)
(2 0.1265085794 0.5756844308)
(0 0.1444689432 0.5756844308)
(0.1 0.1444689432 0.5756844308)
(0.2 0.1444689432 0.5756844308)
(0.3 0.1444689432 0.5756844308)
(0.4 0.1444689432 0.5756844308)
(0.5 0.1444689432 0.5756844308)
(0.6 0.1444689432 0.5756844308)
(0.7 0.1444689432 0.5756844308)
(0.8 0.1444689432 0.5756844308)
(0.9 0.1444689432 0.5756844308)
(1 0.1444689432 0.5756844308)
(1.1 0.1444689432 0.5756844308)
(1.2 0.1444689432 0.5756844308)
(1.3 0.1444689432 0.5756844308)
(1.4 0.1444689432 0.5756844308)
(1.5 0.1444689432 0.5756844308)
(1.6 0.1444689432 0.5756844308)
(1.7 0.1444689432 0.5756844308)
(1.8 0.1444689432 0.5756844308)
(1.9 0.1444689432 0.5756844308)
(2 0.1444689432 0.5756844308)
(0 0.1636753917 0.5756844308)
(0.1 0.1636753917 0.5756844308)
(0.2 0.1636753917 0.5756844308)
(0.3 0.1636753917 0.5756844308)
(0.4 0.1636753917 0.5756844308)
(0.5 0.1636753917 0.5756844308)
(0.6 0.1636753917 0.5756844308)
(0.7 0.1636753917 0.5756844308)
(0.8 0.1636753917 0.5756844308)
(0.9 0.1636753917 0.5756844308)
(1 0.1636753917 0.5756844308)
(1.1 0.1636753917 0.5756844308)
(1.2 0.1636753917 0.5756844308)
(1.3 0.1636753917 0.5756844308)
(1.4 0.1636753917 0.5756844308)
(1.5 0.1636753917 0.5756844308)
(1.6 0.1636753917 0.5756844308)
(1.7 0.1636753917 0.5756844308)
(1.8 0.1636753917 0.5756844308)
(1.9 0.1636753917 0.5756844308)
(2 0.1636753917 0.5756844308)
(0 0.1842143777 0.5756844308)
(0.1 0.1842143777 0.5756844308)
(0.2 0.1842143777 0.5756844308)
(0.3 0.1842143777 0.5756844308)
(0.4 0.1842143777 0.5756844308)
(0.5 0.1842143777 0.5756844308)
(0.6 0.1842143777 0.5756844308)
(0.7 0.1842143777 0.5756844308)
(0.8 0.1842143777 0.5756844308)
(0.9 0.1842143777 0.5756844308)
(1 0.1842143777 0.5756844308)
(1.1 0.1842143777 0.5756844308)
(1.2 0.1842143777 0.5756844308)
(1.3 0.1842143777 0.5756844308)
(1.4 0.1842143777 0.5756844308)
(1.5 0.1842143777 0.5756844308)
(1.6 0.1842143777 0.5756844308)
(1.7 0.1842143777 0.5756844308)
(1.8 0.1842143777 0.5756844308)
(1.9 0.1842143777 0.5756844308)
(2 0.1842143777 0.5756844308)
(0 0.2061783524 0.5756844308)
(0.1 0.2061783524 0.5756844308)
(0.2 0.2061783524 0.5756844308)
(0.3 0.2061783524 0.5756844308)
(0.4 0.2061783524 0.5756844308)
(0.5 0.2061783524 0.5756844308)
(0.6 0.2061783524 0.5756844308)
(0.7 0.2061783524 0.5756844308)
(0.8 0.2061783524 0.5756844308)
(0.9 0.2061783524 0.5756844308)
(1 0.2061783524 0.5756844308)
(1.1 0.2061783524 0.5756844308)
(1.2 0.2061783524 0.5756844308)
(1.3 0.2061783524 0.5756844308)
(1.4 0.2061783524 0.5756844308)
(1.5 0.2061783524 0.5756844308)
(1.6 0.2061783524 0.5756844308)
(1.7 0.2061783524 0.5756844308)
(1.8 0.2061783524 0.5756844308)
(1.9 0.2061783524 0.5756844308)
(2 0.2061783524 0.5756844308)
(0 0.2296661811 0.5756844308)
(0.1 0.2296661811 0.5756844308)
(0.2 0.2296661811 0.5756844308)
(0.3 0.2296661811 0.5756844308)
(0.4 0.2296661811 0.5756844308)
(0.5 0.2296661811 0.5756844308)
(0.6 0.2296661811 0.5756844308)
(0.7 0.2296661811 0.5756844308)
(0.8 0.2296661811 0.5756844308)
(0.9 0.2296661811 0.5756844308)
(1 0.2296661811 0.5756844308)
(1.1 0.2296661811 0.5756844308)
(1.2 0.2296661811 0.5756844308)
(1.3 0.2296661811 0.5756844308)
(1.4 0.2296661811 0.5756844308)
(1.5 0.2296661811 0.5756844308)
(1.6 0.2296661811 0.5756844308)
(1.7 0.2296661811 0.5756844308)
(1.8 0.2296661811 0.5756844308)
(1.9 0.2296661811 0.5756844308)
(2 0.2296661811 0.5756844308)
(0 0.2547835882 0.5756844308)
(0.1 0.2547835882 0.5756844308)
(0.2 0.2547835882 0.5756844308)
(0.3 0.2547835882 0.5756844308)
(0.4 0.2547835882 0.5756844308)
(0.5 0.2547835882 0.5756844308)
(0.6 0.2547835882 0.5756844308)
(0.7 0.2547835882 0.5756844308)
(0.8 0.2547835882 0.5756844308)
(0.9 0.2547835882 0.5756844308)
(1 0.2547835882 0.5756844308)
(1.1 0.2547835882 0.5756844308)
(1.2 0.2547835882 0.5756844308)
(1.3 0.2547835882 0.5756844308)
(1.4 0.2547835882 0.5756844308)
(1.5 0.2547835882 0.5756844308)
(1.6 0.2547835882 0.5756844308)
(1.7 0.2547835882 0.5756844308)
(1.8 0.2547835882 0.5756844308)
(1.9 0.2547835882 0.5756844308)
(2 0.2547835882 0.5756844308)
(0 0.2816436335 0.5756844308)
(0.1 0.2816436335 0.5756844308)
(0.2 0.2816436335 0.5756844308)
(0.3 0.2816436335 0.5756844308)
(0.4 0.2816436335 0.5756844308)
(0.5 0.2816436335 0.5756844308)
(0.6 0.2816436335 0.5756844308)
(0.7 0.2816436335 0.5756844308)
(0.8 0.2816436335 0.5756844308)
(0.9 0.2816436335 0.5756844308)
(1 0.2816436335 0.5756844308)
(1.1 0.2816436335 0.5756844308)
(1.2 0.2816436335 0.5756844308)
(1.3 0.2816436335 0.5756844308)
(1.4 0.2816436335 0.5756844308)
(1.5 0.2816436335 0.5756844308)
(1.6 0.2816436335 0.5756844308)
(1.7 0.2816436335 0.5756844308)
(1.8 0.2816436335 0.5756844308)
(1.9 0.2816436335 0.5756844308)
(2 0.2816436335 0.5756844308)
(0 0.3103672206 0.5756844308)
(0.1 0.3103672206 0.5756844308)
(0.2 0.3103672206 0.5756844308)
(0.3 0.3103672206 0.5756844308)
(0.4 0.3103672206 0.5756844308)
(0.5 0.3103672206 0.5756844308)
(0.6 0.3103672206 0.5756844308)
(0.7 0.3103672206 0.5756844308)
(0.8 0.3103672206 0.5756844308)
(0.9 0.3103672206 0.5756844308)
(1 0.3103672206 0.5756844308)
(1.1 0.3103672206 0.5756844308)
(1.2 0.3103672206 0.5756844308)
(1.3 0.3103672206 0.5756844308)
(1.4 0.3103672206 0.5756844308)
(1.5 0.3103672206 0.5756844308)
(1.6 0.3103672206 0.5756844308)
(1.7 0.3103672206 0.5756844308)
(1.8 0.3103672206 0.5756844308)
(1.9 0.3103672206 0.5756844308)
(2 0.3103672206 0.5756844308)
(0 0.3410836415 0.5756844308)
(0.1 0.3410836415 0.5756844308)
(0.2 0.3410836415 0.5756844308)
(0.3 0.3410836415 0.5756844308)
(0.4 0.3410836415 0.5756844308)
(0.5 0.3410836415 0.5756844308)
(0.6 0.3410836415 0.5756844308)
(0.7 0.3410836415 0.5756844308)
(0.8 0.3410836415 0.5756844308)
(0.9 0.3410836415 0.5756844308)
(1 0.3410836415 0.5756844308)
(1.1 0.3410836415 0.5756844308)
(1.2 0.3410836415 0.5756844308)
(1.3 0.3410836415 0.5756844308)
(1.4 0.3410836415 0.5756844308)
(1.5 0.3410836415 0.5756844308)
(1.6 0.3410836415 0.5756844308)
(1.7 0.3410836415 0.5756844308)
(1.8 0.3410836415 0.5756844308)
(1.9 0.3410836415 0.5756844308)
(2 0.3410836415 0.5756844308)
(0 0.3739311585 0.5756844308)
(0.1 0.3739311585 0.5756844308)
(0.2 0.3739311585 0.5756844308)
(0.3 0.3739311585 0.5756844308)
(0.4 0.3739311585 0.5756844308)
(0.5 0.3739311585 0.5756844308)
(0.6 0.3739311585 0.5756844308)
(0.7 0.3739311585 0.5756844308)
(0.8 0.3739311585 0.5756844308)
(0.9 0.3739311585 0.5756844308)
(1 0.3739311585 0.5756844308)
(1.1 0.3739311585 0.5756844308)
(1.2 0.3739311585 0.5756844308)
(1.3 0.3739311585 0.5756844308)
(1.4 0.3739311585 0.5756844308)
(1.5 0.3739311585 0.5756844308)
(1.6 0.3739311585 0.5756844308)
(1.7 0.3739311585 0.5756844308)
(1.8 0.3739311585 0.5756844308)
(1.9 0.3739311585 0.5756844308)
(2 0.3739311585 0.5756844308)
(0 0.4090576263 0.5756844308)
(0.1 0.4090576263 0.5756844308)
(0.2 0.4090576263 0.5756844308)
(0.3 0.4090576263 0.5756844308)
(0.4 0.4090576263 0.5756844308)
(0.5 0.4090576263 0.5756844308)
(0.6 0.4090576263 0.5756844308)
(0.7 0.4090576263 0.5756844308)
(0.8 0.4090576263 0.5756844308)
(0.9 0.4090576263 0.5756844308)
(1 0.4090576263 0.5756844308)
(1.1 0.4090576263 0.5756844308)
(1.2 0.4090576263 0.5756844308)
(1.3 0.4090576263 0.5756844308)
(1.4 0.4090576263 0.5756844308)
(1.5 0.4090576263 0.5756844308)
(1.6 0.4090576263 0.5756844308)
(1.7 0.4090576263 0.5756844308)
(1.8 0.4090576263 0.5756844308)
(1.9 0.4090576263 0.5756844308)
(2 0.4090576263 0.5756844308)
(0 0.4466211578 0.5756844308)
(0.1 0.4466211578 0.5756844308)
(0.2 0.4466211578 0.5756844308)
(0.3 0.4466211578 0.5756844308)
(0.4 0.4466211578 0.5756844308)
(0.5 0.4466211578 0.5756844308)
(0.6 0.4466211578 0.5756844308)
(0.7 0.4466211578 0.5756844308)
(0.8 0.4466211578 0.5756844308)
(0.9 0.4466211578 0.5756844308)
(1 0.4466211578 0.5756844308)
(1.1 0.4466211578 0.5756844308)
(1.2 0.4466211578 0.5756844308)
(1.3 0.4466211578 0.5756844308)
(1.4 0.4466211578 0.5756844308)
(1.5 0.4466211578 0.5756844308)
(1.6 0.4466211578 0.5756844308)
(1.7 0.4466211578 0.5756844308)
(1.8 0.4466211578 0.5756844308)
(1.9 0.4466211578 0.5756844308)
(2 0.4466211578 0.5756844308)
(0 0.4867908358 0.5756844308)
(0.1 0.4867908358 0.5756844308)
(0.2 0.4867908358 0.5756844308)
(0.3 0.4867908358 0.5756844308)
(0.4 0.4867908358 0.5756844308)
(0.5 0.4867908358 0.5756844308)
(0.6 0.4867908358 0.5756844308)
(0.7 0.4867908358 0.5756844308)
(0.8 0.4867908358 0.5756844308)
(0.9 0.4867908358 0.5756844308)
(1 0.4867908358 0.5756844308)
(1.1 0.4867908358 0.5756844308)
(1.2 0.4867908358 0.5756844308)
(1.3 0.4867908358 0.5756844308)
(1.4 0.4867908358 0.5756844308)
(1.5 0.4867908358 0.5756844308)
(1.6 0.4867908358 0.5756844308)
(1.7 0.4867908358 0.5756844308)
(1.8 0.4867908358 0.5756844308)
(1.9 0.4867908358 0.5756844308)
(2 0.4867908358 0.5756844308)
(0 0.529747474 0.5756844308)
(0.1 0.529747474 0.5756844308)
(0.2 0.529747474 0.5756844308)
(0.3 0.529747474 0.5756844308)
(0.4 0.529747474 0.5756844308)
(0.5 0.529747474 0.5756844308)
(0.6 0.529747474 0.5756844308)
(0.7 0.529747474 0.5756844308)
(0.8 0.529747474 0.5756844308)
(0.9 0.529747474 0.5756844308)
(1 0.529747474 0.5756844308)
(1.1 0.529747474 0.5756844308)
(1.2 0.529747474 0.5756844308)
(1.3 0.529747474 0.5756844308)
(1.4 0.529747474 0.5756844308)
(1.5 0.529747474 0.5756844308)
(1.6 0.529747474 0.5756844308)
(1.7 0.529747474 0.5756844308)
(1.8 0.529747474 0.5756844308)
(1.9 0.529747474 0.5756844308)
(2 0.529747474 0.5756844308)
(0 0.5756844308 0.5756844308)
(0.1 0.5756844308 0.5756844308)
(0.2 0.5756844308 0.5756844308)
(0.3 0.5756844308 0.5756844308)
(0.4 0.5756844308 0.5756844308)
(0.5 0.5756844308 0.5756844308)
(0.6 0.5756844308 0.5756844308)
(0.7 0.5756844308 0.5756844308)
(0.8 0.5756844308 0.5756844308)
(0.9 0.5756844308 0.5756844308)
(1 0.5756844308 0.5756844308)
(1.1 0.5756844308 0.5756844308)
(1.2 0.5756844308 0.5756844308)
(1.3 0.5756844308 0.5756844308)
(1.4 0.5756844308 0.5756844308)
(1.5 0.5756844308 0.5756844308)
(1.6 0.5756844308 0.5756844308)
(1.7 0.5756844308 0.5756844308)
(1.8 0.5756844308 0.5756844308)
(1.9 0.5756844308 0.5756844308)
(2 0.5756844308 0.5756844308)
(0 0.6248084798 0.5756844308)
(0.1 0.6248084798 0.5756844308)
(0.2 0.6248084798 0.5756844308)
(0.3 0.6248084798 0.5756844308)
(0.4 0.6248084798 0.5756844308)
(0.5 0.6248084798 0.5756844308)
(0.6 0.6248084798 0.5756844308)
(0.7 0.6248084798 0.5756844308)
(0.8 0.6248084798 0.5756844308)
(0.9 0.6248084798 0.5756844308)
(1 0.6248084798 0.5756844308)
(1.1 0.6248084798 0.5756844308)
(1.2 0.6248084798 0.5756844308)
(1.3 0.6248084798 0.5756844308)
(1.4 0.6248084798 0.5756844308)
(1.5 0.6248084798 0.5756844308)
(1.6 0.6248084798 0.5756844308)
(1.7 0.6248084798 0.5756844308)
(1.8 0.6248084798 0.5756844308)
(1.9 0.6248084798 0.5756844308)
(2 0.6248084798 0.5756844308)
(0 0.6773407405 0.5756844308)
(0.1 0.6773407405 0.5756844308)
(0.2 0.6773407405 0.5756844308)
(0.3 0.6773407405 0.5756844308)
(0.4 0.6773407405 0.5756844308)
(0.5 0.6773407405 0.5756844308)
(0.6 0.6773407405 0.5756844308)
(0.7 0.6773407405 0.5756844308)
(0.8 0.6773407405 0.5756844308)
(0.9 0.6773407405 0.5756844308)
(1 0.6773407405 0.5756844308)
(1.1 0.6773407405 0.5756844308)
(1.2 0.6773407405 0.5756844308)
(1.3 0.6773407405 0.5756844308)
(1.4 0.6773407405 0.5756844308)
(1.5 0.6773407405 0.5756844308)
(1.6 0.6773407405 0.5756844308)
(1.7 0.6773407405 0.5756844308)
(1.8 0.6773407405 0.5756844308)
(1.9 0.6773407405 0.5756844308)
(2 0.6773407405 0.5756844308)
(0 0.7335176736 0.5756844308)
(0.1 0.7335176736 0.5756844308)
(0.2 0.7335176736 0.5756844308)
(0.3 0.7335176736 0.5756844308)
(0.4 0.7335176736 0.5756844308)
(0.5 0.7335176736 0.5756844308)
(0.6 0.7335176736 0.5756844308)
(0.7 0.7335176736 0.5756844308)
(0.8 0.7335176736 0.5756844308)
(0.9 0.7335176736 0.5756844308)
(1 0.7335176736 0.5756844308)
(1.1 0.7335176736 0.5756844308)
(1.2 0.7335176736 0.5756844308)
(1.3 0.7335176736 0.5756844308)
(1.4 0.7335176736 0.5756844308)
(1.5 0.7335176736 0.5756844308)
(1.6 0.7335176736 0.5756844308)
(1.7 0.7335176736 0.5756844308)
(1.8 0.7335176736 0.5756844308)
(1.9 0.7335176736 0.5756844308)
(2 0.7335176736 0.5756844308)
(0 0.7935921454 0.5756844308)
(0.1 0.7935921454 0.5756844308)
(0.2 0.7935921454 0.5756844308)
(0.3 0.7935921454 0.5756844308)
(0.4 0.7935921454 0.5756844308)
(0.5 0.7935921454 0.5756844308)
(0.6 0.7935921454 0.5756844308)
(0.7 0.7935921454 0.5756844308)
(0.8 0.7935921454 0.5756844308)
(0.9 0.7935921454 0.5756844308)
(1 0.7935921454 0.5756844308)
(1.1 0.7935921454 0.5756844308)
(1.2 0.7935921454 0.5756844308)
(1.3 0.7935921454 0.5756844308)
(1.4 0.7935921454 0.5756844308)
(1.5 0.7935921454 0.5756844308)
(1.6 0.7935921454 0.5756844308)
(1.7 0.7935921454 0.5756844308)
(1.8 0.7935921454 0.5756844308)
(1.9 0.7935921454 0.5756844308)
(2 0.7935921454 0.5756844308)
(0 0.857834566 0.5756844308)
(0.1 0.857834566 0.5756844308)
(0.2 0.857834566 0.5756844308)
(0.3 0.857834566 0.5756844308)
(0.4 0.857834566 0.5756844308)
(0.5 0.857834566 0.5756844308)
(0.6 0.857834566 0.5756844308)
(0.7 0.857834566 0.5756844308)
(0.8 0.857834566 0.5756844308)
(0.9 0.857834566 0.5756844308)
(1 0.857834566 0.5756844308)
(1.1 0.857834566 0.5756844308)
(1.2 0.857834566 0.5756844308)
(1.3 0.857834566 0.5756844308)
(1.4 0.857834566 0.5756844308)
(1.5 0.857834566 0.5756844308)
(1.6 0.857834566 0.5756844308)
(1.7 0.857834566 0.5756844308)
(1.8 0.857834566 0.5756844308)
(1.9 0.857834566 0.5756844308)
(2 0.857834566 0.5756844308)
(0 0.9265341063 0.5756844308)
(0.1 0.9265341063 0.5756844308)
(0.2 0.9265341063 0.5756844308)
(0.3 0.9265341063 0.5756844308)
(0.4 0.9265341063 0.5756844308)
(0.5 0.9265341063 0.5756844308)
(0.6 0.9265341063 0.5756844308)
(0.7 0.9265341063 0.5756844308)
(0.8 0.9265341063 0.5756844308)
(0.9 0.9265341063 0.5756844308)
(1 0.9265341063 0.5756844308)
(1.1 0.9265341063 0.5756844308)
(1.2 0.9265341063 0.5756844308)
(1.3 0.9265341063 0.5756844308)
(1.4 0.9265341063 0.5756844308)
(1.5 0.9265341063 0.5756844308)
(1.6 0.9265341063 0.5756844308)
(1.7 0.9265341063 0.5756844308)
(1.8 0.9265341063 0.5756844308)
(1.9 0.9265341063 0.5756844308)
(2 0.9265341063 0.5756844308)
(0 1 0.5756844308)
(0.1 1 0.5756844308)
(0.2 1 0.5756844308)
(0.3 1 0.5756844308)
(0.4 1 0.5756844308)
(0.5 1 0.5756844308)
(0.6 1 0.5756844308)
(0.7 1 0.5756844308)
(0.8 1 0.5756844308)
(0.9 1 0.5756844308)
(1 1 0.5756844308)
(1.1 1 0.5756844308)
(1.2 1 0.5756844308)
(1.3 1 0.5756844308)
(1.4 1 0.5756844308)
(1.5 1 0.5756844308)
(1.6 1 0.5756844308)
(1.7 1 0.5756844308)
(1.8 1 0.5756844308)
(1.9 1 0.5756844308)
(2 1 0.5756844308)
(0 0 0.6248084798)
(0.1 0 0.6248084798)
(0.2 0 0.6248084798)
(0.3 0 0.6248084798)
(0.4 0 0.6248084798)
(0.5 0 0.6248084798)
(0.6 0 0.6248084798)
(0.7 0 0.6248084798)
(0.8 0 0.6248084798)
(0.9 0 0.6248084798)
(1 0 0.6248084798)
(1.1 0 0.6248084798)
(1.2 0 0.6248084798)
(1.3 0 0.6248084798)
(1.4 0 0.6248084798)
(1.5 0 0.6248084798)
(1.6 0 0.6248084798)
(1.7 0 0.6248084798)
(1.8 0 0.6248084798)
(1.9 0 0.6248084798)
(2 0 0.6248084798)
(0 0.009183236716 0.6248084798)
(0.1 0.009183236716 0.6248084798)
(0.2 0.009183236716 0.6248084798)
(0.3 0.009183236716 0.6248084798)
(0.4 0.009183236716 0.6248084798)
(0.5 0.009183236716 0.6248084798)
(0.6 0.009183236716 0.6248084798)
(0.7 0.009183236716 0.6248084798)
(0.8 0.009183236716 0.6248084798)
(0.9 0.009183236716 0.6248084798)
(1 0.009183236716 0.6248084798)
(1.1 0.009183236716 0.6248084798)
(1.2 0.009183236716 0.6248084798)
(1.3 0.009183236716 0.6248084798)
(1.4 0.009183236716 0.6248084798)
(1.5 0.009183236716 0.6248084798)
(1.6 0.009183236716 0.6248084798)
(1.7 0.009183236716 0.6248084798)
(1.8 0.009183236716 0.6248084798)
(1.9 0.009183236716 0.6248084798)
(2 0.009183236716 0.6248084798)
(0 0.01900360363 0.6248084798)
(0.1 0.01900360363 0.6248084798)
(0.2 0.01900360363 0.6248084798)
(0.3 0.01900360363 0.6248084798)
(0.4 0.01900360363 0.6248084798)
(0.5 0.01900360363 0.6248084798)
(0.6 0.01900360363 0.6248084798)
(0.7 0.01900360363 0.6248084798)
(0.8 0.01900360363 0.6248084798)
(0.9 0.01900360363 0.6248084798)
(1 0.01900360363 0.6248084798)
(1.1 0.01900360363 0.6248084798)
(1.2 0.01900360363 0.6248084798)
(1.3 0.01900360363 0.6248084798)
(1.4 0.01900360363 0.6248084798)
(1.5 0.01900360363 0.6248084798)
(1.6 0.01900360363 0.6248084798)
(1.7 0.01900360363 0.6248084798)
(1.8 0.01900360363 0.6248084798)
(1.9 0.01900360363 0.6248084798)
(2 0.01900360363 0.6248084798)
(0 0.02950530463 0.6248084798)
(0.1 0.02950530463 0.6248084798)
(0.2 0.02950530463 0.6248084798)
(0.3 0.02950530463 0.6248084798)
(0.4 0.02950530463 0.6248084798)
(0.5 0.02950530463 0.6248084798)
(0.6 0.02950530463 0.6248084798)
(0.7 0.02950530463 0.6248084798)
(0.8 0.02950530463 0.6248084798)
(0.9 0.02950530463 0.6248084798)
(1 0.02950530463 0.6248084798)
(1.1 0.02950530463 0.6248084798)
(1.2 0.02950530463 0.6248084798)
(1.3 0.02950530463 0.6248084798)
(1.4 0.02950530463 0.6248084798)
(1.5 0.02950530463 0.6248084798)
(1.6 0.02950530463 0.6248084798)
(1.7 0.02950530463 0.6248084798)
(1.8 0.02950530463 0.6248084798)
(1.9 0.02950530463 0.6248084798)
(2 0.02950530463 0.6248084798)
(0 0.04073561049 0.6248084798)
(0.1 0.04073561049 0.6248084798)
(0.2 0.04073561049 0.6248084798)
(0.3 0.04073561049 0.6248084798)
(0.4 0.04073561049 0.6248084798)
(0.5 0.04073561049 0.6248084798)
(0.6 0.04073561049 0.6248084798)
(0.7 0.04073561049 0.6248084798)
(0.8 0.04073561049 0.6248084798)
(0.9 0.04073561049 0.6248084798)
(1 0.04073561049 0.6248084798)
(1.1 0.04073561049 0.6248084798)
(1.2 0.04073561049 0.6248084798)
(1.3 0.04073561049 0.6248084798)
(1.4 0.04073561049 0.6248084798)
(1.5 0.04073561049 0.6248084798)
(1.6 0.04073561049 0.6248084798)
(1.7 0.04073561049 0.6248084798)
(1.8 0.04073561049 0.6248084798)
(1.9 0.04073561049 0.6248084798)
(2 0.04073561049 0.6248084798)
(0 0.05274507158 0.6248084798)
(0.1 0.05274507158 0.6248084798)
(0.2 0.05274507158 0.6248084798)
(0.3 0.05274507158 0.6248084798)
(0.4 0.05274507158 0.6248084798)
(0.5 0.05274507158 0.6248084798)
(0.6 0.05274507158 0.6248084798)
(0.7 0.05274507158 0.6248084798)
(0.8 0.05274507158 0.6248084798)
(0.9 0.05274507158 0.6248084798)
(1 0.05274507158 0.6248084798)
(1.1 0.05274507158 0.6248084798)
(1.2 0.05274507158 0.6248084798)
(1.3 0.05274507158 0.6248084798)
(1.4 0.05274507158 0.6248084798)
(1.5 0.05274507158 0.6248084798)
(1.6 0.05274507158 0.6248084798)
(1.7 0.05274507158 0.6248084798)
(1.8 0.05274507158 0.6248084798)
(1.9 0.05274507158 0.6248084798)
(2 0.05274507158 0.6248084798)
(0 0.06558774547 0.6248084798)
(0.1 0.06558774547 0.6248084798)
(0.2 0.06558774547 0.6248084798)
(0.3 0.06558774547 0.6248084798)
(0.4 0.06558774547 0.6248084798)
(0.5 0.06558774547 0.6248084798)
(0.6 0.06558774547 0.6248084798)
(0.7 0.06558774547 0.6248084798)
(0.8 0.06558774547 0.6248084798)
(0.9 0.06558774547 0.6248084798)
(1 0.06558774547 0.6248084798)
(1.1 0.06558774547 0.6248084798)
(1.2 0.06558774547 0.6248084798)
(1.3 0.06558774547 0.6248084798)
(1.4 0.06558774547 0.6248084798)
(1.5 0.06558774547 0.6248084798)
(1.6 0.06558774547 0.6248084798)
(1.7 0.06558774547 0.6248084798)
(1.8 0.06558774547 0.6248084798)
(1.9 0.06558774547 0.6248084798)
(2 0.06558774547 0.6248084798)
(0 0.07932144019 0.6248084798)
(0.1 0.07932144019 0.6248084798)
(0.2 0.07932144019 0.6248084798)
(0.3 0.07932144019 0.6248084798)
(0.4 0.07932144019 0.6248084798)
(0.5 0.07932144019 0.6248084798)
(0.6 0.07932144019 0.6248084798)
(0.7 0.07932144019 0.6248084798)
(0.8 0.07932144019 0.6248084798)
(0.9 0.07932144019 0.6248084798)
(1 0.07932144019 0.6248084798)
(1.1 0.07932144019 0.6248084798)
(1.2 0.07932144019 0.6248084798)
(1.3 0.07932144019 0.6248084798)
(1.4 0.07932144019 0.6248084798)
(1.5 0.07932144019 0.6248084798)
(1.6 0.07932144019 0.6248084798)
(1.7 0.07932144019 0.6248084798)
(1.8 0.07932144019 0.6248084798)
(1.9 0.07932144019 0.6248084798)
(2 0.07932144019 0.6248084798)
(0 0.09400797452 0.6248084798)
(0.1 0.09400797452 0.6248084798)
(0.2 0.09400797452 0.6248084798)
(0.3 0.09400797452 0.6248084798)
(0.4 0.09400797452 0.6248084798)
(0.5 0.09400797452 0.6248084798)
(0.6 0.09400797452 0.6248084798)
(0.7 0.09400797452 0.6248084798)
(0.8 0.09400797452 0.6248084798)
(0.9 0.09400797452 0.6248084798)
(1 0.09400797452 0.6248084798)
(1.1 0.09400797452 0.6248084798)
(1.2 0.09400797452 0.6248084798)
(1.3 0.09400797452 0.6248084798)
(1.4 0.09400797452 0.6248084798)
(1.5 0.09400797452 0.6248084798)
(1.6 0.09400797452 0.6248084798)
(1.7 0.09400797452 0.6248084798)
(1.8 0.09400797452 0.6248084798)
(1.9 0.09400797452 0.6248084798)
(2 0.09400797452 0.6248084798)
(0 0.1097134562 0.6248084798)
(0.1 0.1097134562 0.6248084798)
(0.2 0.1097134562 0.6248084798)
(0.3 0.1097134562 0.6248084798)
(0.4 0.1097134562 0.6248084798)
(0.5 0.1097134562 0.6248084798)
(0.6 0.1097134562 0.6248084798)
(0.7 0.1097134562 0.6248084798)
(0.8 0.1097134562 0.6248084798)
(0.9 0.1097134562 0.6248084798)
(1 0.1097134562 0.6248084798)
(1.1 0.1097134562 0.6248084798)
(1.2 0.1097134562 0.6248084798)
(1.3 0.1097134562 0.6248084798)
(1.4 0.1097134562 0.6248084798)
(1.5 0.1097134562 0.6248084798)
(1.6 0.1097134562 0.6248084798)
(1.7 0.1097134562 0.6248084798)
(1.8 0.1097134562 0.6248084798)
(1.9 0.1097134562 0.6248084798)
(2 0.1097134562 0.6248084798)
(0 0.1265085794 0.6248084798)
(0.1 0.1265085794 0.6248084798)
(0.2 0.1265085794 0.6248084798)
(0.3 0.1265085794 0.6248084798)
(0.4 0.1265085794 0.6248084798)
(0.5 0.1265085794 0.6248084798)
(0.6 0.1265085794 0.6248084798)
(0.7 0.1265085794 0.6248084798)
(0.8 0.1265085794 0.6248084798)
(0.9 0.1265085794 0.6248084798)
(1 0.1265085794 0.6248084798)
(1.1 0.1265085794 0.6248084798)
(1.2 0.1265085794 0.6248084798)
(1.3 0.1265085794 0.6248084798)
(1.4 0.1265085794 0.6248084798)
(1.5 0.1265085794 0.6248084798)
(1.6 0.1265085794 0.6248084798)
(1.7 0.1265085794 0.6248084798)
(1.8 0.1265085794 0.6248084798)
(1.9 0.1265085794 0.6248084798)
(2 0.1265085794 0.6248084798)
(0 0.1444689432 0.6248084798)
(0.1 0.1444689432 0.6248084798)
(0.2 0.1444689432 0.6248084798)
(0.3 0.1444689432 0.6248084798)
(0.4 0.1444689432 0.6248084798)
(0.5 0.1444689432 0.6248084798)
(0.6 0.1444689432 0.6248084798)
(0.7 0.1444689432 0.6248084798)
(0.8 0.1444689432 0.6248084798)
(0.9 0.1444689432 0.6248084798)
(1 0.1444689432 0.6248084798)
(1.1 0.1444689432 0.6248084798)
(1.2 0.1444689432 0.6248084798)
(1.3 0.1444689432 0.6248084798)
(1.4 0.1444689432 0.6248084798)
(1.5 0.1444689432 0.6248084798)
(1.6 0.1444689432 0.6248084798)
(1.7 0.1444689432 0.6248084798)
(1.8 0.1444689432 0.6248084798)
(1.9 0.1444689432 0.6248084798)
(2 0.1444689432 0.6248084798)
(0 0.1636753917 0.6248084798)
(0.1 0.1636753917 0.6248084798)
(0.2 0.1636753917 0.6248084798)
(0.3 0.1636753917 0.6248084798)
(0.4 0.1636753917 0.6248084798)
(0.5 0.1636753917 0.6248084798)
(0.6 0.1636753917 0.6248084798)
(0.7 0.1636753917 0.6248084798)
(0.8 0.1636753917 0.6248084798)
(0.9 0.1636753917 0.6248084798)
(1 0.1636753917 0.6248084798)
(1.1 0.1636753917 0.6248084798)
(1.2 0.1636753917 0.6248084798)
(1.3 0.1636753917 0.6248084798)
(1.4 0.1636753917 0.6248084798)
(1.5 0.1636753917 0.6248084798)
(1.6 0.1636753917 0.6248084798)
(1.7 0.1636753917 0.6248084798)
(1.8 0.1636753917 0.6248084798)
(1.9 0.1636753917 0.6248084798)
(2 0.1636753917 0.6248084798)
(0 0.1842143777 0.6248084798)
(0.1 0.1842143777 0.6248084798)
(0.2 0.1842143777 0.6248084798)
(0.3 0.1842143777 0.6248084798)
(0.4 0.1842143777 0.6248084798)
(0.5 0.1842143777 0.6248084798)
(0.6 0.1842143777 0.6248084798)
(0.7 0.1842143777 0.6248084798)
(0.8 0.1842143777 0.6248084798)
(0.9 0.1842143777 0.6248084798)
(1 0.1842143777 0.6248084798)
(1.1 0.1842143777 0.6248084798)
(1.2 0.1842143777 0.6248084798)
(1.3 0.1842143777 0.6248084798)
(1.4 0.1842143777 0.6248084798)
(1.5 0.1842143777 0.6248084798)
(1.6 0.1842143777 0.6248084798)
(1.7 0.1842143777 0.6248084798)
(1.8 0.1842143777 0.6248084798)
(1.9 0.1842143777 0.6248084798)
(2 0.1842143777 0.6248084798)
(0 0.2061783524 0.6248084798)
(0.1 0.2061783524 0.6248084798)
(0.2 0.2061783524 0.6248084798)
(0.3 0.2061783524 0.6248084798)
(0.4 0.2061783524 0.6248084798)
(0.5 0.2061783524 0.6248084798)
(0.6 0.2061783524 0.6248084798)
(0.7 0.2061783524 0.6248084798)
(0.8 0.2061783524 0.6248084798)
(0.9 0.2061783524 0.6248084798)
(1 0.2061783524 0.6248084798)
(1.1 0.2061783524 0.6248084798)
(1.2 0.2061783524 0.6248084798)
(1.3 0.2061783524 0.6248084798)
(1.4 0.2061783524 0.6248084798)
(1.5 0.2061783524 0.6248084798)
(1.6 0.2061783524 0.6248084798)
(1.7 0.2061783524 0.6248084798)
(1.8 0.2061783524 0.6248084798)
(1.9 0.2061783524 0.6248084798)
(2 0.2061783524 0.6248084798)
(0 0.2296661811 0.6248084798)
(0.1 0.2296661811 0.6248084798)
(0.2 0.2296661811 0.6248084798)
(0.3 0.2296661811 0.6248084798)
(0.4 0.2296661811 0.6248084798)
(0.5 0.2296661811 0.6248084798)
(0.6 0.2296661811 0.6248084798)
(0.7 0.2296661811 0.6248084798)
(0.8 0.2296661811 0.6248084798)
(0.9 0.2296661811 0.6248084798)
(1 0.2296661811 0.6248084798)
(1.1 0.2296661811 0.6248084798)
(1.2 0.2296661811 0.6248084798)
(1.3 0.2296661811 0.6248084798)
(1.4 0.2296661811 0.6248084798)
(1.5 0.2296661811 0.6248084798)
(1.6 0.2296661811 0.6248084798)
(1.7 0.2296661811 0.6248084798)
(1.8 0.2296661811 0.6248084798)
(1.9 0.2296661811 0.6248084798)
(2 0.2296661811 0.6248084798)
(0 0.2547835882 0.6248084798)
(0.1 0.2547835882 0.6248084798)
(0.2 0.2547835882 0.6248084798)
(0.3 0.2547835882 0.6248084798)
(0.4 0.2547835882 0.6248084798)
(0.5 0.2547835882 0.6248084798)
(0.6 0.2547835882 0.6248084798)
(0.7 0.2547835882 0.6248084798)
(0.8 0.2547835882 0.6248084798)
(0.9 0.2547835882 0.6248084798)
(1 0.2547835882 0.6248084798)
(1.1 0.2547835882 0.6248084798)
(1.2 0.2547835882 0.6248084798)
(1.3 0.2547835882 0.6248084798)
(1.4 0.2547835882 0.6248084798)
(1.5 0.2547835882 0.6248084798)
(1.6 0.2547835882 0.6248084798)
(1.7 0.2547835882 0.6248084798)
(1.8 0.2547835882 0.6248084798)
(1.9 0.2547835882 0.6248084798)
(2 0.2547835882 0.6248084798)
(0 0.2816436335 0.6248084798)
(0.1 0.2816436335 0.6248084798)
(0.2 0.2816436335 0.6248084798)
(0.3 0.2816436335 0.6248084798)
(0.4 0.2816436335 0.6248084798)
(0.5 0.2816436335 0.6248084798)
(0.6 0.2816436335 0.6248084798)
(0.7 0.2816436335 0.6248084798)
(0.8 0.2816436335 0.6248084798)
(0.9 0.2816436335 0.6248084798)
(1 0.2816436335 0.6248084798)
(1.1 0.2816436335 0.6248084798)
(1.2 0.2816436335 0.6248084798)
(1.3 0.2816436335 0.6248084798)
(1.4 0.2816436335 0.6248084798)
(1.5 0.2816436335 0.6248084798)
(1.6 0.2816436335 0.6248084798)
(1.7 0.2816436335 0.6248084798)
(1.8 0.2816436335 0.6248084798)
(1.9 0.2816436335 0.6248084798)
(2 0.2816436335 0.6248084798)
(0 0.3103672206 0.6248084798)
(0.1 0.3103672206 0.6248084798)
(0.2 0.3103672206 0.6248084798)
(0.3 0.3103672206 0.6248084798)
(0.4 0.3103672206 0.6248084798)
(0.5 0.3103672206 0.6248084798)
(0.6 0.3103672206 0.6248084798)
(0.7 0.3103672206 0.6248084798)
(0.8 0.3103672206 0.6248084798)
(0.9 0.3103672206 0.6248084798)
(1 0.3103672206 0.6248084798)
(1.1 0.3103672206 0.6248084798)
(1.2 0.3103672206 0.6248084798)
(1.3 0.3103672206 0.6248084798)
(1.4 0.3103672206 0.6248084798)
(1.5 0.3103672206 0.6248084798)
(1.6 0.3103672206 0.6248084798)
(1.7 0.3103672206 0.6248084798)
(1.8 0.3103672206 0.6248084798)
(1.9 0.3103672206 0.6248084798)
(2 0.3103672206 0.6248084798)
(0 0.3410836415 0.6248084798)
(0.1 0.3410836415 0.6248084798)
(0.2 0.3410836415 0.6248084798)
(0.3 0.3410836415 0.6248084798)
(0.4 0.3410836415 0.6248084798)
(0.5 0.3410836415 0.6248084798)
(0.6 0.3410836415 0.6248084798)
(0.7 0.3410836415 0.6248084798)
(0.8 0.3410836415 0.6248084798)
(0.9 0.3410836415 0.6248084798)
(1 0.3410836415 0.6248084798)
(1.1 0.3410836415 0.6248084798)
(1.2 0.3410836415 0.6248084798)
(1.3 0.3410836415 0.6248084798)
(1.4 0.3410836415 0.6248084798)
(1.5 0.3410836415 0.6248084798)
(1.6 0.3410836415 0.6248084798)
(1.7 0.3410836415 0.6248084798)
(1.8 0.3410836415 0.6248084798)
(1.9 0.3410836415 0.6248084798)
(2 0.3410836415 0.6248084798)
(0 0.3739311585 0.6248084798)
(0.1 0.3739311585 0.6248084798)
(0.2 0.3739311585 0.6248084798)
(0.3 0.3739311585 0.6248084798)
(0.4 0.3739311585 0.6248084798)
(0.5 0.3739311585 0.6248084798)
(0.6 0.3739311585 0.6248084798)
(0.7 0.3739311585 0.6248084798)
(0.8 0.3739311585 0.6248084798)
(0.9 0.3739311585 0.6248084798)
(1 0.3739311585 0.6248084798)
(1.1 0.3739311585 0.6248084798)
(1.2 0.3739311585 0.6248084798)
(1.3 0.3739311585 0.6248084798)
(1.4 0.3739311585 0.6248084798)
(1.5 0.3739311585 0.6248084798)
(1.6 0.3739311585 0.6248084798)
(1.7 0.3739311585 0.6248084798)
(1.8 0.3739311585 0.6248084798)
(1.9 0.3739311585 0.6248084798)
(2 0.3739311585 0.6248084798)
(0 0.4090576263 0.6248084798)
(0.1 0.4090576263 0.6248084798)
(0.2 0.4090576263 0.6248084798)
(0.3 0.4090576263 0.6248084798)
(0.4 0.4090576263 0.6248084798)
(0.5 0.4090576263 0.6248084798)
(0.6 0.4090576263 0.6248084798)
(0.7 0.4090576263 0.6248084798)
(0.8 0.4090576263 0.6248084798)
(0.9 0.4090576263 0.6248084798)
(1 0.4090576263 0.6248084798)
(1.1 0.4090576263 0.6248084798)
(1.2 0.4090576263 0.6248084798)
(1.3 0.4090576263 0.6248084798)
(1.4 0.4090576263 0.6248084798)
(1.5 0.4090576263 0.6248084798)
(1.6 0.4090576263 0.6248084798)
(1.7 0.4090576263 0.6248084798)
(1.8 0.4090576263 0.6248084798)
(1.9 0.4090576263 0.6248084798)
(2 0.4090576263 0.6248084798)
(0 0.4466211578 0.6248084798)
(0.1 0.4466211578 0.6248084798)
(0.2 0.4466211578 0.6248084798)
(0.3 0.4466211578 0.6248084798)
(0.4 0.4466211578 0.6248084798)
(0.5 0.4466211578 0.6248084798)
(0.6 0.4466211578 0.6248084798)
(0.7 0.4466211578 0.6248084798)
(0.8 0.4466211578 0.6248084798)
(0.9 0.4466211578 0.6248084798)
(1 0.4466211578 0.6248084798)
(1.1 0.4466211578 0.6248084798)
(1.2 0.4466211578 0.6248084798)
(1.3 0.4466211578 0.6248084798)
(1.4 0.4466211578 0.6248084798)
(1.5 0.4466211578 0.6248084798)
(1.6 0.4466211578 0.6248084798)
(1.7 0.4466211578 0.6248084798)
(1.8 0.4466211578 0.6248084798)
(1.9 0.4466211578 0.6248084798)
(2 0.4466211578 0.6248084798)
(0 0.4867908358 0.6248084798)
(0.1 0.4867908358 0.6248084798)
(0.2 0.4867908358 0.6248084798)
(0.3 0.4867908358 0.6248084798)
(0.4 0.4867908358 0.6248084798)
(0.5 0.4867908358 0.6248084798)
(0.6 0.4867908358 0.6248084798)
(0.7 0.4867908358 0.6248084798)
(0.8 0.4867908358 0.6248084798)
(0.9 0.4867908358 0.6248084798)
(1 0.4867908358 0.6248084798)
(1.1 0.4867908358 0.6248084798)
(1.2 0.4867908358 0.6248084798)
(1.3 0.4867908358 0.6248084798)
(1.4 0.4867908358 0.6248084798)
(1.5 0.4867908358 0.6248084798)
(1.6 0.4867908358 0.6248084798)
(1.7 0.4867908358 0.6248084798)
(1.8 0.4867908358 0.6248084798)
(1.9 0.4867908358 0.6248084798)
(2 0.4867908358 0.6248084798)
(0 0.529747474 0.6248084798)
(0.1 0.529747474 0.6248084798)
(0.2 0.529747474 0.6248084798)
(0.3 0.529747474 0.6248084798)
(0.4 0.529747474 0.6248084798)
(0.5 0.529747474 0.6248084798)
(0.6 0.529747474 0.6248084798)
(0.7 0.529747474 0.6248084798)
(0.8 0.529747474 0.6248084798)
(0.9 0.529747474 0.6248084798)
(1 0.529747474 0.6248084798)
(1.1 0.529747474 0.6248084798)
(1.2 0.529747474 0.6248084798)
(1.3 0.529747474 0.6248084798)
(1.4 0.529747474 0.6248084798)
(1.5 0.529747474 0.6248084798)
(1.6 0.529747474 0.6248084798)
(1.7 0.529747474 0.6248084798)
(1.8 0.529747474 0.6248084798)
(1.9 0.529747474 0.6248084798)
(2 0.529747474 0.6248084798)
(0 0.5756844308 0.6248084798)
(0.1 0.5756844308 0.6248084798)
(0.2 0.5756844308 0.6248084798)
(0.3 0.5756844308 0.6248084798)
(0.4 0.5756844308 0.6248084798)
(0.5 0.5756844308 0.6248084798)
(0.6 0.5756844308 0.6248084798)
(0.7 0.5756844308 0.6248084798)
(0.8 0.5756844308 0.6248084798)
(0.9 0.5756844308 0.6248084798)
(1 0.5756844308 0.6248084798)
(1.1 0.5756844308 0.6248084798)
(1.2 0.5756844308 0.6248084798)
(1.3 0.5756844308 0.6248084798)
(1.4 0.5756844308 0.6248084798)
(1.5 0.5756844308 0.6248084798)
(1.6 0.5756844308 0.6248084798)
(1.7 0.5756844308 0.6248084798)
(1.8 0.5756844308 0.6248084798)
(1.9 0.5756844308 0.6248084798)
(2 0.5756844308 0.6248084798)
(0 0.6248084798 0.6248084798)
(0.1 0.6248084798 0.6248084798)
(0.2 0.6248084798 0.6248084798)
(0.3 0.6248084798 0.6248084798)
(0.4 0.6248084798 0.6248084798)
(0.5 0.6248084798 0.6248084798)
(0.6 0.6248084798 0.6248084798)
(0.7 0.6248084798 0.6248084798)
(0.8 0.6248084798 0.6248084798)
(0.9 0.6248084798 0.6248084798)
(1 0.6248084798 0.6248084798)
(1.1 0.6248084798 0.6248084798)
(1.2 0.6248084798 0.6248084798)
(1.3 0.6248084798 0.6248084798)
(1.4 0.6248084798 0.6248084798)
(1.5 0.6248084798 0.6248084798)
(1.6 0.6248084798 0.6248084798)
(1.7 0.6248084798 0.6248084798)
(1.8 0.6248084798 0.6248084798)
(1.9 0.6248084798 0.6248084798)
(2 0.6248084798 0.6248084798)
(0 0.6773407405 0.6248084798)
(0.1 0.6773407405 0.6248084798)
(0.2 0.6773407405 0.6248084798)
(0.3 0.6773407405 0.6248084798)
(0.4 0.6773407405 0.6248084798)
(0.5 0.6773407405 0.6248084798)
(0.6 0.6773407405 0.6248084798)
(0.7 0.6773407405 0.6248084798)
(0.8 0.6773407405 0.6248084798)
(0.9 0.6773407405 0.6248084798)
(1 0.6773407405 0.6248084798)
(1.1 0.6773407405 0.6248084798)
(1.2 0.6773407405 0.6248084798)
(1.3 0.6773407405 0.6248084798)
(1.4 0.6773407405 0.6248084798)
(1.5 0.6773407405 0.6248084798)
(1.6 0.6773407405 0.6248084798)
(1.7 0.6773407405 0.6248084798)
(1.8 0.6773407405 0.6248084798)
(1.9 0.6773407405 0.6248084798)
(2 0.6773407405 0.6248084798)
(0 0.7335176736 0.6248084798)
(0.1 0.7335176736 0.6248084798)
(0.2 0.7335176736 0.6248084798)
(0.3 0.7335176736 0.6248084798)
(0.4 0.7335176736 0.6248084798)
(0.5 0.7335176736 0.6248084798)
(0.6 0.7335176736 0.6248084798)
(0.7 0.7335176736 0.6248084798)
(0.8 0.7335176736 0.6248084798)
(0.9 0.7335176736 0.6248084798)
(1 0.7335176736 0.6248084798)
(1.1 0.7335176736 0.6248084798)
(1.2 0.7335176736 0.6248084798)
(1.3 0.7335176736 0.6248084798)
(1.4 0.7335176736 0.6248084798)
(1.5 0.7335176736 0.6248084798)
(1.6 0.7335176736 0.6248084798)
(1.7 0.7335176736 0.6248084798)
(1.8 0.7335176736 0.6248084798)
(1.9 0.7335176736 0.6248084798)
(2 0.7335176736 0.6248084798)
(0 0.7935921454 0.6248084798)
(0.1 0.7935921454 0.6248084798)
(0.2 0.7935921454 0.6248084798)
(0.3 0.7935921454 0.6248084798)
(0.4 0.7935921454 0.6248084798)
(0.5 0.7935921454 0.6248084798)
(0.6 0.7935921454 0.6248084798)
(0.7 0.7935921454 0.6248084798)
(0.8 0.7935921454 0.6248084798)
(0.9 0.7935921454 0.6248084798)
(1 0.7935921454 0.6248084798)
(1.1 0.7935921454 0.6248084798)
(1.2 0.7935921454 0.6248084798)
(1.3 0.7935921454 0.6248084798)
(1.4 0.7935921454 0.6248084798)
(1.5 0.7935921454 0.6248084798)
(1.6 0.7935921454 0.6248084798)
(1.7 0.7935921454 0.6248084798)
(1.8 0.7935921454 0.6248084798)
(1.9 0.7935921454 0.6248084798)
(2 0.7935921454 0.6248084798)
(0 0.857834566 0.6248084798)
(0.1 0.857834566 0.6248084798)
(0.2 0.857834566 0.6248084798)
(0.3 0.857834566 0.6248084798)
(0.4 0.857834566 0.6248084798)
(0.5 0.857834566 0.6248084798)
(0.6 0.857834566 0.6248084798)
(0.7 0.857834566 0.6248084798)
(0.8 0.857834566 0.6248084798)
(0.9 0.857834566 0.6248084798)
(1 0.857834566 0.6248084798)
(1.1 0.857834566 0.6248084798)
(1.2 0.857834566 0.6248084798)
(1.3 0.857834566 0.6248084798)
(1.4 0.857834566 0.6248084798)
(1.5 0.857834566 0.6248084798)
(1.6 0.857834566 0.6248084798)
(1.7 0.857834566 0.6248084798)
(1.8 0.857834566 0.6248084798)
(1.9 0.857834566 0.6248084798)
(2 0.857834566 0.6248084798)
(0 0.9265341063 0.6248084798)
(0.1 0.9265341063 0.6248084798)
(0.2 0.9265341063 0.6248084798)
(0.3 0.9265341063 0.6248084798)
(0.4 0.9265341063 0.6248084798)
(0.5 0.9265341063 0.6248084798)
(0.6 0.9265341063 0.6248084798)
(0.7 0.9265341063 0.6248084798)
(0.8 0.9265341063 0.6248084798)
(0.9 0.9265341063 0.6248084798)
(1 0.9265341063 0.6248084798)
(1.1 0.9265341063 0.6248084798)
(1.2 0.9265341063 0.6248084798)
(1.3 0.9265341063 0.6248084798)
(1.4 0.9265341063 0.6248084798)
(1.5 0.9265341063 0.6248084798)
(1.6 0.9265341063 0.6248084798)
(1.7 0.9265341063 0.6248084798)
(1.8 0.9265341063 0.6248084798)
(1.9 0.9265341063 0.6248084798)
(2 0.9265341063 0.6248084798)
(0 1 0.6248084798)
(0.1 1 0.6248084798)
(0.2 1 0.6248084798)
(0.3 1 0.6248084798)
(0.4 1 0.6248084798)
(0.5 1 0.6248084798)
(0.6 1 0.6248084798)
(0.7 1 0.6248084798)
(0.8 1 0.6248084798)
(0.9 1 0.6248084798)
(1 1 0.6248084798)
(1.1 1 0.6248084798)
(1.2 1 0.6248084798)
(1.3 1 0.6248084798)
(1.4 1 0.6248084798)
(1.5 1 0.6248084798)
(1.6 1 0.6248084798)
(1.7 1 0.6248084798)
(1.8 1 0.6248084798)
(1.9 1 0.6248084798)
(2 1 0.6248084798)
(0 0 0.6773407405)
(0.1 0 0.6773407405)
(0.2 0 0.6773407405)
(0.3 0 0.6773407405)
(0.4 0 0.6773407405)
(0.5 0 0.6773407405)
(0.6 0 0.6773407405)
(0.7 0 0.6773407405)
(0.8 0 0.6773407405)
(0.9 0 0.6773407405)
(1 0 0.6773407405)
(1.1 0 0.6773407405)
(1.2 0 0.6773407405)
(1.3 0 0.6773407405)
(1.4 0 0.6773407405)
(1.5 0 0.6773407405)
(1.6 0 0.6773407405)
(1.7 0 0.6773407405)
(1.8 0 0.6773407405)
(1.9 0 0.6773407405)
(2 0 0.6773407405)
(0 0.009183236716 0.6773407405)
(0.1 0.009183236716 0.6773407405)
(0.2 0.009183236716 0.6773407405)
(0.3 0.009183236716 0.6773407405)
(0.4 0.009183236716 0.6773407405)
(0.5 0.009183236716 0.6773407405)
(0.6 0.009183236716 0.6773407405)
(0.7 0.009183236716 0.6773407405)
(0.8 0.009183236716 0.6773407405)
(0.9 0.009183236716 0.6773407405)
(1 0.009183236716 0.6773407405)
(1.1 0.009183236716 0.6773407405)
(1.2 0.009183236716 0.6773407405)
(1.3 0.009183236716 0.6773407405)
(1.4 0.009183236716 0.6773407405)
(1.5 0.009183236716 0.6773407405)
(1.6 0.009183236716 0.6773407405)
(1.7 0.009183236716 0.6773407405)
(1.8 0.009183236716 0.6773407405)
(1.9 0.009183236716 0.6773407405)
(2 0.009183236716 0.6773407405)
(0 0.01900360363 0.6773407405)
(0.1 0.01900360363 0.6773407405)
(0.2 0.01900360363 0.6773407405)
(0.3 0.01900360363 0.6773407405)
(0.4 0.01900360363 0.6773407405)
(0.5 0.01900360363 0.6773407405)
(0.6 0.01900360363 0.6773407405)
(0.7 0.01900360363 0.6773407405)
(0.8 0.01900360363 0.6773407405)
(0.9 0.01900360363 0.6773407405)
(1 0.01900360363 0.6773407405)
(1.1 0.01900360363 0.6773407405)
(1.2 0.01900360363 0.6773407405)
(1.3 0.01900360363 0.6773407405)
(1.4 0.01900360363 0.6773407405)
(1.5 0.01900360363 0.6773407405)
(1.6 0.01900360363 0.6773407405)
(1.7 0.01900360363 0.6773407405)
(1.8 0.01900360363 0.6773407405)
(1.9 0.01900360363 0.6773407405)
(2 0.01900360363 0.6773407405)
(0 0.02950530463 0.6773407405)
(0.1 0.02950530463 0.6773407405)
(0.2 0.02950530463 0.6773407405)
(0.3 0.02950530463 0.6773407405)
(0.4 0.02950530463 0.6773407405)
(0.5 0.02950530463 0.6773407405)
(0.6 0.02950530463 0.6773407405)
(0.7 0.02950530463 0.6773407405)
(0.8 0.02950530463 0.6773407405)
(0.9 0.02950530463 0.6773407405)
(1 0.02950530463 0.6773407405)
(1.1 0.02950530463 0.6773407405)
(1.2 0.02950530463 0.6773407405)
(1.3 0.02950530463 0.6773407405)
(1.4 0.02950530463 0.6773407405)
(1.5 0.02950530463 0.6773407405)
(1.6 0.02950530463 0.6773407405)
(1.7 0.02950530463 0.6773407405)
(1.8 0.02950530463 0.6773407405)
(1.9 0.02950530463 0.6773407405)
(2 0.02950530463 0.6773407405)
(0 0.04073561049 0.6773407405)
(0.1 0.04073561049 0.6773407405)
(0.2 0.04073561049 0.6773407405)
(0.3 0.04073561049 0.6773407405)
(0.4 0.04073561049 0.6773407405)
(0.5 0.04073561049 0.6773407405)
(0.6 0.04073561049 0.6773407405)
(0.7 0.04073561049 0.6773407405)
(0.8 0.04073561049 0.6773407405)
(0.9 0.04073561049 0.6773407405)
(1 0.04073561049 0.6773407405)
(1.1 0.04073561049 0.6773407405)
(1.2 0.04073561049 0.6773407405)
(1.3 0.04073561049 0.6773407405)
(1.4 0.04073561049 0.6773407405)
(1.5 0.04073561049 0.6773407405)
(1.6 0.04073561049 0.6773407405)
(1.7 0.04073561049 0.6773407405)
(1.8 0.04073561049 0.6773407405)
(1.9 0.04073561049 0.6773407405)
(2 0.04073561049 0.6773407405)
(0 0.05274507158 0.6773407405)
(0.1 0.05274507158 0.6773407405)
(0.2 0.05274507158 0.6773407405)
(0.3 0.05274507158 0.6773407405)
(0.4 0.05274507158 0.6773407405)
(0.5 0.05274507158 0.6773407405)
(0.6 0.05274507158 0.6773407405)
(0.7 0.05274507158 0.6773407405)
(0.8 0.05274507158 0.6773407405)
(0.9 0.05274507158 0.6773407405)
(1 0.05274507158 0.6773407405)
(1.1 0.05274507158 0.6773407405)
(1.2 0.05274507158 0.6773407405)
(1.3 0.05274507158 0.6773407405)
(1.4 0.05274507158 0.6773407405)
(1.5 0.05274507158 0.6773407405)
(1.6 0.05274507158 0.6773407405)
(1.7 0.05274507158 0.6773407405)
(1.8 0.05274507158 0.6773407405)
(1.9 0.05274507158 0.6773407405)
(2 0.05274507158 0.6773407405)
(0 0.06558774547 0.6773407405)
(0.1 0.06558774547 0.6773407405)
(0.2 0.06558774547 0.6773407405)
(0.3 0.06558774547 0.6773407405)
(0.4 0.06558774547 0.6773407405)
(0.5 0.06558774547 0.6773407405)
(0.6 0.06558774547 0.6773407405)
(0.7 0.06558774547 0.6773407405)
(0.8 0.06558774547 0.6773407405)
(0.9 0.06558774547 0.6773407405)
(1 0.06558774547 0.6773407405)
(1.1 0.06558774547 0.6773407405)
(1.2 0.06558774547 0.6773407405)
(1.3 0.06558774547 0.6773407405)
(1.4 0.06558774547 0.6773407405)
(1.5 0.06558774547 0.6773407405)
(1.6 0.06558774547 0.6773407405)
(1.7 0.06558774547 0.6773407405)
(1.8 0.06558774547 0.6773407405)
(1.9 0.06558774547 0.6773407405)
(2 0.06558774547 0.6773407405)
(0 0.07932144019 0.6773407405)
(0.1 0.07932144019 0.6773407405)
(0.2 0.07932144019 0.6773407405)
(0.3 0.07932144019 0.6773407405)
(0.4 0.07932144019 0.6773407405)
(0.5 0.07932144019 0.6773407405)
(0.6 0.07932144019 0.6773407405)
(0.7 0.07932144019 0.6773407405)
(0.8 0.07932144019 0.6773407405)
(0.9 0.07932144019 0.6773407405)
(1 0.07932144019 0.6773407405)
(1.1 0.07932144019 0.6773407405)
(1.2 0.07932144019 0.6773407405)
(1.3 0.07932144019 0.6773407405)
(1.4 0.07932144019 0.6773407405)
(1.5 0.07932144019 0.6773407405)
(1.6 0.07932144019 0.6773407405)
(1.7 0.07932144019 0.6773407405)
(1.8 0.07932144019 0.6773407405)
(1.9 0.07932144019 0.6773407405)
(2 0.07932144019 0.6773407405)
(0 0.09400797452 0.6773407405)
(0.1 0.09400797452 0.6773407405)
(0.2 0.09400797452 0.6773407405)
(0.3 0.09400797452 0.6773407405)
(0.4 0.09400797452 0.6773407405)
(0.5 0.09400797452 0.6773407405)
(0.6 0.09400797452 0.6773407405)
(0.7 0.09400797452 0.6773407405)
(0.8 0.09400797452 0.6773407405)
(0.9 0.09400797452 0.6773407405)
(1 0.09400797452 0.6773407405)
(1.1 0.09400797452 0.6773407405)
(1.2 0.09400797452 0.6773407405)
(1.3 0.09400797452 0.6773407405)
(1.4 0.09400797452 0.6773407405)
(1.5 0.09400797452 0.6773407405)
(1.6 0.09400797452 0.6773407405)
(1.7 0.09400797452 0.6773407405)
(1.8 0.09400797452 0.6773407405)
(1.9 0.09400797452 0.6773407405)
(2 0.09400797452 0.6773407405)
(0 0.1097134562 0.6773407405)
(0.1 0.1097134562 0.6773407405)
(0.2 0.1097134562 0.6773407405)
(0.3 0.1097134562 0.6773407405)
(0.4 0.1097134562 0.6773407405)
(0.5 0.1097134562 0.6773407405)
(0.6 0.1097134562 0.6773407405)
(0.7 0.1097134562 0.6773407405)
(0.8 0.1097134562 0.6773407405)
(0.9 0.1097134562 0.6773407405)
(1 0.1097134562 0.6773407405)
(1.1 0.1097134562 0.6773407405)
(1.2 0.1097134562 0.6773407405)
(1.3 0.1097134562 0.6773407405)
(1.4 0.1097134562 0.6773407405)
(1.5 0.1097134562 0.6773407405)
(1.6 0.1097134562 0.6773407405)
(1.7 0.1097134562 0.6773407405)
(1.8 0.1097134562 0.6773407405)
(1.9 0.1097134562 0.6773407405)
(2 0.1097134562 0.6773407405)
(0 0.1265085794 0.6773407405)
(0.1 0.1265085794 0.6773407405)
(0.2 0.1265085794 0.6773407405)
(0.3 0.1265085794 0.6773407405)
(0.4 0.1265085794 0.6773407405)
(0.5 0.1265085794 0.6773407405)
(0.6 0.1265085794 0.6773407405)
(0.7 0.1265085794 0.6773407405)
(0.8 0.1265085794 0.6773407405)
(0.9 0.1265085794 0.6773407405)
(1 0.1265085794 0.6773407405)
(1.1 0.1265085794 0.6773407405)
(1.2 0.1265085794 0.6773407405)
(1.3 0.1265085794 0.6773407405)
(1.4 0.1265085794 0.6773407405)
(1.5 0.1265085794 0.6773407405)
(1.6 0.1265085794 0.6773407405)
(1.7 0.1265085794 0.6773407405)
(1.8 0.1265085794 0.6773407405)
(1.9 0.1265085794 0.6773407405)
(2 0.1265085794 0.6773407405)
(0 0.1444689432 0.6773407405)
(0.1 0.1444689432 0.6773407405)
(0.2 0.1444689432 0.6773407405)
(0.3 0.1444689432 0.6773407405)
(0.4 0.1444689432 0.6773407405)
(0.5 0.1444689432 0.6773407405)
(0.6 0.1444689432 0.6773407405)
(0.7 0.1444689432 0.6773407405)
(0.8 0.1444689432 0.6773407405)
(0.9 0.1444689432 0.6773407405)
(1 0.1444689432 0.6773407405)
(1.1 0.1444689432 0.6773407405)
(1.2 0.1444689432 0.6773407405)
(1.3 0.1444689432 0.6773407405)
(1.4 0.1444689432 0.6773407405)
(1.5 0.1444689432 0.6773407405)
(1.6 0.1444689432 0.6773407405)
(1.7 0.1444689432 0.6773407405)
(1.8 0.1444689432 0.6773407405)
(1.9 0.1444689432 0.6773407405)
(2 0.1444689432 0.6773407405)
(0 0.1636753917 0.6773407405)
(0.1 0.1636753917 0.6773407405)
(0.2 0.1636753917 0.6773407405)
(0.3 0.1636753917 0.6773407405)
(0.4 0.1636753917 0.6773407405)
(0.5 0.1636753917 0.6773407405)
(0.6 0.1636753917 0.6773407405)
(0.7 0.1636753917 0.6773407405)
(0.8 0.1636753917 0.6773407405)
(0.9 0.1636753917 0.6773407405)
(1 0.1636753917 0.6773407405)
(1.1 0.1636753917 0.6773407405)
(1.2 0.1636753917 0.6773407405)
(1.3 0.1636753917 0.6773407405)
(1.4 0.1636753917 0.6773407405)
(1.5 0.1636753917 0.6773407405)
(1.6 0.1636753917 0.6773407405)
(1.7 0.1636753917 0.6773407405)
(1.8 0.1636753917 0.6773407405)
(1.9 0.1636753917 0.6773407405)
(2 0.1636753917 0.6773407405)
(0 0.1842143777 0.6773407405)
(0.1 0.1842143777 0.6773407405)
(0.2 0.1842143777 0.6773407405)
(0.3 0.1842143777 0.6773407405)
(0.4 0.1842143777 0.6773407405)
(0.5 0.1842143777 0.6773407405)
(0.6 0.1842143777 0.6773407405)
(0.7 0.1842143777 0.6773407405)
(0.8 0.1842143777 0.6773407405)
(0.9 0.1842143777 0.6773407405)
(1 0.1842143777 0.6773407405)
(1.1 0.1842143777 0.6773407405)
(1.2 0.1842143777 0.6773407405)
(1.3 0.1842143777 0.6773407405)
(1.4 0.1842143777 0.6773407405)
(1.5 0.1842143777 0.6773407405)
(1.6 0.1842143777 0.6773407405)
(1.7 0.1842143777 0.6773407405)
(1.8 0.1842143777 0.6773407405)
(1.9 0.1842143777 0.6773407405)
(2 0.1842143777 0.6773407405)
(0 0.2061783524 0.6773407405)
(0.1 0.2061783524 0.6773407405)
(0.2 0.2061783524 0.6773407405)
(0.3 0.2061783524 0.6773407405)
(0.4 0.2061783524 0.6773407405)
(0.5 0.2061783524 0.6773407405)
(0.6 0.2061783524 0.6773407405)
(0.7 0.2061783524 0.6773407405)
(0.8 0.2061783524 0.6773407405)
(0.9 0.2061783524 0.6773407405)
(1 0.2061783524 0.6773407405)
(1.1 0.2061783524 0.6773407405)
(1.2 0.2061783524 0.6773407405)
(1.3 0.2061783524 0.6773407405)
(1.4 0.2061783524 0.6773407405)
(1.5 0.2061783524 0.6773407405)
(1.6 0.2061783524 0.6773407405)
(1.7 0.2061783524 0.6773407405)
(1.8 0.2061783524 0.6773407405)
(1.9 0.2061783524 0.6773407405)
(2 0.2061783524 0.6773407405)
(0 0.2296661811 0.6773407405)
(0.1 0.2296661811 0.6773407405)
(0.2 0.2296661811 0.6773407405)
(0.3 0.2296661811 0.6773407405)
(0.4 0.2296661811 0.6773407405)
(0.5 0.2296661811 0.6773407405)
(0.6 0.2296661811 0.6773407405)
(0.7 0.2296661811 0.6773407405)
(0.8 0.2296661811 0.6773407405)
(0.9 0.2296661811 0.6773407405)
(1 0.2296661811 0.6773407405)
(1.1 0.2296661811 0.6773407405)
(1.2 0.2296661811 0.6773407405)
(1.3 0.2296661811 0.6773407405)
(1.4 0.2296661811 0.6773407405)
(1.5 0.2296661811 0.6773407405)
(1.6 0.2296661811 0.6773407405)
(1.7 0.2296661811 0.6773407405)
(1.8 0.2296661811 0.6773407405)
(1.9 0.2296661811 0.6773407405)
(2 0.2296661811 0.6773407405)
(0 0.2547835882 0.6773407405)
(0.1 0.2547835882 0.6773407405)
(0.2 0.2547835882 0.6773407405)
(0.3 0.2547835882 0.6773407405)
(0.4 0.2547835882 0.6773407405)
(0.5 0.2547835882 0.6773407405)
(0.6 0.2547835882 0.6773407405)
(0.7 0.2547835882 0.6773407405)
(0.8 0.2547835882 0.6773407405)
(0.9 0.2547835882 0.6773407405)
(1 0.2547835882 0.6773407405)
(1.1 0.2547835882 0.6773407405)
(1.2 0.2547835882 0.6773407405)
(1.3 0.2547835882 0.6773407405)
(1.4 0.2547835882 0.6773407405)
(1.5 0.2547835882 0.6773407405)
(1.6 0.2547835882 0.6773407405)
(1.7 0.2547835882 0.6773407405)
(1.8 0.2547835882 0.6773407405)
(1.9 0.2547835882 0.6773407405)
(2 0.2547835882 0.6773407405)
(0 0.2816436335 0.6773407405)
(0.1 0.2816436335 0.6773407405)
(0.2 0.2816436335 0.6773407405)
(0.3 0.2816436335 0.6773407405)
(0.4 0.2816436335 0.6773407405)
(0.5 0.2816436335 0.6773407405)
(0.6 0.2816436335 0.6773407405)
(0.7 0.2816436335 0.6773407405)
(0.8 0.2816436335 0.6773407405)
(0.9 0.2816436335 0.6773407405)
(1 0.2816436335 0.6773407405)
(1.1 0.2816436335 0.6773407405)
(1.2 0.2816436335 0.6773407405)
(1.3 0.2816436335 0.6773407405)
(1.4 0.2816436335 0.6773407405)
(1.5 0.2816436335 0.6773407405)
(1.6 0.2816436335 0.6773407405)
(1.7 0.2816436335 0.6773407405)
(1.8 0.2816436335 0.6773407405)
(1.9 0.2816436335 0.6773407405)
(2 0.2816436335 0.6773407405)
(0 0.3103672206 0.6773407405)
(0.1 0.3103672206 0.6773407405)
(0.2 0.3103672206 0.6773407405)
(0.3 0.3103672206 0.6773407405)
(0.4 0.3103672206 0.6773407405)
(0.5 0.3103672206 0.6773407405)
(0.6 0.3103672206 0.6773407405)
(0.7 0.3103672206 0.6773407405)
(0.8 0.3103672206 0.6773407405)
(0.9 0.3103672206 0.6773407405)
(1 0.3103672206 0.6773407405)
(1.1 0.3103672206 0.6773407405)
(1.2 0.3103672206 0.6773407405)
(1.3 0.3103672206 0.6773407405)
(1.4 0.3103672206 0.6773407405)
(1.5 0.3103672206 0.6773407405)
(1.6 0.3103672206 0.6773407405)
(1.7 0.3103672206 0.6773407405)
(1.8 0.3103672206 0.6773407405)
(1.9 0.3103672206 0.6773407405)
(2 0.3103672206 0.6773407405)
(0 0.3410836415 0.6773407405)
(0.1 0.3410836415 0.6773407405)
(0.2 0.3410836415 0.6773407405)
(0.3 0.3410836415 0.6773407405)
(0.4 0.3410836415 0.6773407405)
(0.5 0.3410836415 0.6773407405)
(0.6 0.3410836415 0.6773407405)
(0.7 0.3410836415 0.6773407405)
(0.8 0.3410836415 0.6773407405)
(0.9 0.3410836415 0.6773407405)
(1 0.3410836415 0.6773407405)
(1.1 0.3410836415 0.6773407405)
(1.2 0.3410836415 0.6773407405)
(1.3 0.3410836415 0.6773407405)
(1.4 0.3410836415 0.6773407405)
(1.5 0.3410836415 0.6773407405)
(1.6 0.3410836415 0.6773407405)
(1.7 0.3410836415 0.6773407405)
(1.8 0.3410836415 0.6773407405)
(1.9 0.3410836415 0.6773407405)
(2 0.3410836415 0.6773407405)
(0 0.3739311585 0.6773407405)
(0.1 0.3739311585 0.6773407405)
(0.2 0.3739311585 0.6773407405)
(0.3 0.3739311585 0.6773407405)
(0.4 0.3739311585 0.6773407405)
(0.5 0.3739311585 0.6773407405)
(0.6 0.3739311585 0.6773407405)
(0.7 0.3739311585 0.6773407405)
(0.8 0.3739311585 0.6773407405)
(0.9 0.3739311585 0.6773407405)
(1 0.3739311585 0.6773407405)
(1.1 0.3739311585 0.6773407405)
(1.2 0.3739311585 0.6773407405)
(1.3 0.3739311585 0.6773407405)
(1.4 0.3739311585 0.6773407405)
(1.5 0.3739311585 0.6773407405)
(1.6 0.3739311585 0.6773407405)
(1.7 0.3739311585 0.6773407405)
(1.8 0.3739311585 0.6773407405)
(1.9 0.3739311585 0.6773407405)
(2 0.3739311585 0.6773407405)
(0 0.4090576263 0.6773407405)
(0.1 0.4090576263 0.6773407405)
(0.2 0.4090576263 0.6773407405)
(0.3 0.4090576263 0.6773407405)
(0.4 0.4090576263 0.6773407405)
(0.5 0.4090576263 0.6773407405)
(0.6 0.4090576263 0.6773407405)
(0.7 0.4090576263 0.6773407405)
(0.8 0.4090576263 0.6773407405)
(0.9 0.4090576263 0.6773407405)
(1 0.4090576263 0.6773407405)
(1.1 0.4090576263 0.6773407405)
(1.2 0.4090576263 0.6773407405)
(1.3 0.4090576263 0.6773407405)
(1.4 0.4090576263 0.6773407405)
(1.5 0.4090576263 0.6773407405)
(1.6 0.4090576263 0.6773407405)
(1.7 0.4090576263 0.6773407405)
(1.8 0.4090576263 0.6773407405)
(1.9 0.4090576263 0.6773407405)
(2 0.4090576263 0.6773407405)
(0 0.4466211578 0.6773407405)
(0.1 0.4466211578 0.6773407405)
(0.2 0.4466211578 0.6773407405)
(0.3 0.4466211578 0.6773407405)
(0.4 0.4466211578 0.6773407405)
(0.5 0.4466211578 0.6773407405)
(0.6 0.4466211578 0.6773407405)
(0.7 0.4466211578 0.6773407405)
(0.8 0.4466211578 0.6773407405)
(0.9 0.4466211578 0.6773407405)
(1 0.4466211578 0.6773407405)
(1.1 0.4466211578 0.6773407405)
(1.2 0.4466211578 0.6773407405)
(1.3 0.4466211578 0.6773407405)
(1.4 0.4466211578 0.6773407405)
(1.5 0.4466211578 0.6773407405)
(1.6 0.4466211578 0.6773407405)
(1.7 0.4466211578 0.6773407405)
(1.8 0.4466211578 0.6773407405)
(1.9 0.4466211578 0.6773407405)
(2 0.4466211578 0.6773407405)
(0 0.4867908358 0.6773407405)
(0.1 0.4867908358 0.6773407405)
(0.2 0.4867908358 0.6773407405)
(0.3 0.4867908358 0.6773407405)
(0.4 0.4867908358 0.6773407405)
(0.5 0.4867908358 0.6773407405)
(0.6 0.4867908358 0.6773407405)
(0.7 0.4867908358 0.6773407405)
(0.8 0.4867908358 0.6773407405)
(0.9 0.4867908358 0.6773407405)
(1 0.4867908358 0.6773407405)
(1.1 0.4867908358 0.6773407405)
(1.2 0.4867908358 0.6773407405)
(1.3 0.4867908358 0.6773407405)
(1.4 0.4867908358 0.6773407405)
(1.5 0.4867908358 0.6773407405)
(1.6 0.4867908358 0.6773407405)
(1.7 0.4867908358 0.6773407405)
(1.8 0.4867908358 0.6773407405)
(1.9 0.4867908358 0.6773407405)
(2 0.4867908358 0.6773407405)
(0 0.529747474 0.6773407405)
(0.1 0.529747474 0.6773407405)
(0.2 0.529747474 0.6773407405)
(0.3 0.529747474 0.6773407405)
(0.4 0.529747474 0.6773407405)
(0.5 0.529747474 0.6773407405)
(0.6 0.529747474 0.6773407405)
(0.7 0.529747474 0.6773407405)
(0.8 0.529747474 0.6773407405)
(0.9 0.529747474 0.6773407405)
(1 0.529747474 0.6773407405)
(1.1 0.529747474 0.6773407405)
(1.2 0.529747474 0.6773407405)
(1.3 0.529747474 0.6773407405)
(1.4 0.529747474 0.6773407405)
(1.5 0.529747474 0.6773407405)
(1.6 0.529747474 0.6773407405)
(1.7 0.529747474 0.6773407405)
(1.8 0.529747474 0.6773407405)
(1.9 0.529747474 0.6773407405)
(2 0.529747474 0.6773407405)
(0 0.5756844308 0.6773407405)
(0.1 0.5756844308 0.6773407405)
(0.2 0.5756844308 0.6773407405)
(0.3 0.5756844308 0.6773407405)
(0.4 0.5756844308 0.6773407405)
(0.5 0.5756844308 0.6773407405)
(0.6 0.5756844308 0.6773407405)
(0.7 0.5756844308 0.6773407405)
(0.8 0.5756844308 0.6773407405)
(0.9 0.5756844308 0.6773407405)
(1 0.5756844308 0.6773407405)
(1.1 0.5756844308 0.6773407405)
(1.2 0.5756844308 0.6773407405)
(1.3 0.5756844308 0.6773407405)
(1.4 0.5756844308 0.6773407405)
(1.5 0.5756844308 0.6773407405)
(1.6 0.5756844308 0.6773407405)
(1.7 0.5756844308 0.6773407405)
(1.8 0.5756844308 0.6773407405)
(1.9 0.5756844308 0.6773407405)
(2 0.5756844308 0.6773407405)
(0 0.6248084798 0.6773407405)
(0.1 0.6248084798 0.6773407405)
(0.2 0.6248084798 0.6773407405)
(0.3 0.6248084798 0.6773407405)
(0.4 0.6248084798 0.6773407405)
(0.5 0.6248084798 0.6773407405)
(0.6 0.6248084798 0.6773407405)
(0.7 0.6248084798 0.6773407405)
(0.8 0.6248084798 0.6773407405)
(0.9 0.6248084798 0.6773407405)
(1 0.6248084798 0.6773407405)
(1.1 0.6248084798 0.6773407405)
(1.2 0.6248084798 0.6773407405)
(1.3 0.6248084798 0.6773407405)
(1.4 0.6248084798 0.6773407405)
(1.5 0.6248084798 0.6773407405)
(1.6 0.6248084798 0.6773407405)
(1.7 0.6248084798 0.6773407405)
(1.8 0.6248084798 0.6773407405)
(1.9 0.6248084798 0.6773407405)
(2 0.6248084798 0.6773407405)
(0 0.6773407405 0.6773407405)
(0.1 0.6773407405 0.6773407405)
(0.2 0.6773407405 0.6773407405)
(0.3 0.6773407405 0.6773407405)
(0.4 0.6773407405 0.6773407405)
(0.5 0.6773407405 0.6773407405)
(0.6 0.6773407405 0.6773407405)
(0.7 0.6773407405 0.6773407405)
(0.8 0.6773407405 0.6773407405)
(0.9 0.6773407405 0.6773407405)
(1 0.6773407405 0.6773407405)
(1.1 0.6773407405 0.6773407405)
(1.2 0.6773407405 0.6773407405)
(1.3 0.6773407405 0.6773407405)
(1.4 0.6773407405 0.6773407405)
(1.5 0.6773407405 0.6773407405)
(1.6 0.6773407405 0.6773407405)
(1.7 0.6773407405 0.6773407405)
(1.8 0.6773407405 0.6773407405)
(1.9 0.6773407405 0.6773407405)
(2 0.6773407405 0.6773407405)
(0 0.7335176736 0.6773407405)
(0.1 0.7335176736 0.6773407405)
(0.2 0.7335176736 0.6773407405)
(0.3 0.7335176736 0.6773407405)
(0.4 0.7335176736 0.6773407405)
(0.5 0.7335176736 0.6773407405)
(0.6 0.7335176736 0.6773407405)
(0.7 0.7335176736 0.6773407405)
(0.8 0.7335176736 0.6773407405)
(0.9 0.7335176736 0.6773407405)
(1 0.7335176736 0.6773407405)
(1.1 0.7335176736 0.6773407405)
(1.2 0.7335176736 0.6773407405)
(1.3 0.7335176736 0.6773407405)
(1.4 0.7335176736 0.6773407405)
(1.5 0.7335176736 0.6773407405)
(1.6 0.7335176736 0.6773407405)
(1.7 0.7335176736 0.6773407405)
(1.8 0.7335176736 0.6773407405)
(1.9 0.7335176736 0.6773407405)
(2 0.7335176736 0.6773407405)
(0 0.7935921454 0.6773407405)
(0.1 0.7935921454 0.6773407405)
(0.2 0.7935921454 0.6773407405)
(0.3 0.7935921454 0.6773407405)
(0.4 0.7935921454 0.6773407405)
(0.5 0.7935921454 0.6773407405)
(0.6 0.7935921454 0.6773407405)
(0.7 0.7935921454 0.6773407405)
(0.8 0.7935921454 0.6773407405)
(0.9 0.7935921454 0.6773407405)
(1 0.7935921454 0.6773407405)
(1.1 0.7935921454 0.6773407405)
(1.2 0.7935921454 0.6773407405)
(1.3 0.7935921454 0.6773407405)
(1.4 0.7935921454 0.6773407405)
(1.5 0.7935921454 0.6773407405)
(1.6 0.7935921454 0.6773407405)
(1.7 0.7935921454 0.6773407405)
(1.8 0.7935921454 0.6773407405)
(1.9 0.7935921454 0.6773407405)
(2 0.7935921454 0.6773407405)
(0 0.857834566 0.6773407405)
(0.1 0.857834566 0.6773407405)
(0.2 0.857834566 0.6773407405)
(0.3 0.857834566 0.6773407405)
(0.4 0.857834566 0.6773407405)
(0.5 0.857834566 0.6773407405)
(0.6 0.857834566 0.6773407405)
(0.7 0.857834566 0.6773407405)
(0.8 0.857834566 0.6773407405)
(0.9 0.857834566 0.6773407405)
(1 0.857834566 0.6773407405)
(1.1 0.857834566 0.6773407405)
(1.2 0.857834566 0.6773407405)
(1.3 0.857834566 0.6773407405)
(1.4 0.857834566 0.6773407405)
(1.5 0.857834566 0.6773407405)
(1.6 0.857834566 0.6773407405)
(1.7 0.857834566 0.6773407405)
(1.8 0.857834566 0.6773407405)
(1.9 0.857834566 0.6773407405)
(2 0.857834566 0.6773407405)
(0 0.9265341063 0.6773407405)
(0.1 0.9265341063 0.6773407405)
(0.2 0.9265341063 0.6773407405)
(0.3 0.9265341063 0.6773407405)
(0.4 0.9265341063 0.6773407405)
(0.5 0.9265341063 0.6773407405)
(0.6 0.9265341063 0.6773407405)
(0.7 0.9265341063 0.6773407405)
(0.8 0.9265341063 0.6773407405)
(0.9 0.9265341063 0.6773407405)
(1 0.9265341063 0.6773407405)
(1.1 0.9265341063 0.6773407405)
(1.2 0.9265341063 0.6773407405)
(1.3 0.9265341063 0.6773407405)
(1.4 0.9265341063 0.6773407405)
(1.5 0.9265341063 0.6773407405)
(1.6 0.9265341063 0.6773407405)
(1.7 0.9265341063 0.6773407405)
(1.8 0.9265341063 0.6773407405)
(1.9 0.9265341063 0.6773407405)
(2 0.9265341063 0.6773407405)
(0 1 0.6773407405)
(0.1 1 0.6773407405)
(0.2 1 0.6773407405)
(0.3 1 0.6773407405)
(0.4 1 0.6773407405)
(0.5 1 0.6773407405)
(0.6 1 0.6773407405)
(0.7 1 0.6773407405)
(0.8 1 0.6773407405)
(0.9 1 0.6773407405)
(1 1 0.6773407405)
(1.1 1 0.6773407405)
(1.2 1 0.6773407405)
(1.3 1 0.6773407405)
(1.4 1 0.6773407405)
(1.5 1 0.6773407405)
(1.6 1 0.6773407405)
(1.7 1 0.6773407405)
(1.8 1 0.6773407405)
(1.9 1 0.6773407405)
(2 1 0.6773407405)
(0 0 0.7335176736)
(0.1 0 0.7335176736)
(0.2 0 0.7335176736)
(0.3 0 0.7335176736)
(0.4 0 0.7335176736)
(0.5 0 0.7335176736)
(0.6 0 0.7335176736)
(0.7 0 0.7335176736)
(0.8 0 0.7335176736)
(0.9 0 0.7335176736)
(1 0 0.7335176736)
(1.1 0 0.7335176736)
(1.2 0 0.7335176736)
(1.3 0 0.7335176736)
(1.4 0 0.7335176736)
(1.5 0 0.7335176736)
(1.6 0 0.7335176736)
(1.7 0 0.7335176736)
(1.8 0 0.7335176736)
(1.9 0 0.7335176736)
(2 0 0.7335176736)
(0 0.009183236716 0.7335176736)
(0.1 0.009183236716 0.7335176736)
(0.2 0.009183236716 0.7335176736)
(0.3 0.009183236716 0.7335176736)
(0.4 0.009183236716 0.7335176736)
(0.5 0.009183236716 0.7335176736)
(0.6 0.009183236716 0.7335176736)
(0.7 0.009183236716 0.7335176736)
(0.8 0.009183236716 0.7335176736)
(0.9 0.009183236716 0.7335176736)
(1 0.009183236716 0.7335176736)
(1.1 0.009183236716 0.7335176736)
(1.2 0.009183236716 0.7335176736)
(1.3 0.009183236716 0.7335176736)
(1.4 0.009183236716 0.7335176736)
(1.5 0.009183236716 0.7335176736)
(1.6 0.009183236716 0.7335176736)
(1.7 0.009183236716 0.7335176736)
(1.8 0.009183236716 0.7335176736)
(1.9 0.009183236716 0.7335176736)
(2 0.009183236716 0.7335176736)
(0 0.01900360363 0.7335176736)
(0.1 0.01900360363 0.7335176736)
(0.2 0.01900360363 0.7335176736)
(0.3 0.01900360363 0.7335176736)
(0.4 0.01900360363 0.7335176736)
(0.5 0.01900360363 0.7335176736)
(0.6 0.01900360363 0.7335176736)
(0.7 0.01900360363 0.7335176736)
(0.8 0.01900360363 0.7335176736)
(0.9 0.01900360363 0.7335176736)
(1 0.01900360363 0.7335176736)
(1.1 0.01900360363 0.7335176736)
(1.2 0.01900360363 0.7335176736)
(1.3 0.01900360363 0.7335176736)
(1.4 0.01900360363 0.7335176736)
(1.5 0.01900360363 0.7335176736)
(1.6 0.01900360363 0.7335176736)
(1.7 0.01900360363 0.7335176736)
(1.8 0.01900360363 0.7335176736)
(1.9 0.01900360363 0.7335176736)
(2 0.01900360363 0.7335176736)
(0 0.02950530463 0.7335176736)
(0.1 0.02950530463 0.7335176736)
(0.2 0.02950530463 0.7335176736)
(0.3 0.02950530463 0.7335176736)
(0.4 0.02950530463 0.7335176736)
(0.5 0.02950530463 0.7335176736)
(0.6 0.02950530463 0.7335176736)
(0.7 0.02950530463 0.7335176736)
(0.8 0.02950530463 0.7335176736)
(0.9 0.02950530463 0.7335176736)
(1 0.02950530463 0.7335176736)
(1.1 0.02950530463 0.7335176736)
(1.2 0.02950530463 0.7335176736)
(1.3 0.02950530463 0.7335176736)
(1.4 0.02950530463 0.7335176736)
(1.5 0.02950530463 0.7335176736)
(1.6 0.02950530463 0.7335176736)
(1.7 0.02950530463 0.7335176736)
(1.8 0.02950530463 0.7335176736)
(1.9 0.02950530463 0.7335176736)
(2 0.02950530463 0.7335176736)
(0 0.04073561049 0.7335176736)
(0.1 0.04073561049 0.7335176736)
(0.2 0.04073561049 0.7335176736)
(0.3 0.04073561049 0.7335176736)
(0.4 0.04073561049 0.7335176736)
(0.5 0.04073561049 0.7335176736)
(0.6 0.04073561049 0.7335176736)
(0.7 0.04073561049 0.7335176736)
(0.8 0.04073561049 0.7335176736)
(0.9 0.04073561049 0.7335176736)
(1 0.04073561049 0.7335176736)
(1.1 0.04073561049 0.7335176736)
(1.2 0.04073561049 0.7335176736)
(1.3 0.04073561049 0.7335176736)
(1.4 0.04073561049 0.7335176736)
(1.5 0.04073561049 0.7335176736)
(1.6 0.04073561049 0.7335176736)
(1.7 0.04073561049 0.7335176736)
(1.8 0.04073561049 0.7335176736)
(1.9 0.04073561049 0.7335176736)
(2 0.04073561049 0.7335176736)
(0 0.05274507158 0.7335176736)
(0.1 0.05274507158 0.7335176736)
(0.2 0.05274507158 0.7335176736)
(0.3 0.05274507158 0.7335176736)
(0.4 0.05274507158 0.7335176736)
(0.5 0.05274507158 0.7335176736)
(0.6 0.05274507158 0.7335176736)
(0.7 0.05274507158 0.7335176736)
(0.8 0.05274507158 0.7335176736)
(0.9 0.05274507158 0.7335176736)
(1 0.05274507158 0.7335176736)
(1.1 0.05274507158 0.7335176736)
(1.2 0.05274507158 0.7335176736)
(1.3 0.05274507158 0.7335176736)
(1.4 0.05274507158 0.7335176736)
(1.5 0.05274507158 0.7335176736)
(1.6 0.05274507158 0.7335176736)
(1.7 0.05274507158 0.7335176736)
(1.8 0.05274507158 0.7335176736)
(1.9 0.05274507158 0.7335176736)
(2 0.05274507158 0.7335176736)
(0 0.06558774547 0.7335176736)
(0.1 0.06558774547 0.7335176736)
(0.2 0.06558774547 0.7335176736)
(0.3 0.06558774547 0.7335176736)
(0.4 0.06558774547 0.7335176736)
(0.5 0.06558774547 0.7335176736)
(0.6 0.06558774547 0.7335176736)
(0.7 0.06558774547 0.7335176736)
(0.8 0.06558774547 0.7335176736)
(0.9 0.06558774547 0.7335176736)
(1 0.06558774547 0.7335176736)
(1.1 0.06558774547 0.7335176736)
(1.2 0.06558774547 0.7335176736)
(1.3 0.06558774547 0.7335176736)
(1.4 0.06558774547 0.7335176736)
(1.5 0.06558774547 0.7335176736)
(1.6 0.06558774547 0.7335176736)
(1.7 0.06558774547 0.7335176736)
(1.8 0.06558774547 0.7335176736)
(1.9 0.06558774547 0.7335176736)
(2 0.06558774547 0.7335176736)
(0 0.07932144019 0.7335176736)
(0.1 0.07932144019 0.7335176736)
(0.2 0.07932144019 0.7335176736)
(0.3 0.07932144019 0.7335176736)
(0.4 0.07932144019 0.7335176736)
(0.5 0.07932144019 0.7335176736)
(0.6 0.07932144019 0.7335176736)
(0.7 0.07932144019 0.7335176736)
(0.8 0.07932144019 0.7335176736)
(0.9 0.07932144019 0.7335176736)
(1 0.07932144019 0.7335176736)
(1.1 0.07932144019 0.7335176736)
(1.2 0.07932144019 0.7335176736)
(1.3 0.07932144019 0.7335176736)
(1.4 0.07932144019 0.7335176736)
(1.5 0.07932144019 0.7335176736)
(1.6 0.07932144019 0.7335176736)
(1.7 0.07932144019 0.7335176736)
(1.8 0.07932144019 0.7335176736)
(1.9 0.07932144019 0.7335176736)
(2 0.07932144019 0.7335176736)
(0 0.09400797452 0.7335176736)
(0.1 0.09400797452 0.7335176736)
(0.2 0.09400797452 0.7335176736)
(0.3 0.09400797452 0.7335176736)
(0.4 0.09400797452 0.7335176736)
(0.5 0.09400797452 0.7335176736)
(0.6 0.09400797452 0.7335176736)
(0.7 0.09400797452 0.7335176736)
(0.8 0.09400797452 0.7335176736)
(0.9 0.09400797452 0.7335176736)
(1 0.09400797452 0.7335176736)
(1.1 0.09400797452 0.7335176736)
(1.2 0.09400797452 0.7335176736)
(1.3 0.09400797452 0.7335176736)
(1.4 0.09400797452 0.7335176736)
(1.5 0.09400797452 0.7335176736)
(1.6 0.09400797452 0.7335176736)
(1.7 0.09400797452 0.7335176736)
(1.8 0.09400797452 0.7335176736)
(1.9 0.09400797452 0.7335176736)
(2 0.09400797452 0.7335176736)
(0 0.1097134562 0.7335176736)
(0.1 0.1097134562 0.7335176736)
(0.2 0.1097134562 0.7335176736)
(0.3 0.1097134562 0.7335176736)
(0.4 0.1097134562 0.7335176736)
(0.5 0.1097134562 0.7335176736)
(0.6 0.1097134562 0.7335176736)
(0.7 0.1097134562 0.7335176736)
(0.8 0.1097134562 0.7335176736)
(0.9 0.1097134562 0.7335176736)
(1 0.1097134562 0.7335176736)
(1.1 0.1097134562 0.7335176736)
(1.2 0.1097134562 0.7335176736)
(1.3 0.1097134562 0.7335176736)
(1.4 0.1097134562 0.7335176736)
(1.5 0.1097134562 0.7335176736)
(1.6 0.1097134562 0.7335176736)
(1.7 0.1097134562 0.7335176736)
(1.8 0.1097134562 0.7335176736)
(1.9 0.1097134562 0.7335176736)
(2 0.1097134562 0.7335176736)
(0 0.1265085794 0.7335176736)
(0.1 0.1265085794 0.7335176736)
(0.2 0.1265085794 0.7335176736)
(0.3 0.1265085794 0.7335176736)
(0.4 0.1265085794 0.7335176736)
(0.5 0.1265085794 0.7335176736)
(0.6 0.1265085794 0.7335176736)
(0.7 0.1265085794 0.7335176736)
(0.8 0.1265085794 0.7335176736)
(0.9 0.1265085794 0.7335176736)
(1 0.1265085794 0.7335176736)
(1.1 0.1265085794 0.7335176736)
(1.2 0.1265085794 0.7335176736)
(1.3 0.1265085794 0.7335176736)
(1.4 0.1265085794 0.7335176736)
(1.5 0.1265085794 0.7335176736)
(1.6 0.1265085794 0.7335176736)
(1.7 0.1265085794 0.7335176736)
(1.8 0.1265085794 0.7335176736)
(1.9 0.1265085794 0.7335176736)
(2 0.1265085794 0.7335176736)
(0 0.1444689432 0.7335176736)
(0.1 0.1444689432 0.7335176736)
(0.2 0.1444689432 0.7335176736)
(0.3 0.1444689432 0.7335176736)
(0.4 0.1444689432 0.7335176736)
(0.5 0.1444689432 0.7335176736)
(0.6 0.1444689432 0.7335176736)
(0.7 0.1444689432 0.7335176736)
(0.8 0.1444689432 0.7335176736)
(0.9 0.1444689432 0.7335176736)
(1 0.1444689432 0.7335176736)
(1.1 0.1444689432 0.7335176736)
(1.2 0.1444689432 0.7335176736)
(1.3 0.1444689432 0.7335176736)
(1.4 0.1444689432 0.7335176736)
(1.5 0.1444689432 0.7335176736)
(1.6 0.1444689432 0.7335176736)
(1.7 0.1444689432 0.7335176736)
(1.8 0.1444689432 0.7335176736)
(1.9 0.1444689432 0.7335176736)
(2 0.1444689432 0.7335176736)
(0 0.1636753917 0.7335176736)
(0.1 0.1636753917 0.7335176736)
(0.2 0.1636753917 0.7335176736)
(0.3 0.1636753917 0.7335176736)
(0.4 0.1636753917 0.7335176736)
(0.5 0.1636753917 0.7335176736)
(0.6 0.1636753917 0.7335176736)
(0.7 0.1636753917 0.7335176736)
(0.8 0.1636753917 0.7335176736)
(0.9 0.1636753917 0.7335176736)
(1 0.1636753917 0.7335176736)
(1.1 0.1636753917 0.7335176736)
(1.2 0.1636753917 0.7335176736)
(1.3 0.1636753917 0.7335176736)
(1.4 0.1636753917 0.7335176736)
(1.5 0.1636753917 0.7335176736)
(1.6 0.1636753917 0.7335176736)
(1.7 0.1636753917 0.7335176736)
(1.8 0.1636753917 0.7335176736)
(1.9 0.1636753917 0.7335176736)
(2 0.1636753917 0.7335176736)
(0 0.1842143777 0.7335176736)
(0.1 0.1842143777 0.7335176736)
(0.2 0.1842143777 0.7335176736)
(0.3 0.1842143777 0.7335176736)
(0.4 0.1842143777 0.7335176736)
(0.5 0.1842143777 0.7335176736)
(0.6 0.1842143777 0.7335176736)
(0.7 0.1842143777 0.7335176736)
(0.8 0.1842143777 0.7335176736)
(0.9 0.1842143777 0.7335176736)
(1 0.1842143777 0.7335176736)
(1.1 0.1842143777 0.7335176736)
(1.2 0.1842143777 0.7335176736)
(1.3 0.1842143777 0.7335176736)
(1.4 0.1842143777 0.7335176736)
(1.5 0.1842143777 0.7335176736)
(1.6 0.1842143777 0.7335176736)
(1.7 0.1842143777 0.7335176736)
(1.8 0.1842143777 0.7335176736)
(1.9 0.1842143777 0.7335176736)
(2 0.1842143777 0.7335176736)
(0 0.2061783524 0.7335176736)
(0.1 0.2061783524 0.7335176736)
(0.2 0.2061783524 0.7335176736)
(0.3 0.2061783524 0.7335176736)
(0.4 0.2061783524 0.7335176736)
(0.5 0.2061783524 0.7335176736)
(0.6 0.2061783524 0.7335176736)
(0.7 0.2061783524 0.7335176736)
(0.8 0.2061783524 0.7335176736)
(0.9 0.2061783524 0.7335176736)
(1 0.2061783524 0.7335176736)
(1.1 0.2061783524 0.7335176736)
(1.2 0.2061783524 0.7335176736)
(1.3 0.2061783524 0.7335176736)
(1.4 0.2061783524 0.7335176736)
(1.5 0.2061783524 0.7335176736)
(1.6 0.2061783524 0.7335176736)
(1.7 0.2061783524 0.7335176736)
(1.8 0.2061783524 0.7335176736)
(1.9 0.2061783524 0.7335176736)
(2 0.2061783524 0.7335176736)
(0 0.2296661811 0.7335176736)
(0.1 0.2296661811 0.7335176736)
(0.2 0.2296661811 0.7335176736)
(0.3 0.2296661811 0.7335176736)
(0.4 0.2296661811 0.7335176736)
(0.5 0.2296661811 0.7335176736)
(0.6 0.2296661811 0.7335176736)
(0.7 0.2296661811 0.7335176736)
(0.8 0.2296661811 0.7335176736)
(0.9 0.2296661811 0.7335176736)
(1 0.2296661811 0.7335176736)
(1.1 0.2296661811 0.7335176736)
(1.2 0.2296661811 0.7335176736)
(1.3 0.2296661811 0.7335176736)
(1.4 0.2296661811 0.7335176736)
(1.5 0.2296661811 0.7335176736)
(1.6 0.2296661811 0.7335176736)
(1.7 0.2296661811 0.7335176736)
(1.8 0.2296661811 0.7335176736)
(1.9 0.2296661811 0.7335176736)
(2 0.2296661811 0.7335176736)
(0 0.2547835882 0.7335176736)
(0.1 0.2547835882 0.7335176736)
(0.2 0.2547835882 0.7335176736)
(0.3 0.2547835882 0.7335176736)
(0.4 0.2547835882 0.7335176736)
(0.5 0.2547835882 0.7335176736)
(0.6 0.2547835882 0.7335176736)
(0.7 0.2547835882 0.7335176736)
(0.8 0.2547835882 0.7335176736)
(0.9 0.2547835882 0.7335176736)
(1 0.2547835882 0.7335176736)
(1.1 0.2547835882 0.7335176736)
(1.2 0.2547835882 0.7335176736)
(1.3 0.2547835882 0.7335176736)
(1.4 0.2547835882 0.7335176736)
(1.5 0.2547835882 0.7335176736)
(1.6 0.2547835882 0.7335176736)
(1.7 0.2547835882 0.7335176736)
(1.8 0.2547835882 0.7335176736)
(1.9 0.2547835882 0.7335176736)
(2 0.2547835882 0.7335176736)
(0 0.2816436335 0.7335176736)
(0.1 0.2816436335 0.7335176736)
(0.2 0.2816436335 0.7335176736)
(0.3 0.2816436335 0.7335176736)
(0.4 0.2816436335 0.7335176736)
(0.5 0.2816436335 0.7335176736)
(0.6 0.2816436335 0.7335176736)
(0.7 0.2816436335 0.7335176736)
(0.8 0.2816436335 0.7335176736)
(0.9 0.2816436335 0.7335176736)
(1 0.2816436335 0.7335176736)
(1.1 0.2816436335 0.7335176736)
(1.2 0.2816436335 0.7335176736)
(1.3 0.2816436335 0.7335176736)
(1.4 0.2816436335 0.7335176736)
(1.5 0.2816436335 0.7335176736)
(1.6 0.2816436335 0.7335176736)
(1.7 0.2816436335 0.7335176736)
(1.8 0.2816436335 0.7335176736)
(1.9 0.2816436335 0.7335176736)
(2 0.2816436335 0.7335176736)
(0 0.3103672206 0.7335176736)
(0.1 0.3103672206 0.7335176736)
(0.2 0.3103672206 0.7335176736)
(0.3 0.3103672206 0.7335176736)
(0.4 0.3103672206 0.7335176736)
(0.5 0.3103672206 0.7335176736)
(0.6 0.3103672206 0.7335176736)
(0.7 0.3103672206 0.7335176736)
(0.8 0.3103672206 0.7335176736)
(0.9 0.3103672206 0.7335176736)
(1 0.3103672206 0.7335176736)
(1.1 0.3103672206 0.7335176736)
(1.2 0.3103672206 0.7335176736)
(1.3 0.3103672206 0.7335176736)
(1.4 0.3103672206 0.7335176736)
(1.5 0.3103672206 0.7335176736)
(1.6 0.3103672206 0.7335176736)
(1.7 0.3103672206 0.7335176736)
(1.8 0.3103672206 0.7335176736)
(1.9 0.3103672206 0.7335176736)
(2 0.3103672206 0.7335176736)
(0 0.3410836415 0.7335176736)
(0.1 0.3410836415 0.7335176736)
(0.2 0.3410836415 0.7335176736)
(0.3 0.3410836415 0.7335176736)
(0.4 0.3410836415 0.7335176736)
(0.5 0.3410836415 0.7335176736)
(0.6 0.3410836415 0.7335176736)
(0.7 0.3410836415 0.7335176736)
(0.8 0.3410836415 0.7335176736)
(0.9 0.3410836415 0.7335176736)
(1 0.3410836415 0.7335176736)
(1.1 0.3410836415 0.7335176736)
(1.2 0.3410836415 0.7335176736)
(1.3 0.3410836415 0.7335176736)
(1.4 0.3410836415 0.7335176736)
(1.5 0.3410836415 0.7335176736)
(1.6 0.3410836415 0.7335176736)
(1.7 0.3410836415 0.7335176736)
(1.8 0.3410836415 0.7335176736)
(1.9 0.3410836415 0.7335176736)
(2 0.3410836415 0.7335176736)
(0 0.3739311585 0.7335176736)
(0.1 0.3739311585 0.7335176736)
(0.2 0.3739311585 0.7335176736)
(0.3 0.3739311585 0.7335176736)
(0.4 0.3739311585 0.7335176736)
(0.5 0.3739311585 0.7335176736)
(0.6 0.3739311585 0.7335176736)
(0.7 0.3739311585 0.7335176736)
(0.8 0.3739311585 0.7335176736)
(0.9 0.3739311585 0.7335176736)
(1 0.3739311585 0.7335176736)
(1.1 0.3739311585 0.7335176736)
(1.2 0.3739311585 0.7335176736)
(1.3 0.3739311585 0.7335176736)
(1.4 0.3739311585 0.7335176736)
(1.5 0.3739311585 0.7335176736)
(1.6 0.3739311585 0.7335176736)
(1.7 0.3739311585 0.7335176736)
(1.8 0.3739311585 0.7335176736)
(1.9 0.3739311585 0.7335176736)
(2 0.3739311585 0.7335176736)
(0 0.4090576263 0.7335176736)
(0.1 0.4090576263 0.7335176736)
(0.2 0.4090576263 0.7335176736)
(0.3 0.4090576263 0.7335176736)
(0.4 0.4090576263 0.7335176736)
(0.5 0.4090576263 0.7335176736)
(0.6 0.4090576263 0.7335176736)
(0.7 0.4090576263 0.7335176736)
(0.8 0.4090576263 0.7335176736)
(0.9 0.4090576263 0.7335176736)
(1 0.4090576263 0.7335176736)
(1.1 0.4090576263 0.7335176736)
(1.2 0.4090576263 0.7335176736)
(1.3 0.4090576263 0.7335176736)
(1.4 0.4090576263 0.7335176736)
(1.5 0.4090576263 0.7335176736)
(1.6 0.4090576263 0.7335176736)
(1.7 0.4090576263 0.7335176736)
(1.8 0.4090576263 0.7335176736)
(1.9 0.4090576263 0.7335176736)
(2 0.4090576263 0.7335176736)
(0 0.4466211578 0.7335176736)
(0.1 0.4466211578 0.7335176736)
(0.2 0.4466211578 0.7335176736)
(0.3 0.4466211578 0.7335176736)
(0.4 0.4466211578 0.7335176736)
(0.5 0.4466211578 0.7335176736)
(0.6 0.4466211578 0.7335176736)
(0.7 0.4466211578 0.7335176736)
(0.8 0.4466211578 0.7335176736)
(0.9 0.4466211578 0.7335176736)
(1 0.4466211578 0.7335176736)
(1.1 0.4466211578 0.7335176736)
(1.2 0.4466211578 0.7335176736)
(1.3 0.4466211578 0.7335176736)
(1.4 0.4466211578 0.7335176736)
(1.5 0.4466211578 0.7335176736)
(1.6 0.4466211578 0.7335176736)
(1.7 0.4466211578 0.7335176736)
(1.8 0.4466211578 0.7335176736)
(1.9 0.4466211578 0.7335176736)
(2 0.4466211578 0.7335176736)
(0 0.4867908358 0.7335176736)
(0.1 0.4867908358 0.7335176736)
(0.2 0.4867908358 0.7335176736)
(0.3 0.4867908358 0.7335176736)
(0.4 0.4867908358 0.7335176736)
(0.5 0.4867908358 0.7335176736)
(0.6 0.4867908358 0.7335176736)
(0.7 0.4867908358 0.7335176736)
(0.8 0.4867908358 0.7335176736)
(0.9 0.4867908358 0.7335176736)
(1 0.4867908358 0.7335176736)
(1.1 0.4867908358 0.7335176736)
(1.2 0.4867908358 0.7335176736)
(1.3 0.4867908358 0.7335176736)
(1.4 0.4867908358 0.7335176736)
(1.5 0.4867908358 0.7335176736)
(1.6 0.4867908358 0.7335176736)
(1.7 0.4867908358 0.7335176736)
(1.8 0.4867908358 0.7335176736)
(1.9 0.4867908358 0.7335176736)
(2 0.4867908358 0.7335176736)
(0 0.529747474 0.7335176736)
(0.1 0.529747474 0.7335176736)
(0.2 0.529747474 0.7335176736)
(0.3 0.529747474 0.7335176736)
(0.4 0.529747474 0.7335176736)
(0.5 0.529747474 0.7335176736)
(0.6 0.529747474 0.7335176736)
(0.7 0.529747474 0.7335176736)
(0.8 0.529747474 0.7335176736)
(0.9 0.529747474 0.7335176736)
(1 0.529747474 0.7335176736)
(1.1 0.529747474 0.7335176736)
(1.2 0.529747474 0.7335176736)
(1.3 0.529747474 0.7335176736)
(1.4 0.529747474 0.7335176736)
(1.5 0.529747474 0.7335176736)
(1.6 0.529747474 0.7335176736)
(1.7 0.529747474 0.7335176736)
(1.8 0.529747474 0.7335176736)
(1.9 0.529747474 0.7335176736)
(2 0.529747474 0.7335176736)
(0 0.5756844308 0.7335176736)
(0.1 0.5756844308 0.7335176736)
(0.2 0.5756844308 0.7335176736)
(0.3 0.5756844308 0.7335176736)
(0.4 0.5756844308 0.7335176736)
(0.5 0.5756844308 0.7335176736)
(0.6 0.5756844308 0.7335176736)
(0.7 0.5756844308 0.7335176736)
(0.8 0.5756844308 0.7335176736)
(0.9 0.5756844308 0.7335176736)
(1 0.5756844308 0.7335176736)
(1.1 0.5756844308 0.7335176736)
(1.2 0.5756844308 0.7335176736)
(1.3 0.5756844308 0.7335176736)
(1.4 0.5756844308 0.7335176736)
(1.5 0.5756844308 0.7335176736)
(1.6 0.5756844308 0.7335176736)
(1.7 0.5756844308 0.7335176736)
(1.8 0.5756844308 0.7335176736)
(1.9 0.5756844308 0.7335176736)
(2 0.5756844308 0.7335176736)
(0 0.6248084798 0.7335176736)
(0.1 0.6248084798 0.7335176736)
(0.2 0.6248084798 0.7335176736)
(0.3 0.6248084798 0.7335176736)
(0.4 0.6248084798 0.7335176736)
(0.5 0.6248084798 0.7335176736)
(0.6 0.6248084798 0.7335176736)
(0.7 0.6248084798 0.7335176736)
(0.8 0.6248084798 0.7335176736)
(0.9 0.6248084798 0.7335176736)
(1 0.6248084798 0.7335176736)
(1.1 0.6248084798 0.7335176736)
(1.2 0.6248084798 0.7335176736)
(1.3 0.6248084798 0.7335176736)
(1.4 0.6248084798 0.7335176736)
(1.5 0.6248084798 0.7335176736)
(1.6 0.6248084798 0.7335176736)
(1.7 0.6248084798 0.7335176736)
(1.8 0.6248084798 0.7335176736)
(1.9 0.6248084798 0.7335176736)
(2 0.6248084798 0.7335176736)
(0 0.6773407405 0.7335176736)
(0.1 0.6773407405 0.7335176736)
(0.2 0.6773407405 0.7335176736)
(0.3 0.6773407405 0.7335176736)
(0.4 0.6773407405 0.7335176736)
(0.5 0.6773407405 0.7335176736)
(0.6 0.6773407405 0.7335176736)
(0.7 0.6773407405 0.7335176736)
(0.8 0.6773407405 0.7335176736)
(0.9 0.6773407405 0.7335176736)
(1 0.6773407405 0.7335176736)
(1.1 0.6773407405 0.7335176736)
(1.2 0.6773407405 0.7335176736)
(1.3 0.6773407405 0.7335176736)
(1.4 0.6773407405 0.7335176736)
(1.5 0.6773407405 0.7335176736)
(1.6 0.6773407405 0.7335176736)
(1.7 0.6773407405 0.7335176736)
(1.8 0.6773407405 0.7335176736)
(1.9 0.6773407405 0.7335176736)
(2 0.6773407405 0.7335176736)
(0 0.7335176736 0.7335176736)
(0.1 0.7335176736 0.7335176736)
(0.2 0.7335176736 0.7335176736)
(0.3 0.7335176736 0.7335176736)
(0.4 0.7335176736 0.7335176736)
(0.5 0.7335176736 0.7335176736)
(0.6 0.7335176736 0.7335176736)
(0.7 0.7335176736 0.7335176736)
(0.8 0.7335176736 0.7335176736)
(0.9 0.7335176736 0.7335176736)
(1 0.7335176736 0.7335176736)
(1.1 0.7335176736 0.7335176736)
(1.2 0.7335176736 0.7335176736)
(1.3 0.7335176736 0.7335176736)
(1.4 0.7335176736 0.7335176736)
(1.5 0.7335176736 0.7335176736)
(1.6 0.7335176736 0.7335176736)
(1.7 0.7335176736 0.7335176736)
(1.8 0.7335176736 0.7335176736)
(1.9 0.7335176736 0.7335176736)
(2 0.7335176736 0.7335176736)
(0 0.7935921454 0.7335176736)
(0.1 0.7935921454 0.7335176736)
(0.2 0.7935921454 0.7335176736)
(0.3 0.7935921454 0.7335176736)
(0.4 0.7935921454 0.7335176736)
(0.5 0.7935921454 0.7335176736)
(0.6 0.7935921454 0.7335176736)
(0.7 0.7935921454 0.7335176736)
(0.8 0.7935921454 0.7335176736)
(0.9 0.7935921454 0.7335176736)
(1 0.7935921454 0.7335176736)
(1.1 0.7935921454 0.7335176736)
(1.2 0.7935921454 0.7335176736)
(1.3 0.7935921454 0.7335176736)
(1.4 0.7935921454 0.7335176736)
(1.5 0.7935921454 0.7335176736)
(1.6 0.7935921454 0.7335176736)
(1.7 0.7935921454 0.7335176736)
(1.8 0.7935921454 0.7335176736)
(1.9 0.7935921454 0.7335176736)
(2 0.7935921454 0.7335176736)
(0 0.857834566 0.7335176736)
(0.1 0.857834566 0.7335176736)
(0.2 0.857834566 0.7335176736)
(0.3 0.857834566 0.7335176736)
(0.4 0.857834566 0.7335176736)
(0.5 0.857834566 0.7335176736)
(0.6 0.857834566 0.7335176736)
(0.7 0.857834566 0.7335176736)
(0.8 0.857834566 0.7335176736)
(0.9 0.857834566 0.7335176736)
(1 0.857834566 0.7335176736)
(1.1 0.857834566 0.7335176736)
(1.2 0.857834566 0.7335176736)
(1.3 0.857834566 0.7335176736)
(1.4 0.857834566 0.7335176736)
(1.5 0.857834566 0.7335176736)
(1.6 0.857834566 0.7335176736)
(1.7 0.857834566 0.7335176736)
(1.8 0.857834566 0.7335176736)
(1.9 0.857834566 0.7335176736)
(2 0.857834566 0.7335176736)
(0 0.9265341063 0.7335176736)
(0.1 0.9265341063 0.7335176736)
(0.2 0.9265341063 0.7335176736)
(0.3 0.9265341063 0.7335176736)
(0.4 0.9265341063 0.7335176736)
(0.5 0.9265341063 0.7335176736)
(0.6 0.9265341063 0.7335176736)
(0.7 0.9265341063 0.7335176736)
(0.8 0.9265341063 0.7335176736)
(0.9 0.9265341063 0.7335176736)
(1 0.9265341063 0.7335176736)
(1.1 0.9265341063 0.7335176736)
(1.2 0.9265341063 0.7335176736)
(1.3 0.9265341063 0.7335176736)
(1.4 0.9265341063 0.7335176736)
(1.5 0.9265341063 0.7335176736)
(1.6 0.9265341063 0.7335176736)
(1.7 0.9265341063 0.7335176736)
(1.8 0.9265341063 0.7335176736)
(1.9 0.9265341063 0.7335176736)
(2 0.9265341063 0.7335176736)
(0 1 0.7335176736)
(0.1 1 0.7335176736)
(0.2 1 0.7335176736)
(0.3 1 0.7335176736)
(0.4 1 0.7335176736)
(0.5 1 0.7335176736)
(0.6 1 0.7335176736)
(0.7 1 0.7335176736)
(0.8 1 0.7335176736)
(0.9 1 0.7335176736)
(1 1 0.7335176736)
(1.1 1 0.7335176736)
(1.2 1 0.7335176736)
(1.3 1 0.7335176736)
(1.4 1 0.7335176736)
(1.5 1 0.7335176736)
(1.6 1 0.7335176736)
(1.7 1 0.7335176736)
(1.8 1 0.7335176736)
(1.9 1 0.7335176736)
(2 1 0.7335176736)
(0 0 0.7935921454)
(0.1 0 0.7935921454)
(0.2 0 0.7935921454)
(0.3 0 0.7935921454)
(0.4 0 0.7935921454)
(0.5 0 0.7935921454)
(0.6 0 0.7935921454)
(0.7 0 0.7935921454)
(0.8 0 0.7935921454)
(0.9 0 0.7935921454)
(1 0 0.7935921454)
(1.1 0 0.7935921454)
(1.2 0 0.7935921454)
(1.3 0 0.7935921454)
(1.4 0 0.7935921454)
(1.5 0 0.7935921454)
(1.6 0 0.7935921454)
(1.7 0 0.7935921454)
(1.8 0 0.7935921454)
(1.9 0 0.7935921454)
(2 0 0.7935921454)
(0 0.009183236716 0.7935921454)
(0.1 0.009183236716 0.7935921454)
(0.2 0.009183236716 0.7935921454)
(0.3 0.009183236716 0.7935921454)
(0.4 0.009183236716 0.7935921454)
(0.5 0.009183236716 0.7935921454)
(0.6 0.009183236716 0.7935921454)
(0.7 0.009183236716 0.7935921454)
(0.8 0.009183236716 0.7935921454)
(0.9 0.009183236716 0.7935921454)
(1 0.009183236716 0.7935921454)
(1.1 0.009183236716 0.7935921454)
(1.2 0.009183236716 0.7935921454)
(1.3 0.009183236716 0.7935921454)
(1.4 0.009183236716 0.7935921454)
(1.5 0.009183236716 0.7935921454)
(1.6 0.009183236716 0.7935921454)
(1.7 0.009183236716 0.7935921454)
(1.8 0.009183236716 0.7935921454)
(1.9 0.009183236716 0.7935921454)
(2 0.009183236716 0.7935921454)
(0 0.01900360363 0.7935921454)
(0.1 0.01900360363 0.7935921454)
(0.2 0.01900360363 0.7935921454)
(0.3 0.01900360363 0.7935921454)
(0.4 0.01900360363 0.7935921454)
(0.5 0.01900360363 0.7935921454)
(0.6 0.01900360363 0.7935921454)
(0.7 0.01900360363 0.7935921454)
(0.8 0.01900360363 0.7935921454)
(0.9 0.01900360363 0.7935921454)
(1 0.01900360363 0.7935921454)
(1.1 0.01900360363 0.7935921454)
(1.2 0.01900360363 0.7935921454)
(1.3 0.01900360363 0.7935921454)
(1.4 0.01900360363 0.7935921454)
(1.5 0.01900360363 0.7935921454)
(1.6 0.01900360363 0.7935921454)
(1.7 0.01900360363 0.7935921454)
(1.8 0.01900360363 0.7935921454)
(1.9 0.01900360363 0.7935921454)
(2 0.01900360363 0.7935921454)
(0 0.02950530463 0.7935921454)
(0.1 0.02950530463 0.7935921454)
(0.2 0.02950530463 0.7935921454)
(0.3 0.02950530463 0.7935921454)
(0.4 0.02950530463 0.7935921454)
(0.5 0.02950530463 0.7935921454)
(0.6 0.02950530463 0.7935921454)
(0.7 0.02950530463 0.7935921454)
(0.8 0.02950530463 0.7935921454)
(0.9 0.02950530463 0.7935921454)
(1 0.02950530463 0.7935921454)
(1.1 0.02950530463 0.7935921454)
(1.2 0.02950530463 0.7935921454)
(1.3 0.02950530463 0.7935921454)
(1.4 0.02950530463 0.7935921454)
(1.5 0.02950530463 0.7935921454)
(1.6 0.02950530463 0.7935921454)
(1.7 0.02950530463 0.7935921454)
(1.8 0.02950530463 0.7935921454)
(1.9 0.02950530463 0.7935921454)
(2 0.02950530463 0.7935921454)
(0 0.04073561049 0.7935921454)
(0.1 0.04073561049 0.7935921454)
(0.2 0.04073561049 0.7935921454)
(0.3 0.04073561049 0.7935921454)
(0.4 0.04073561049 0.7935921454)
(0.5 0.04073561049 0.7935921454)
(0.6 0.04073561049 0.7935921454)
(0.7 0.04073561049 0.7935921454)
(0.8 0.04073561049 0.7935921454)
(0.9 0.04073561049 0.7935921454)
(1 0.04073561049 0.7935921454)
(1.1 0.04073561049 0.7935921454)
(1.2 0.04073561049 0.7935921454)
(1.3 0.04073561049 0.7935921454)
(1.4 0.04073561049 0.7935921454)
(1.5 0.04073561049 0.7935921454)
(1.6 0.04073561049 0.7935921454)
(1.7 0.04073561049 0.7935921454)
(1.8 0.04073561049 0.7935921454)
(1.9 0.04073561049 0.7935921454)
(2 0.04073561049 0.7935921454)
(0 0.05274507158 0.7935921454)
(0.1 0.05274507158 0.7935921454)
(0.2 0.05274507158 0.7935921454)
(0.3 0.05274507158 0.7935921454)
(0.4 0.05274507158 0.7935921454)
(0.5 0.05274507158 0.7935921454)
(0.6 0.05274507158 0.7935921454)
(0.7 0.05274507158 0.7935921454)
(0.8 0.05274507158 0.7935921454)
(0.9 0.05274507158 0.7935921454)
(1 0.05274507158 0.7935921454)
(1.1 0.05274507158 0.7935921454)
(1.2 0.05274507158 0.7935921454)
(1.3 0.05274507158 0.7935921454)
(1.4 0.05274507158 0.7935921454)
(1.5 0.05274507158 0.7935921454)
(1.6 0.05274507158 0.7935921454)
(1.7 0.05274507158 0.7935921454)
(1.8 0.05274507158 0.7935921454)
(1.9 0.05274507158 0.7935921454)
(2 0.05274507158 0.7935921454)
(0 0.06558774547 0.7935921454)
(0.1 0.06558774547 0.7935921454)
(0.2 0.06558774547 0.7935921454)
(0.3 0.06558774547 0.7935921454)
(0.4 0.06558774547 0.7935921454)
(0.5 0.06558774547 0.7935921454)
(0.6 0.06558774547 0.7935921454)
(0.7 0.06558774547 0.7935921454)
(0.8 0.06558774547 0.7935921454)
(0.9 0.06558774547 0.7935921454)
(1 0.06558774547 0.7935921454)
(1.1 0.06558774547 0.7935921454)
(1.2 0.06558774547 0.7935921454)
(1.3 0.06558774547 0.7935921454)
(1.4 0.06558774547 0.7935921454)
(1.5 0.06558774547 0.7935921454)
(1.6 0.06558774547 0.7935921454)
(1.7 0.06558774547 0.7935921454)
(1.8 0.06558774547 0.7935921454)
(1.9 0.06558774547 0.7935921454)
(2 0.06558774547 0.7935921454)
(0 0.07932144019 0.7935921454)
(0.1 0.07932144019 0.7935921454)
(0.2 0.07932144019 0.7935921454)
(0.3 0.07932144019 0.7935921454)
(0.4 0.07932144019 0.7935921454)
(0.5 0.07932144019 0.7935921454)
(0.6 0.07932144019 0.7935921454)
(0.7 0.07932144019 0.7935921454)
(0.8 0.07932144019 0.7935921454)
(0.9 0.07932144019 0.7935921454)
(1 0.07932144019 0.7935921454)
(1.1 0.07932144019 0.7935921454)
(1.2 0.07932144019 0.7935921454)
(1.3 0.07932144019 0.7935921454)
(1.4 0.07932144019 0.7935921454)
(1.5 0.07932144019 0.7935921454)
(1.6 0.07932144019 0.7935921454)
(1.7 0.07932144019 0.7935921454)
(1.8 0.07932144019 0.7935921454)
(1.9 0.07932144019 0.7935921454)
(2 0.07932144019 0.7935921454)
(0 0.09400797452 0.7935921454)
(0.1 0.09400797452 0.7935921454)
(0.2 0.09400797452 0.7935921454)
(0.3 0.09400797452 0.7935921454)
(0.4 0.09400797452 0.7935921454)
(0.5 0.09400797452 0.7935921454)
(0.6 0.09400797452 0.7935921454)
(0.7 0.09400797452 0.7935921454)
(0.8 0.09400797452 0.7935921454)
(0.9 0.09400797452 0.7935921454)
(1 0.09400797452 0.7935921454)
(1.1 0.09400797452 0.7935921454)
(1.2 0.09400797452 0.7935921454)
(1.3 0.09400797452 0.7935921454)
(1.4 0.09400797452 0.7935921454)
(1.5 0.09400797452 0.7935921454)
(1.6 0.09400797452 0.7935921454)
(1.7 0.09400797452 0.7935921454)
(1.8 0.09400797452 0.7935921454)
(1.9 0.09400797452 0.7935921454)
(2 0.09400797452 0.7935921454)
(0 0.1097134562 0.7935921454)
(0.1 0.1097134562 0.7935921454)
(0.2 0.1097134562 0.7935921454)
(0.3 0.1097134562 0.7935921454)
(0.4 0.1097134562 0.7935921454)
(0.5 0.1097134562 0.7935921454)
(0.6 0.1097134562 0.7935921454)
(0.7 0.1097134562 0.7935921454)
(0.8 0.1097134562 0.7935921454)
(0.9 0.1097134562 0.7935921454)
(1 0.1097134562 0.7935921454)
(1.1 0.1097134562 0.7935921454)
(1.2 0.1097134562 0.7935921454)
(1.3 0.1097134562 0.7935921454)
(1.4 0.1097134562 0.7935921454)
(1.5 0.1097134562 0.7935921454)
(1.6 0.1097134562 0.7935921454)
(1.7 0.1097134562 0.7935921454)
(1.8 0.1097134562 0.7935921454)
(1.9 0.1097134562 0.7935921454)
(2 0.1097134562 0.7935921454)
(0 0.1265085794 0.7935921454)
(0.1 0.1265085794 0.7935921454)
(0.2 0.1265085794 0.7935921454)
(0.3 0.1265085794 0.7935921454)
(0.4 0.1265085794 0.7935921454)
(0.5 0.1265085794 0.7935921454)
(0.6 0.1265085794 0.7935921454)
(0.7 0.1265085794 0.7935921454)
(0.8 0.1265085794 0.7935921454)
(0.9 0.1265085794 0.7935921454)
(1 0.1265085794 0.7935921454)
(1.1 0.1265085794 0.7935921454)
(1.2 0.1265085794 0.7935921454)
(1.3 0.1265085794 0.7935921454)
(1.4 0.1265085794 0.7935921454)
(1.5 0.1265085794 0.7935921454)
(1.6 0.1265085794 0.7935921454)
(1.7 0.1265085794 0.7935921454)
(1.8 0.1265085794 0.7935921454)
(1.9 0.1265085794 0.7935921454)
(2 0.1265085794 0.7935921454)
(0 0.1444689432 0.7935921454)
(0.1 0.1444689432 0.7935921454)
(0.2 0.1444689432 0.7935921454)
(0.3 0.1444689432 0.7935921454)
(0.4 0.1444689432 0.7935921454)
(0.5 0.1444689432 0.7935921454)
(0.6 0.1444689432 0.7935921454)
(0.7 0.1444689432 0.7935921454)
(0.8 0.1444689432 0.7935921454)
(0.9 0.1444689432 0.7935921454)
(1 0.1444689432 0.7935921454)
(1.1 0.1444689432 0.7935921454)
(1.2 0.1444689432 0.7935921454)
(1.3 0.1444689432 0.7935921454)
(1.4 0.1444689432 0.7935921454)
(1.5 0.1444689432 0.7935921454)
(1.6 0.1444689432 0.7935921454)
(1.7 0.1444689432 0.7935921454)
(1.8 0.1444689432 0.7935921454)
(1.9 0.1444689432 0.7935921454)
(2 0.1444689432 0.7935921454)
(0 0.1636753917 0.7935921454)
(0.1 0.1636753917 0.7935921454)
(0.2 0.1636753917 0.7935921454)
(0.3 0.1636753917 0.7935921454)
(0.4 0.1636753917 0.7935921454)
(0.5 0.1636753917 0.7935921454)
(0.6 0.1636753917 0.7935921454)
(0.7 0.1636753917 0.7935921454)
(0.8 0.1636753917 0.7935921454)
(0.9 0.1636753917 0.7935921454)
(1 0.1636753917 0.7935921454)
(1.1 0.1636753917 0.7935921454)
(1.2 0.1636753917 0.7935921454)
(1.3 0.1636753917 0.7935921454)
(1.4 0.1636753917 0.7935921454)
(1.5 0.1636753917 0.7935921454)
(1.6 0.1636753917 0.7935921454)
(1.7 0.1636753917 0.7935921454)
(1.8 0.1636753917 0.7935921454)
(1.9 0.1636753917 0.7935921454)
(2 0.1636753917 0.7935921454)
(0 0.1842143777 0.7935921454)
(0.1 0.1842143777 0.7935921454)
(0.2 0.1842143777 0.7935921454)
(0.3 0.1842143777 0.7935921454)
(0.4 0.1842143777 0.7935921454)
(0.5 0.1842143777 0.7935921454)
(0.6 0.1842143777 0.7935921454)
(0.7 0.1842143777 0.7935921454)
(0.8 0.1842143777 0.7935921454)
(0.9 0.1842143777 0.7935921454)
(1 0.1842143777 0.7935921454)
(1.1 0.1842143777 0.7935921454)
(1.2 0.1842143777 0.7935921454)
(1.3 0.1842143777 0.7935921454)
(1.4 0.1842143777 0.7935921454)
(1.5 0.1842143777 0.7935921454)
(1.6 0.1842143777 0.7935921454)
(1.7 0.1842143777 0.7935921454)
(1.8 0.1842143777 0.7935921454)
(1.9 0.1842143777 0.7935921454)
(2 0.1842143777 0.7935921454)
(0 0.2061783524 0.7935921454)
(0.1 0.2061783524 0.7935921454)
(0.2 0.2061783524 0.7935921454)
(0.3 0.2061783524 0.7935921454)
(0.4 0.2061783524 0.7935921454)
(0.5 0.2061783524 0.7935921454)
(0.6 0.2061783524 0.7935921454)
(0.7 0.2061783524 0.7935921454)
(0.8 0.2061783524 0.7935921454)
(0.9 0.2061783524 0.7935921454)
(1 0.2061783524 0.7935921454)
(1.1 0.2061783524 0.7935921454)
(1.2 0.2061783524 0.7935921454)
(1.3 0.2061783524 0.7935921454)
(1.4 0.2061783524 0.7935921454)
(1.5 0.2061783524 0.7935921454)
(1.6 0.2061783524 0.7935921454)
(1.7 0.2061783524 0.7935921454)
(1.8 0.2061783524 0.7935921454)
(1.9 0.2061783524 0.7935921454)
(2 0.2061783524 0.7935921454)
(0 0.2296661811 0.7935921454)
(0.1 0.2296661811 0.7935921454)
(0.2 0.2296661811 0.7935921454)
(0.3 0.2296661811 0.7935921454)
(0.4 0.2296661811 0.7935921454)
(0.5 0.2296661811 0.7935921454)
(0.6 0.2296661811 0.7935921454)
(0.7 0.2296661811 0.7935921454)
(0.8 0.2296661811 0.7935921454)
(0.9 0.2296661811 0.7935921454)
(1 0.2296661811 0.7935921454)
(1.1 0.2296661811 0.7935921454)
(1.2 0.2296661811 0.7935921454)
(1.3 0.2296661811 0.7935921454)
(1.4 0.2296661811 0.7935921454)
(1.5 0.2296661811 0.7935921454)
(1.6 0.2296661811 0.7935921454)
(1.7 0.2296661811 0.7935921454)
(1.8 0.2296661811 0.7935921454)
(1.9 0.2296661811 0.7935921454)
(2 0.2296661811 0.7935921454)
(0 0.2547835882 0.7935921454)
(0.1 0.2547835882 0.7935921454)
(0.2 0.2547835882 0.7935921454)
(0.3 0.2547835882 0.7935921454)
(0.4 0.2547835882 0.7935921454)
(0.5 0.2547835882 0.7935921454)
(0.6 0.2547835882 0.7935921454)
(0.7 0.2547835882 0.7935921454)
(0.8 0.2547835882 0.7935921454)
(0.9 0.2547835882 0.7935921454)
(1 0.2547835882 0.7935921454)
(1.1 0.2547835882 0.7935921454)
(1.2 0.2547835882 0.7935921454)
(1.3 0.2547835882 0.7935921454)
(1.4 0.2547835882 0.7935921454)
(1.5 0.2547835882 0.7935921454)
(1.6 0.2547835882 0.7935921454)
(1.7 0.2547835882 0.7935921454)
(1.8 0.2547835882 0.7935921454)
(1.9 0.2547835882 0.7935921454)
(2 0.2547835882 0.7935921454)
(0 0.2816436335 0.7935921454)
(0.1 0.2816436335 0.7935921454)
(0.2 0.2816436335 0.7935921454)
(0.3 0.2816436335 0.7935921454)
(0.4 0.2816436335 0.7935921454)
(0.5 0.2816436335 0.7935921454)
(0.6 0.2816436335 0.7935921454)
(0.7 0.2816436335 0.7935921454)
(0.8 0.2816436335 0.7935921454)
(0.9 0.2816436335 0.7935921454)
(1 0.2816436335 0.7935921454)
(1.1 0.2816436335 0.7935921454)
(1.2 0.2816436335 0.7935921454)
(1.3 0.2816436335 0.7935921454)
(1.4 0.2816436335 0.7935921454)
(1.5 0.2816436335 0.7935921454)
(1.6 0.2816436335 0.7935921454)
(1.7 0.2816436335 0.7935921454)
(1.8 0.2816436335 0.7935921454)
(1.9 0.2816436335 0.7935921454)
(2 0.2816436335 0.7935921454)
(0 0.3103672206 0.7935921454)
(0.1 0.3103672206 0.7935921454)
(0.2 0.3103672206 0.7935921454)
(0.3 0.3103672206 0.7935921454)
(0.4 0.3103672206 0.7935921454)
(0.5 0.3103672206 0.7935921454)
(0.6 0.3103672206 0.7935921454)
(0.7 0.3103672206 0.7935921454)
(0.8 0.3103672206 0.7935921454)
(0.9 0.3103672206 0.7935921454)
(1 0.3103672206 0.7935921454)
(1.1 0.3103672206 0.7935921454)
(1.2 0.3103672206 0.7935921454)
(1.3 0.3103672206 0.7935921454)
(1.4 0.3103672206 0.7935921454)
(1.5 0.3103672206 0.7935921454)
(1.6 0.3103672206 0.7935921454)
(1.7 0.3103672206 0.7935921454)
(1.8 0.3103672206 0.7935921454)
(1.9 0.3103672206 0.7935921454)
(2 0.3103672206 0.7935921454)
(0 0.3410836415 0.7935921454)
(0.1 0.3410836415 0.7935921454)
(0.2 0.3410836415 0.7935921454)
(0.3 0.3410836415 0.7935921454)
(0.4 0.3410836415 0.7935921454)
(0.5 0.3410836415 0.7935921454)
(0.6 0.3410836415 0.7935921454)
(0.7 0.3410836415 0.7935921454)
(0.8 0.3410836415 0.7935921454)
(0.9 0.3410836415 0.7935921454)
(1 0.3410836415 0.7935921454)
(1.1 0.3410836415 0.7935921454)
(1.2 0.3410836415 0.7935921454)
(1.3 0.3410836415 0.7935921454)
(1.4 0.3410836415 0.7935921454)
(1.5 0.3410836415 0.7935921454)
(1.6 0.3410836415 0.7935921454)
(1.7 0.3410836415 0.7935921454)
(1.8 0.3410836415 0.7935921454)
(1.9 0.3410836415 0.7935921454)
(2 0.3410836415 0.7935921454)
(0 0.3739311585 0.7935921454)
(0.1 0.3739311585 0.7935921454)
(0.2 0.3739311585 0.7935921454)
(0.3 0.3739311585 0.7935921454)
(0.4 0.3739311585 0.7935921454)
(0.5 0.3739311585 0.7935921454)
(0.6 0.3739311585 0.7935921454)
(0.7 0.3739311585 0.7935921454)
(0.8 0.3739311585 0.7935921454)
(0.9 0.3739311585 0.7935921454)
(1 0.3739311585 0.7935921454)
(1.1 0.3739311585 0.7935921454)
(1.2 0.3739311585 0.7935921454)
(1.3 0.3739311585 0.7935921454)
(1.4 0.3739311585 0.7935921454)
(1.5 0.3739311585 0.7935921454)
(1.6 0.3739311585 0.7935921454)
(1.7 0.3739311585 0.7935921454)
(1.8 0.3739311585 0.7935921454)
(1.9 0.3739311585 0.7935921454)
(2 0.3739311585 0.7935921454)
(0 0.4090576263 0.7935921454)
(0.1 0.4090576263 0.7935921454)
(0.2 0.4090576263 0.7935921454)
(0.3 0.4090576263 0.7935921454)
(0.4 0.4090576263 0.7935921454)
(0.5 0.4090576263 0.7935921454)
(0.6 0.4090576263 0.7935921454)
(0.7 0.4090576263 0.7935921454)
(0.8 0.4090576263 0.7935921454)
(0.9 0.4090576263 0.7935921454)
(1 0.4090576263 0.7935921454)
(1.1 0.4090576263 0.7935921454)
(1.2 0.4090576263 0.7935921454)
(1.3 0.4090576263 0.7935921454)
(1.4 0.4090576263 0.7935921454)
(1.5 0.4090576263 0.7935921454)
(1.6 0.4090576263 0.7935921454)
(1.7 0.4090576263 0.7935921454)
(1.8 0.4090576263 0.7935921454)
(1.9 0.4090576263 0.7935921454)
(2 0.4090576263 0.7935921454)
(0 0.4466211578 0.7935921454)
(0.1 0.4466211578 0.7935921454)
(0.2 0.4466211578 0.7935921454)
(0.3 0.4466211578 0.7935921454)
(0.4 0.4466211578 0.7935921454)
(0.5 0.4466211578 0.7935921454)
(0.6 0.4466211578 0.7935921454)
(0.7 0.4466211578 0.7935921454)
(0.8 0.4466211578 0.7935921454)
(0.9 0.4466211578 0.7935921454)
(1 0.4466211578 0.7935921454)
(1.1 0.4466211578 0.7935921454)
(1.2 0.4466211578 0.7935921454)
(1.3 0.4466211578 0.7935921454)
(1.4 0.4466211578 0.7935921454)
(1.5 0.4466211578 0.7935921454)
(1.6 0.4466211578 0.7935921454)
(1.7 0.4466211578 0.7935921454)
(1.8 0.4466211578 0.7935921454)
(1.9 0.4466211578 0.7935921454)
(2 0.4466211578 0.7935921454)
(0 0.4867908358 0.7935921454)
(0.1 0.4867908358 0.7935921454)
(0.2 0.4867908358 0.7935921454)
(0.3 0.4867908358 0.7935921454)
(0.4 0.4867908358 0.7935921454)
(0.5 0.4867908358 0.7935921454)
(0.6 0.4867908358 0.7935921454)
(0.7 0.4867908358 0.7935921454)
(0.8 0.4867908358 0.7935921454)
(0.9 0.4867908358 0.7935921454)
(1 0.4867908358 0.7935921454)
(1.1 0.4867908358 0.7935921454)
(1.2 0.4867908358 0.7935921454)
(1.3 0.4867908358 0.7935921454)
(1.4 0.4867908358 0.7935921454)
(1.5 0.4867908358 0.7935921454)
(1.6 0.4867908358 0.7935921454)
(1.7 0.4867908358 0.7935921454)
(1.8 0.4867908358 0.7935921454)
(1.9 0.4867908358 0.7935921454)
(2 0.4867908358 0.7935921454)
(0 0.529747474 0.7935921454)
(0.1 0.529747474 0.7935921454)
(0.2 0.529747474 0.7935921454)
(0.3 0.529747474 0.7935921454)
(0.4 0.529747474 0.7935921454)
(0.5 0.529747474 0.7935921454)
(0.6 0.529747474 0.7935921454)
(0.7 0.529747474 0.7935921454)
(0.8 0.529747474 0.7935921454)
(0.9 0.529747474 0.7935921454)
(1 0.529747474 0.7935921454)
(1.1 0.529747474 0.7935921454)
(1.2 0.529747474 0.7935921454)
(1.3 0.529747474 0.7935921454)
(1.4 0.529747474 0.7935921454)
(1.5 0.529747474 0.7935921454)
(1.6 0.529747474 0.7935921454)
(1.7 0.529747474 0.7935921454)
(1.8 0.529747474 0.7935921454)
(1.9 0.529747474 0.7935921454)
(2 0.529747474 0.7935921454)
(0 0.5756844308 0.7935921454)
(0.1 0.5756844308 0.7935921454)
(0.2 0.5756844308 0.7935921454)
(0.3 0.5756844308 0.7935921454)
(0.4 0.5756844308 0.7935921454)
(0.5 0.5756844308 0.7935921454)
(0.6 0.5756844308 0.7935921454)
(0.7 0.5756844308 0.7935921454)
(0.8 0.5756844308 0.7935921454)
(0.9 0.5756844308 0.7935921454)
(1 0.5756844308 0.7935921454)
(1.1 0.5756844308 0.7935921454)
(1.2 0.5756844308 0.7935921454)
(1.3 0.5756844308 0.7935921454)
(1.4 0.5756844308 0.7935921454)
(1.5 0.5756844308 0.7935921454)
(1.6 0.5756844308 0.7935921454)
(1.7 0.5756844308 0.7935921454)
(1.8 0.5756844308 0.7935921454)
(1.9 0.5756844308 0.7935921454)
(2 0.5756844308 0.7935921454)
(0 0.6248084798 0.7935921454)
(0.1 0.6248084798 0.7935921454)
(0.2 0.6248084798 0.7935921454)
(0.3 0.6248084798 0.7935921454)
(0.4 0.6248084798 0.7935921454)
(0.5 0.6248084798 0.7935921454)
(0.6 0.6248084798 0.7935921454)
(0.7 0.6248084798 0.7935921454)
(0.8 0.6248084798 0.7935921454)
(0.9 0.6248084798 0.7935921454)
(1 0.6248084798 0.7935921454)
(1.1 0.6248084798 0.7935921454)
(1.2 0.6248084798 0.7935921454)
(1.3 0.6248084798 0.7935921454)
(1.4 0.6248084798 0.7935921454)
(1.5 0.6248084798 0.7935921454)
(1.6 0.6248084798 0.7935921454)
(1.7 0.6248084798 0.7935921454)
(1.8 0.6248084798 0.7935921454)
(1.9 0.6248084798 0.7935921454)
(2 0.6248084798 0.7935921454)
(0 0.6773407405 0.7935921454)
(0.1 0.6773407405 0.7935921454)
(0.2 0.6773407405 0.7935921454)
(0.3 0.6773407405 0.7935921454)
(0.4 0.6773407405 0.7935921454)
(0.5 0.6773407405 0.7935921454)
(0.6 0.6773407405 0.7935921454)
(0.7 0.6773407405 0.7935921454)
(0.8 0.6773407405 0.7935921454)
(0.9 0.6773407405 0.7935921454)
(1 0.6773407405 0.7935921454)
(1.1 0.6773407405 0.7935921454)
(1.2 0.6773407405 0.7935921454)
(1.3 0.6773407405 0.7935921454)
(1.4 0.6773407405 0.7935921454)
(1.5 0.6773407405 0.7935921454)
(1.6 0.6773407405 0.7935921454)
(1.7 0.6773407405 0.7935921454)
(1.8 0.6773407405 0.7935921454)
(1.9 0.6773407405 0.7935921454)
(2 0.6773407405 0.7935921454)
(0 0.7335176736 0.7935921454)
(0.1 0.7335176736 0.7935921454)
(0.2 0.7335176736 0.7935921454)
(0.3 0.7335176736 0.7935921454)
(0.4 0.7335176736 0.7935921454)
(0.5 0.7335176736 0.7935921454)
(0.6 0.7335176736 0.7935921454)
(0.7 0.7335176736 0.7935921454)
(0.8 0.7335176736 0.7935921454)
(0.9 0.7335176736 0.7935921454)
(1 0.7335176736 0.7935921454)
(1.1 0.7335176736 0.7935921454)
(1.2 0.7335176736 0.7935921454)
(1.3 0.7335176736 0.7935921454)
(1.4 0.7335176736 0.7935921454)
(1.5 0.7335176736 0.7935921454)
(1.6 0.7335176736 0.7935921454)
(1.7 0.7335176736 0.7935921454)
(1.8 0.7335176736 0.7935921454)
(1.9 0.7335176736 0.7935921454)
(2 0.7335176736 0.7935921454)
(0 0.7935921454 0.7935921454)
(0.1 0.7935921454 0.7935921454)
(0.2 0.7935921454 0.7935921454)
(0.3 0.7935921454 0.7935921454)
(0.4 0.7935921454 0.7935921454)
(0.5 0.7935921454 0.7935921454)
(0.6 0.7935921454 0.7935921454)
(0.7 0.7935921454 0.7935921454)
(0.8 0.7935921454 0.7935921454)
(0.9 0.7935921454 0.7935921454)
(1 0.7935921454 0.7935921454)
(1.1 0.7935921454 0.7935921454)
(1.2 0.7935921454 0.7935921454)
(1.3 0.7935921454 0.7935921454)
(1.4 0.7935921454 0.7935921454)
(1.5 0.7935921454 0.7935921454)
(1.6 0.7935921454 0.7935921454)
(1.7 0.7935921454 0.7935921454)
(1.8 0.7935921454 0.7935921454)
(1.9 0.7935921454 0.7935921454)
(2 0.7935921454 0.7935921454)
(0 0.857834566 0.7935921454)
(0.1 0.857834566 0.7935921454)
(0.2 0.857834566 0.7935921454)
(0.3 0.857834566 0.7935921454)
(0.4 0.857834566 0.7935921454)
(0.5 0.857834566 0.7935921454)
(0.6 0.857834566 0.7935921454)
(0.7 0.857834566 0.7935921454)
(0.8 0.857834566 0.7935921454)
(0.9 0.857834566 0.7935921454)
(1 0.857834566 0.7935921454)
(1.1 0.857834566 0.7935921454)
(1.2 0.857834566 0.7935921454)
(1.3 0.857834566 0.7935921454)
(1.4 0.857834566 0.7935921454)
(1.5 0.857834566 0.7935921454)
(1.6 0.857834566 0.7935921454)
(1.7 0.857834566 0.7935921454)
(1.8 0.857834566 0.7935921454)
(1.9 0.857834566 0.7935921454)
(2 0.857834566 0.7935921454)
(0 0.9265341063 0.7935921454)
(0.1 0.9265341063 0.7935921454)
(0.2 0.9265341063 0.7935921454)
(0.3 0.9265341063 0.7935921454)
(0.4 0.9265341063 0.7935921454)
(0.5 0.9265341063 0.7935921454)
(0.6 0.9265341063 0.7935921454)
(0.7 0.9265341063 0.7935921454)
(0.8 0.9265341063 0.7935921454)
(0.9 0.9265341063 0.7935921454)
(1 0.9265341063 0.7935921454)
(1.1 0.9265341063 0.7935921454)
(1.2 0.9265341063 0.7935921454)
(1.3 0.9265341063 0.7935921454)
(1.4 0.9265341063 0.7935921454)
(1.5 0.9265341063 0.7935921454)
(1.6 0.9265341063 0.7935921454)
(1.7 0.9265341063 0.7935921454)
(1.8 0.9265341063 0.7935921454)
(1.9 0.9265341063 0.7935921454)
(2 0.9265341063 0.7935921454)
(0 1 0.7935921454)
(0.1 1 0.7935921454)
(0.2 1 0.7935921454)
(0.3 1 0.7935921454)
(0.4 1 0.7935921454)
(0.5 1 0.7935921454)
(0.6 1 0.7935921454)
(0.7 1 0.7935921454)
(0.8 1 0.7935921454)
(0.9 1 0.7935921454)
(1 1 0.7935921454)
(1.1 1 0.7935921454)
(1.2 1 0.7935921454)
(1.3 1 0.7935921454)
(1.4 1 0.7935921454)
(1.5 1 0.7935921454)
(1.6 1 0.7935921454)
(1.7 1 0.7935921454)
(1.8 1 0.7935921454)
(1.9 1 0.7935921454)
(2 1 0.7935921454)
(0 0 0.857834566)
(0.1 0 0.857834566)
(0.2 0 0.857834566)
(0.3 0 0.857834566)
(0.4 0 0.857834566)
(0.5 0 0.857834566)
(0.6 0 0.857834566)
(0.7 0 0.857834566)
(0.8 0 0.857834566)
(0.9 0 0.857834566)
(1 0 0.857834566)
(1.1 0 0.857834566)
(1.2 0 0.857834566)
(1.3 0 0.857834566)
(1.4 0 0.857834566)
(1.5 0 0.857834566)
(1.6 0 0.857834566)
(1.7 0 0.857834566)
(1.8 0 0.857834566)
(1.9 0 0.857834566)
(2 0 0.857834566)
(0 0.009183236716 0.857834566)
(0.1 0.009183236716 0.857834566)
(0.2 0.009183236716 0.857834566)
(0.3 0.009183236716 0.857834566)
(0.4 0.009183236716 0.857834566)
(0.5 0.009183236716 0.857834566)
(0.6 0.009183236716 0.857834566)
(0.7 0.009183236716 0.857834566)
(0.8 0.009183236716 0.857834566)
(0.9 0.009183236716 0.857834566)
(1 0.009183236716 0.857834566)
(1.1 0.009183236716 0.857834566)
(1.2 0.009183236716 0.857834566)
(1.3 0.009183236716 0.857834566)
(1.4 0.009183236716 0.857834566)
(1.5 0.009183236716 0.857834566)
(1.6 0.009183236716 0.857834566)
(1.7 0.009183236716 0.857834566)
(1.8 0.009183236716 0.857834566)
(1.9 0.009183236716 0.857834566)
(2 0.009183236716 0.857834566)
(0 0.01900360363 0.857834566)
(0.1 0.01900360363 0.857834566)
(0.2 0.01900360363 0.857834566)
(0.3 0.01900360363 0.857834566)
(0.4 0.01900360363 0.857834566)
(0.5 0.01900360363 0.857834566)
(0.6 0.01900360363 0.857834566)
(0.7 0.01900360363 0.857834566)
(0.8 0.01900360363 0.857834566)
(0.9 0.01900360363 0.857834566)
(1 0.01900360363 0.857834566)
(1.1 0.01900360363 0.857834566)
(1.2 0.01900360363 0.857834566)
(1.3 0.01900360363 0.857834566)
(1.4 0.01900360363 0.857834566)
(1.5 0.01900360363 0.857834566)
(1.6 0.01900360363 0.857834566)
(1.7 0.01900360363 0.857834566)
(1.8 0.01900360363 0.857834566)
(1.9 0.01900360363 0.857834566)
(2 0.01900360363 0.857834566)
(0 0.02950530463 0.857834566)
(0.1 0.02950530463 0.857834566)
(0.2 0.02950530463 0.857834566)
(0.3 0.02950530463 0.857834566)
(0.4 0.02950530463 0.857834566)
(0.5 0.02950530463 0.857834566)
(0.6 0.02950530463 0.857834566)
(0.7 0.02950530463 0.857834566)
(0.8 0.02950530463 0.857834566)
(0.9 0.02950530463 0.857834566)
(1 0.02950530463 0.857834566)
(1.1 0.02950530463 0.857834566)
(1.2 0.02950530463 0.857834566)
(1.3 0.02950530463 0.857834566)
(1.4 0.02950530463 0.857834566)
(1.5 0.02950530463 0.857834566)
(1.6 0.02950530463 0.857834566)
(1.7 0.02950530463 0.857834566)
(1.8 0.02950530463 0.857834566)
(1.9 0.02950530463 0.857834566)
(2 0.02950530463 0.857834566)
(0 0.04073561049 0.857834566)
(0.1 0.04073561049 0.857834566)
(0.2 0.04073561049 0.857834566)
(0.3 0.04073561049 0.857834566)
(0.4 0.04073561049 0.857834566)
(0.5 0.04073561049 0.857834566)
(0.6 0.04073561049 0.857834566)
(0.7 0.04073561049 0.857834566)
(0.8 0.04073561049 0.857834566)
(0.9 0.04073561049 0.857834566)
(1 0.04073561049 0.857834566)
(1.1 0.04073561049 0.857834566)
(1.2 0.04073561049 0.857834566)
(1.3 0.04073561049 0.857834566)
(1.4 0.04073561049 0.857834566)
(1.5 0.04073561049 0.857834566)
(1.6 0.04073561049 0.857834566)
(1.7 0.04073561049 0.857834566)
(1.8 0.04073561049 0.857834566)
(1.9 0.04073561049 0.857834566)
(2 0.04073561049 0.857834566)
(0 0.05274507158 0.857834566)
(0.1 0.05274507158 0.857834566)
(0.2 0.05274507158 0.857834566)
(0.3 0.05274507158 0.857834566)
(0.4 0.05274507158 0.857834566)
(0.5 0.05274507158 0.857834566)
(0.6 0.05274507158 0.857834566)
(0.7 0.05274507158 0.857834566)
(0.8 0.05274507158 0.857834566)
(0.9 0.05274507158 0.857834566)
(1 0.05274507158 0.857834566)
(1.1 0.05274507158 0.857834566)
(1.2 0.05274507158 0.857834566)
(1.3 0.05274507158 0.857834566)
(1.4 0.05274507158 0.857834566)
(1.5 0.05274507158 0.857834566)
(1.6 0.05274507158 0.857834566)
(1.7 0.05274507158 0.857834566)
(1.8 0.05274507158 0.857834566)
(1.9 0.05274507158 0.857834566)
(2 0.05274507158 0.857834566)
(0 0.06558774547 0.857834566)
(0.1 0.06558774547 0.857834566)
(0.2 0.06558774547 0.857834566)
(0.3 0.06558774547 0.857834566)
(0.4 0.06558774547 0.857834566)
(0.5 0.06558774547 0.857834566)
(0.6 0.06558774547 0.857834566)
(0.7 0.06558774547 0.857834566)
(0.8 0.06558774547 0.857834566)
(0.9 0.06558774547 0.857834566)
(1 0.06558774547 0.857834566)
(1.1 0.06558774547 0.857834566)
(1.2 0.06558774547 0.857834566)
(1.3 0.06558774547 0.857834566)
(1.4 0.06558774547 0.857834566)
(1.5 0.06558774547 0.857834566)
(1.6 0.06558774547 0.857834566)
(1.7 0.06558774547 0.857834566)
(1.8 0.06558774547 0.857834566)
(1.9 0.06558774547 0.857834566)
(2 0.06558774547 0.857834566)
(0 0.07932144019 0.857834566)
(0.1 0.07932144019 0.857834566)
(0.2 0.07932144019 0.857834566)
(0.3 0.07932144019 0.857834566)
(0.4 0.07932144019 0.857834566)
(0.5 0.07932144019 0.857834566)
(0.6 0.07932144019 0.857834566)
(0.7 0.07932144019 0.857834566)
(0.8 0.07932144019 0.857834566)
(0.9 0.07932144019 0.857834566)
(1 0.07932144019 0.857834566)
(1.1 0.07932144019 0.857834566)
(1.2 0.07932144019 0.857834566)
(1.3 0.07932144019 0.857834566)
(1.4 0.07932144019 0.857834566)
(1.5 0.07932144019 0.857834566)
(1.6 0.07932144019 0.857834566)
(1.7 0.07932144019 0.857834566)
(1.8 0.07932144019 0.857834566)
(1.9 0.07932144019 0.857834566)
(2 0.07932144019 0.857834566)
(0 0.09400797452 0.857834566)
(0.1 0.09400797452 0.857834566)
(0.2 0.09400797452 0.857834566)
(0.3 0.09400797452 0.857834566)
(0.4 0.09400797452 0.857834566)
(0.5 0.09400797452 0.857834566)
(0.6 0.09400797452 0.857834566)
(0.7 0.09400797452 0.857834566)
(0.8 0.09400797452 0.857834566)
(0.9 0.09400797452 0.857834566)
(1 0.09400797452 0.857834566)
(1.1 0.09400797452 0.857834566)
(1.2 0.09400797452 0.857834566)
(1.3 0.09400797452 0.857834566)
(1.4 0.09400797452 0.857834566)
(1.5 0.09400797452 0.857834566)
(1.6 0.09400797452 0.857834566)
(1.7 0.09400797452 0.857834566)
(1.8 0.09400797452 0.857834566)
(1.9 0.09400797452 0.857834566)
(2 0.09400797452 0.857834566)
(0 0.1097134562 0.857834566)
(0.1 0.1097134562 0.857834566)
(0.2 0.1097134562 0.857834566)
(0.3 0.1097134562 0.857834566)
(0.4 0.1097134562 0.857834566)
(0.5 0.1097134562 0.857834566)
(0.6 0.1097134562 0.857834566)
(0.7 0.1097134562 0.857834566)
(0.8 0.1097134562 0.857834566)
(0.9 0.1097134562 0.857834566)
(1 0.1097134562 0.857834566)
(1.1 0.1097134562 0.857834566)
(1.2 0.1097134562 0.857834566)
(1.3 0.1097134562 0.857834566)
(1.4 0.1097134562 0.857834566)
(1.5 0.1097134562 0.857834566)
(1.6 0.1097134562 0.857834566)
(1.7 0.1097134562 0.857834566)
(1.8 0.1097134562 0.857834566)
(1.9 0.1097134562 0.857834566)
(2 0.1097134562 0.857834566)
(0 0.1265085794 0.857834566)
(0.1 0.1265085794 0.857834566)
(0.2 0.1265085794 0.857834566)
(0.3 0.1265085794 0.857834566)
(0.4 0.1265085794 0.857834566)
(0.5 0.1265085794 0.857834566)
(0.6 0.1265085794 0.857834566)
(0.7 0.1265085794 0.857834566)
(0.8 0.1265085794 0.857834566)
(0.9 0.1265085794 0.857834566)
(1 0.1265085794 0.857834566)
(1.1 0.1265085794 0.857834566)
(1.2 0.1265085794 0.857834566)
(1.3 0.1265085794 0.857834566)
(1.4 0.1265085794 0.857834566)
(1.5 0.1265085794 0.857834566)
(1.6 0.1265085794 0.857834566)
(1.7 0.1265085794 0.857834566)
(1.8 0.1265085794 0.857834566)
(1.9 0.1265085794 0.857834566)
(2 0.1265085794 0.857834566)
(0 0.1444689432 0.857834566)
(0.1 0.1444689432 0.857834566)
(0.2 0.1444689432 0.857834566)
(0.3 0.1444689432 0.857834566)
(0.4 0.1444689432 0.857834566)
(0.5 0.1444689432 0.857834566)
(0.6 0.1444689432 0.857834566)
(0.7 0.1444689432 0.857834566)
(0.8 0.1444689432 0.857834566)
(0.9 0.1444689432 0.857834566)
(1 0.1444689432 0.857834566)
(1.1 0.1444689432 0.857834566)
(1.2 0.1444689432 0.857834566)
(1.3 0.1444689432 0.857834566)
(1.4 0.1444689432 0.857834566)
(1.5 0.1444689432 0.857834566)
(1.6 0.1444689432 0.857834566)
(1.7 0.1444689432 0.857834566)
(1.8 0.1444689432 0.857834566)
(1.9 0.1444689432 0.857834566)
(2 0.1444689432 0.857834566)
(0 0.1636753917 0.857834566)
(0.1 0.1636753917 0.857834566)
(0.2 0.1636753917 0.857834566)
(0.3 0.1636753917 0.857834566)
(0.4 0.1636753917 0.857834566)
(0.5 0.1636753917 0.857834566)
(0.6 0.1636753917 0.857834566)
(0.7 0.1636753917 0.857834566)
(0.8 0.1636753917 0.857834566)
(0.9 0.1636753917 0.857834566)
(1 0.1636753917 0.857834566)
(1.1 0.1636753917 0.857834566)
(1.2 0.1636753917 0.857834566)
(1.3 0.1636753917 0.857834566)
(1.4 0.1636753917 0.857834566)
(1.5 0.1636753917 0.857834566)
(1.6 0.1636753917 0.857834566)
(1.7 0.1636753917 0.857834566)
(1.8 0.1636753917 0.857834566)
(1.9 0.1636753917 0.857834566)
(2 0.1636753917 0.857834566)
(0 0.1842143777 0.857834566)
(0.1 0.1842143777 0.857834566)
(0.2 0.1842143777 0.857834566)
(0.3 0.1842143777 0.857834566)
(0.4 0.1842143777 0.857834566)
(0.5 0.1842143777 0.857834566)
(0.6 0.1842143777 0.857834566)
(0.7 0.1842143777 0.857834566)
(0.8 0.1842143777 0.857834566)
(0.9 0.1842143777 0.857834566)
(1 0.1842143777 0.857834566)
(1.1 0.1842143777 0.857834566)
(1.2 0.1842143777 0.857834566)
(1.3 0.1842143777 0.857834566)
(1.4 0.1842143777 0.857834566)
(1.5 0.1842143777 0.857834566)
(1.6 0.1842143777 0.857834566)
(1.7 0.1842143777 0.857834566)
(1.8 0.1842143777 0.857834566)
(1.9 0.1842143777 0.857834566)
(2 0.1842143777 0.857834566)
(0 0.2061783524 0.857834566)
(0.1 0.2061783524 0.857834566)
(0.2 0.2061783524 0.857834566)
(0.3 0.2061783524 0.857834566)
(0.4 0.2061783524 0.857834566)
(0.5 0.2061783524 0.857834566)
(0.6 0.2061783524 0.857834566)
(0.7 0.2061783524 0.857834566)
(0.8 0.2061783524 0.857834566)
(0.9 0.2061783524 0.857834566)
(1 0.2061783524 0.857834566)
(1.1 0.2061783524 0.857834566)
(1.2 0.2061783524 0.857834566)
(1.3 0.2061783524 0.857834566)
(1.4 0.2061783524 0.857834566)
(1.5 0.2061783524 0.857834566)
(1.6 0.2061783524 0.857834566)
(1.7 0.2061783524 0.857834566)
(1.8 0.2061783524 0.857834566)
(1.9 0.2061783524 0.857834566)
(2 0.2061783524 0.857834566)
(0 0.2296661811 0.857834566)
(0.1 0.2296661811 0.857834566)
(0.2 0.2296661811 0.857834566)
(0.3 0.2296661811 0.857834566)
(0.4 0.2296661811 0.857834566)
(0.5 0.2296661811 0.857834566)
(0.6 0.2296661811 0.857834566)
(0.7 0.2296661811 0.857834566)
(0.8 0.2296661811 0.857834566)
(0.9 0.2296661811 0.857834566)
(1 0.2296661811 0.857834566)
(1.1 0.2296661811 0.857834566)
(1.2 0.2296661811 0.857834566)
(1.3 0.2296661811 0.857834566)
(1.4 0.2296661811 0.857834566)
(1.5 0.2296661811 0.857834566)
(1.6 0.2296661811 0.857834566)
(1.7 0.2296661811 0.857834566)
(1.8 0.2296661811 0.857834566)
(1.9 0.2296661811 0.857834566)
(2 0.2296661811 0.857834566)
(0 0.2547835882 0.857834566)
(0.1 0.2547835882 0.857834566)
(0.2 0.2547835882 0.857834566)
(0.3 0.2547835882 0.857834566)
(0.4 0.2547835882 0.857834566)
(0.5 0.2547835882 0.857834566)
(0.6 0.2547835882 0.857834566)
(0.7 0.2547835882 0.857834566)
(0.8 0.2547835882 0.857834566)
(0.9 0.2547835882 0.857834566)
(1 0.2547835882 0.857834566)
(1.1 0.2547835882 0.857834566)
(1.2 0.2547835882 0.857834566)
(1.3 0.2547835882 0.857834566)
(1.4 0.2547835882 0.857834566)
(1.5 0.2547835882 0.857834566)
(1.6 0.2547835882 0.857834566)
(1.7 0.2547835882 0.857834566)
(1.8 0.2547835882 0.857834566)
(1.9 0.2547835882 0.857834566)
(2 0.2547835882 0.857834566)
(0 0.2816436335 0.857834566)
(0.1 0.2816436335 0.857834566)
(0.2 0.2816436335 0.857834566)
(0.3 0.2816436335 0.857834566)
(0.4 0.2816436335 0.857834566)
(0.5 0.2816436335 0.857834566)
(0.6 0.2816436335 0.857834566)
(0.7 0.2816436335 0.857834566)
(0.8 0.2816436335 0.857834566)
(0.9 0.2816436335 0.857834566)
(1 0.2816436335 0.857834566)
(1.1 0.2816436335 0.857834566)
(1.2 0.2816436335 0.857834566)
(1.3 0.2816436335 0.857834566)
(1.4 0.2816436335 0.857834566)
(1.5 0.2816436335 0.857834566)
(1.6 0.2816436335 0.857834566)
(1.7 0.2816436335 0.857834566)
(1.8 0.2816436335 0.857834566)
(1.9 0.2816436335 0.857834566)
(2 0.2816436335 0.857834566)
(0 0.3103672206 0.857834566)
(0.1 0.3103672206 0.857834566)
(0.2 0.3103672206 0.857834566)
(0.3 0.3103672206 0.857834566)
(0.4 0.3103672206 0.857834566)
(0.5 0.3103672206 0.857834566)
(0.6 0.3103672206 0.857834566)
(0.7 0.3103672206 0.857834566)
(0.8 0.3103672206 0.857834566)
(0.9 0.3103672206 0.857834566)
(1 0.3103672206 0.857834566)
(1.1 0.3103672206 0.857834566)
(1.2 0.3103672206 0.857834566)
(1.3 0.3103672206 0.857834566)
(1.4 0.3103672206 0.857834566)
(1.5 0.3103672206 0.857834566)
(1.6 0.3103672206 0.857834566)
(1.7 0.3103672206 0.857834566)
(1.8 0.3103672206 0.857834566)
(1.9 0.3103672206 0.857834566)
(2 0.3103672206 0.857834566)
(0 0.3410836415 0.857834566)
(0.1 0.3410836415 0.857834566)
(0.2 0.3410836415 0.857834566)
(0.3 0.3410836415 0.857834566)
(0.4 0.3410836415 0.857834566)
(0.5 0.3410836415 0.857834566)
(0.6 0.3410836415 0.857834566)
(0.7 0.3410836415 0.857834566)
(0.8 0.3410836415 0.857834566)
(0.9 0.3410836415 0.857834566)
(1 0.3410836415 0.857834566)
(1.1 0.3410836415 0.857834566)
(1.2 0.3410836415 0.857834566)
(1.3 0.3410836415 0.857834566)
(1.4 0.3410836415 0.857834566)
(1.5 0.3410836415 0.857834566)
(1.6 0.3410836415 0.857834566)
(1.7 0.3410836415 0.857834566)
(1.8 0.3410836415 0.857834566)
(1.9 0.3410836415 0.857834566)
(2 0.3410836415 0.857834566)
(0 0.3739311585 0.857834566)
(0.1 0.3739311585 0.857834566)
(0.2 0.3739311585 0.857834566)
(0.3 0.3739311585 0.857834566)
(0.4 0.3739311585 0.857834566)
(0.5 0.3739311585 0.857834566)
(0.6 0.3739311585 0.857834566)
(0.7 0.3739311585 0.857834566)
(0.8 0.3739311585 0.857834566)
(0.9 0.3739311585 0.857834566)
(1 0.3739311585 0.857834566)
(1.1 0.3739311585 0.857834566)
(1.2 0.3739311585 0.857834566)
(1.3 0.3739311585 0.857834566)
(1.4 0.3739311585 0.857834566)
(1.5 0.3739311585 0.857834566)
(1.6 0.3739311585 0.857834566)
(1.7 0.3739311585 0.857834566)
(1.8 0.3739311585 0.857834566)
(1.9 0.3739311585 0.857834566)
(2 0.3739311585 0.857834566)
(0 0.4090576263 0.857834566)
(0.1 0.4090576263 0.857834566)
(0.2 0.4090576263 0.857834566)
(0.3 0.4090576263 0.857834566)
(0.4 0.4090576263 0.857834566)
(0.5 0.4090576263 0.857834566)
(0.6 0.4090576263 0.857834566)
(0.7 0.4090576263 0.857834566)
(0.8 0.4090576263 0.857834566)
(0.9 0.4090576263 0.857834566)
(1 0.4090576263 0.857834566)
(1.1 0.4090576263 0.857834566)
(1.2 0.4090576263 0.857834566)
(1.3 0.4090576263 0.857834566)
(1.4 0.4090576263 0.857834566)
(1.5 0.4090576263 0.857834566)
(1.6 0.4090576263 0.857834566)
(1.7 0.4090576263 0.857834566)
(1.8 0.4090576263 0.857834566)
(1.9 0.4090576263 0.857834566)
(2 0.4090576263 0.857834566)
(0 0.4466211578 0.857834566)
(0.1 0.4466211578 0.857834566)
(0.2 0.4466211578 0.857834566)
(0.3 0.4466211578 0.857834566)
(0.4 0.4466211578 0.857834566)
(0.5 0.4466211578 0.857834566)
(0.6 0.4466211578 0.857834566)
(0.7 0.4466211578 0.857834566)
(0.8 0.4466211578 0.857834566)
(0.9 0.4466211578 0.857834566)
(1 0.4466211578 0.857834566)
(1.1 0.4466211578 0.857834566)
(1.2 0.4466211578 0.857834566)
(1.3 0.4466211578 0.857834566)
(1.4 0.4466211578 0.857834566)
(1.5 0.4466211578 0.857834566)
(1.6 0.4466211578 0.857834566)
(1.7 0.4466211578 0.857834566)
(1.8 0.4466211578 0.857834566)
(1.9 0.4466211578 0.857834566)
(2 0.4466211578 0.857834566)
(0 0.4867908358 0.857834566)
(0.1 0.4867908358 0.857834566)
(0.2 0.4867908358 0.857834566)
(0.3 0.4867908358 0.857834566)
(0.4 0.4867908358 0.857834566)
(0.5 0.4867908358 0.857834566)
(0.6 0.4867908358 0.857834566)
(0.7 0.4867908358 0.857834566)
(0.8 0.4867908358 0.857834566)
(0.9 0.4867908358 0.857834566)
(1 0.4867908358 0.857834566)
(1.1 0.4867908358 0.857834566)
(1.2 0.4867908358 0.857834566)
(1.3 0.4867908358 0.857834566)
(1.4 0.4867908358 0.857834566)
(1.5 0.4867908358 0.857834566)
(1.6 0.4867908358 0.857834566)
(1.7 0.4867908358 0.857834566)
(1.8 0.4867908358 0.857834566)
(1.9 0.4867908358 0.857834566)
(2 0.4867908358 0.857834566)
(0 0.529747474 0.857834566)
(0.1 0.529747474 0.857834566)
(0.2 0.529747474 0.857834566)
(0.3 0.529747474 0.857834566)
(0.4 0.529747474 0.857834566)
(0.5 0.529747474 0.857834566)
(0.6 0.529747474 0.857834566)
(0.7 0.529747474 0.857834566)
(0.8 0.529747474 0.857834566)
(0.9 0.529747474 0.857834566)
(1 0.529747474 0.857834566)
(1.1 0.529747474 0.857834566)
(1.2 0.529747474 0.857834566)
(1.3 0.529747474 0.857834566)
(1.4 0.529747474 0.857834566)
(1.5 0.529747474 0.857834566)
(1.6 0.529747474 0.857834566)
(1.7 0.529747474 0.857834566)
(1.8 0.529747474 0.857834566)
(1.9 0.529747474 0.857834566)
(2 0.529747474 0.857834566)
(0 0.5756844308 0.857834566)
(0.1 0.5756844308 0.857834566)
(0.2 0.5756844308 0.857834566)
(0.3 0.5756844308 0.857834566)
(0.4 0.5756844308 0.857834566)
(0.5 0.5756844308 0.857834566)
(0.6 0.5756844308 0.857834566)
(0.7 0.5756844308 0.857834566)
(0.8 0.5756844308 0.857834566)
(0.9 0.5756844308 0.857834566)
(1 0.5756844308 0.857834566)
(1.1 0.5756844308 0.857834566)
(1.2 0.5756844308 0.857834566)
(1.3 0.5756844308 0.857834566)
(1.4 0.5756844308 0.857834566)
(1.5 0.5756844308 0.857834566)
(1.6 0.5756844308 0.857834566)
(1.7 0.5756844308 0.857834566)
(1.8 0.5756844308 0.857834566)
(1.9 0.5756844308 0.857834566)
(2 0.5756844308 0.857834566)
(0 0.6248084798 0.857834566)
(0.1 0.6248084798 0.857834566)
(0.2 0.6248084798 0.857834566)
(0.3 0.6248084798 0.857834566)
(0.4 0.6248084798 0.857834566)
(0.5 0.6248084798 0.857834566)
(0.6 0.6248084798 0.857834566)
(0.7 0.6248084798 0.857834566)
(0.8 0.6248084798 0.857834566)
(0.9 0.6248084798 0.857834566)
(1 0.6248084798 0.857834566)
(1.1 0.6248084798 0.857834566)
(1.2 0.6248084798 0.857834566)
(1.3 0.6248084798 0.857834566)
(1.4 0.6248084798 0.857834566)
(1.5 0.6248084798 0.857834566)
(1.6 0.6248084798 0.857834566)
(1.7 0.6248084798 0.857834566)
(1.8 0.6248084798 0.857834566)
(1.9 0.6248084798 0.857834566)
(2 0.6248084798 0.857834566)
(0 0.6773407405 0.857834566)
(0.1 0.6773407405 0.857834566)
(0.2 0.6773407405 0.857834566)
(0.3 0.6773407405 0.857834566)
(0.4 0.6773407405 0.857834566)
(0.5 0.6773407405 0.857834566)
(0.6 0.6773407405 0.857834566)
(0.7 0.6773407405 0.857834566)
(0.8 0.6773407405 0.857834566)
(0.9 0.6773407405 0.857834566)
(1 0.6773407405 0.857834566)
(1.1 0.6773407405 0.857834566)
(1.2 0.6773407405 0.857834566)
(1.3 0.6773407405 0.857834566)
(1.4 0.6773407405 0.857834566)
(1.5 0.6773407405 0.857834566)
(1.6 0.6773407405 0.857834566)
(1.7 0.6773407405 0.857834566)
(1.8 0.6773407405 0.857834566)
(1.9 0.6773407405 0.857834566)
(2 0.6773407405 0.857834566)
(0 0.7335176736 0.857834566)
(0.1 0.7335176736 0.857834566)
(0.2 0.7335176736 0.857834566)
(0.3 0.7335176736 0.857834566)
(0.4 0.7335176736 0.857834566)
(0.5 0.7335176736 0.857834566)
(0.6 0.7335176736 0.857834566)
(0.7 0.7335176736 0.857834566)
(0.8 0.7335176736 0.857834566)
(0.9 0.7335176736 0.857834566)
(1 0.7335176736 0.857834566)
(1.1 0.7335176736 0.857834566)
(1.2 0.7335176736 0.857834566)
(1.3 0.7335176736 0.857834566)
(1.4 0.7335176736 0.857834566)
(1.5 0.7335176736 0.857834566)
(1.6 0.7335176736 0.857834566)
(1.7 0.7335176736 0.857834566)
(1.8 0.7335176736 0.857834566)
(1.9 0.7335176736 0.857834566)
(2 0.7335176736 0.857834566)
(0 0.7935921454 0.857834566)
(0.1 0.7935921454 0.857834566)
(0.2 0.7935921454 0.857834566)
(0.3 0.7935921454 0.857834566)
(0.4 0.7935921454 0.857834566)
(0.5 0.7935921454 0.857834566)
(0.6 0.7935921454 0.857834566)
(0.7 0.7935921454 0.857834566)
(0.8 0.7935921454 0.857834566)
(0.9 0.7935921454 0.857834566)
(1 0.7935921454 0.857834566)
(1.1 0.7935921454 0.857834566)
(1.2 0.7935921454 0.857834566)
(1.3 0.7935921454 0.857834566)
(1.4 0.7935921454 0.857834566)
(1.5 0.7935921454 0.857834566)
(1.6 0.7935921454 0.857834566)
(1.7 0.7935921454 0.857834566)
(1.8 0.7935921454 0.857834566)
(1.9 0.7935921454 0.857834566)
(2 0.7935921454 0.857834566)
(0 0.857834566 0.857834566)
(0.1 0.857834566 0.857834566)
(0.2 0.857834566 0.857834566)
(0.3 0.857834566 0.857834566)
(0.4 0.857834566 0.857834566)
(0.5 0.857834566 0.857834566)
(0.6 0.857834566 0.857834566)
(0.7 0.857834566 0.857834566)
(0.8 0.857834566 0.857834566)
(0.9 0.857834566 0.857834566)
(1 0.857834566 0.857834566)
(1.1 0.857834566 0.857834566)
(1.2 0.857834566 0.857834566)
(1.3 0.857834566 0.857834566)
(1.4 0.857834566 0.857834566)
(1.5 0.857834566 0.857834566)
(1.6 0.857834566 0.857834566)
(1.7 0.857834566 0.857834566)
(1.8 0.857834566 0.857834566)
(1.9 0.857834566 0.857834566)
(2 0.857834566 0.857834566)
(0 0.9265341063 0.857834566)
(0.1 0.9265341063 0.857834566)
(0.2 0.9265341063 0.857834566)
(0.3 0.9265341063 0.857834566)
(0.4 0.9265341063 0.857834566)
(0.5 0.9265341063 0.857834566)
(0.6 0.9265341063 0.857834566)
(0.7 0.9265341063 0.857834566)
(0.8 0.9265341063 0.857834566)
(0.9 0.9265341063 0.857834566)
(1 0.9265341063 0.857834566)
(1.1 0.9265341063 0.857834566)
(1.2 0.9265341063 0.857834566)
(1.3 0.9265341063 0.857834566)
(1.4 0.9265341063 0.857834566)
(1.5 0.9265341063 0.857834566)
(1.6 0.9265341063 0.857834566)
(1.7 0.9265341063 0.857834566)
(1.8 0.9265341063 0.857834566)
(1.9 0.9265341063 0.857834566)
(2 0.9265341063 0.857834566)
(0 1 0.857834566)
(0.1 1 0.857834566)
(0.2 1 0.857834566)
(0.3 1 0.857834566)
(0.4 1 0.857834566)
(0.5 1 0.857834566)
(0.6 1 0.857834566)
(0.7 1 0.857834566)
(0.8 1 0.857834566)
(0.9 1 0.857834566)
(1 1 0.857834566)
(1.1 1 0.857834566)
(1.2 1 0.857834566)
(1.3 1 0.857834566)
(1.4 1 0.857834566)
(1.5 1 0.857834566)
(1.6 1 0.857834566)
(1.7 1 0.857834566)
(1.8 1 0.857834566)
(1.9 1 0.857834566)
(2 1 0.857834566)
(0 0 0.9265341063)
(0.1 0 0.9265341063)
(0.2 0 0.9265341063)
(0.3 0 0.9265341063)
(0.4 0 0.9265341063)
(0.5 0 0.9265341063)
(0.6 0 0.9265341063)
(0.7 0 0.9265341063)
(0.8 0 0.9265341063)
(0.9 0 0.9265341063)
(1 0 0.9265341063)
(1.1 0 0.9265341063)
(1.2 0 0.9265341063)
(1.3 0 0.9265341063)
(1.4 0 0.9265341063)
(1.5 0 0.9265341063)
(1.6 0 0.9265341063)
(1.7 0 0.9265341063)
(1.8 0 0.9265341063)
(1.9 0 0.9265341063)
(2 0 0.9265341063)
(0 0.009183236716 0.9265341063)
(0.1 0.009183236716 0.9265341063)
(0.2 0.009183236716 0.9265341063)
(0.3 0.009183236716 0.9265341063)
(0.4 0.009183236716 0.9265341063)
(0.5 0.009183236716 0.9265341063)
(0.6 0.009183236716 0.9265341063)
(0.7 0.009183236716 0.9265341063)
(0.8 0.009183236716 0.9265341063)
(0.9 0.009183236716 0.9265341063)
(1 0.009183236716 0.9265341063)
(1.1 0.009183236716 0.9265341063)
(1.2 0.009183236716 0.9265341063)
(1.3 0.009183236716 0.9265341063)
(1.4 0.009183236716 0.9265341063)
(1.5 0.009183236716 0.9265341063)
(1.6 0.009183236716 0.9265341063)
(1.7 0.009183236716 0.9265341063)
(1.8 0.009183236716 0.9265341063)
(1.9 0.009183236716 0.9265341063)
(2 0.009183236716 0.9265341063)
(0 0.01900360363 0.9265341063)
(0.1 0.01900360363 0.9265341063)
(0.2 0.01900360363 0.9265341063)
(0.3 0.01900360363 0.9265341063)
(0.4 0.01900360363 0.9265341063)
(0.5 0.01900360363 0.9265341063)
(0.6 0.01900360363 0.9265341063)
(0.7 0.01900360363 0.9265341063)
(0.8 0.01900360363 0.9265341063)
(0.9 0.01900360363 0.9265341063)
(1 0.01900360363 0.9265341063)
(1.1 0.01900360363 0.9265341063)
(1.2 0.01900360363 0.9265341063)
(1.3 0.01900360363 0.9265341063)
(1.4 0.01900360363 0.9265341063)
(1.5 0.01900360363 0.9265341063)
(1.6 0.01900360363 0.9265341063)
(1.7 0.01900360363 0.9265341063)
(1.8 0.01900360363 0.9265341063)
(1.9 0.01900360363 0.9265341063)
(2 0.01900360363 0.9265341063)
(0 0.02950530463 0.9265341063)
(0.1 0.02950530463 0.9265341063)
(0.2 0.02950530463 0.9265341063)
(0.3 0.02950530463 0.9265341063)
(0.4 0.02950530463 0.9265341063)
(0.5 0.02950530463 0.9265341063)
(0.6 0.02950530463 0.9265341063)
(0.7 0.02950530463 0.9265341063)
(0.8 0.02950530463 0.9265341063)
(0.9 0.02950530463 0.9265341063)
(1 0.02950530463 0.9265341063)
(1.1 0.02950530463 0.9265341063)
(1.2 0.02950530463 0.9265341063)
(1.3 0.02950530463 0.9265341063)
(1.4 0.02950530463 0.9265341063)
(1.5 0.02950530463 0.9265341063)
(1.6 0.02950530463 0.9265341063)
(1.7 0.02950530463 0.9265341063)
(1.8 0.02950530463 0.9265341063)
(1.9 0.02950530463 0.9265341063)
(2 0.02950530463 0.9265341063)
(0 0.04073561049 0.9265341063)
(0.1 0.04073561049 0.9265341063)
(0.2 0.04073561049 0.9265341063)
(0.3 0.04073561049 0.9265341063)
(0.4 0.04073561049 0.9265341063)
(0.5 0.04073561049 0.9265341063)
(0.6 0.04073561049 0.9265341063)
(0.7 0.04073561049 0.9265341063)
(0.8 0.04073561049 0.9265341063)
(0.9 0.04073561049 0.9265341063)
(1 0.04073561049 0.9265341063)
(1.1 0.04073561049 0.9265341063)
(1.2 0.04073561049 0.9265341063)
(1.3 0.04073561049 0.9265341063)
(1.4 0.04073561049 0.9265341063)
(1.5 0.04073561049 0.9265341063)
(1.6 0.04073561049 0.9265341063)
(1.7 0.04073561049 0.9265341063)
(1.8 0.04073561049 0.9265341063)
(1.9 0.04073561049 0.9265341063)
(2 0.04073561049 0.9265341063)
(0 0.05274507158 0.9265341063)
(0.1 0.05274507158 0.9265341063)
(0.2 0.05274507158 0.9265341063)
(0.3 0.05274507158 0.9265341063)
(0.4 0.05274507158 0.9265341063)
(0.5 0.05274507158 0.9265341063)
(0.6 0.05274507158 0.9265341063)
(0.7 0.05274507158 0.9265341063)
(0.8 0.05274507158 0.9265341063)
(0.9 0.05274507158 0.9265341063)
(1 0.05274507158 0.9265341063)
(1.1 0.05274507158 0.9265341063)
(1.2 0.05274507158 0.9265341063)
(1.3 0.05274507158 0.9265341063)
(1.4 0.05274507158 0.9265341063)
(1.5 0.05274507158 0.9265341063)
(1.6 0.05274507158 0.9265341063)
(1.7 0.05274507158 0.9265341063)
(1.8 0.05274507158 0.9265341063)
(1.9 0.05274507158 0.9265341063)
(2 0.05274507158 0.9265341063)
(0 0.06558774547 0.9265341063)
(0.1 0.06558774547 0.9265341063)
(0.2 0.06558774547 0.9265341063)
(0.3 0.06558774547 0.9265341063)
(0.4 0.06558774547 0.9265341063)
(0.5 0.06558774547 0.9265341063)
(0.6 0.06558774547 0.9265341063)
(0.7 0.06558774547 0.9265341063)
(0.8 0.06558774547 0.9265341063)
(0.9 0.06558774547 0.9265341063)
(1 0.06558774547 0.9265341063)
(1.1 0.06558774547 0.9265341063)
(1.2 0.06558774547 0.9265341063)
(1.3 0.06558774547 0.9265341063)
(1.4 0.06558774547 0.9265341063)
(1.5 0.06558774547 0.9265341063)
(1.6 0.06558774547 0.9265341063)
(1.7 0.06558774547 0.9265341063)
(1.8 0.06558774547 0.9265341063)
(1.9 0.06558774547 0.9265341063)
(2 0.06558774547 0.9265341063)
(0 0.07932144019 0.9265341063)
(0.1 0.07932144019 0.9265341063)
(0.2 0.07932144019 0.9265341063)
(0.3 0.07932144019 0.9265341063)
(0.4 0.07932144019 0.9265341063)
(0.5 0.07932144019 0.9265341063)
(0.6 0.07932144019 0.9265341063)
(0.7 0.07932144019 0.9265341063)
(0.8 0.07932144019 0.9265341063)
(0.9 0.07932144019 0.9265341063)
(1 0.07932144019 0.9265341063)
(1.1 0.07932144019 0.9265341063)
(1.2 0.07932144019 0.9265341063)
(1.3 0.07932144019 0.9265341063)
(1.4 0.07932144019 0.9265341063)
(1.5 0.07932144019 0.9265341063)
(1.6 0.07932144019 0.9265341063)
(1.7 0.07932144019 0.9265341063)
(1.8 0.07932144019 0.9265341063)
(1.9 0.07932144019 0.9265341063)
(2 0.07932144019 0.9265341063)
(0 0.09400797452 0.9265341063)
(0.1 0.09400797452 0.9265341063)
(0.2 0.09400797452 0.9265341063)
(0.3 0.09400797452 0.9265341063)
(0.4 0.09400797452 0.9265341063)
(0.5 0.09400797452 0.9265341063)
(0.6 0.09400797452 0.9265341063)
(0.7 0.09400797452 0.9265341063)
(0.8 0.09400797452 0.9265341063)
(0.9 0.09400797452 0.9265341063)
(1 0.09400797452 0.9265341063)
(1.1 0.09400797452 0.9265341063)
(1.2 0.09400797452 0.9265341063)
(1.3 0.09400797452 0.9265341063)
(1.4 0.09400797452 0.9265341063)
(1.5 0.09400797452 0.9265341063)
(1.6 0.09400797452 0.9265341063)
(1.7 0.09400797452 0.9265341063)
(1.8 0.09400797452 0.9265341063)
(1.9 0.09400797452 0.9265341063)
(2 0.09400797452 0.9265341063)
(0 0.1097134562 0.9265341063)
(0.1 0.1097134562 0.9265341063)
(0.2 0.1097134562 0.9265341063)
(0.3 0.1097134562 0.9265341063)
(0.4 0.1097134562 0.9265341063)
(0.5 0.1097134562 0.9265341063)
(0.6 0.1097134562 0.9265341063)
(0.7 0.1097134562 0.9265341063)
(0.8 0.1097134562 0.9265341063)
(0.9 0.1097134562 0.9265341063)
(1 0.1097134562 0.9265341063)
(1.1 0.1097134562 0.9265341063)
(1.2 0.1097134562 0.9265341063)
(1.3 0.1097134562 0.9265341063)
(1.4 0.1097134562 0.9265341063)
(1.5 0.1097134562 0.9265341063)
(1.6 0.1097134562 0.9265341063)
(1.7 0.1097134562 0.9265341063)
(1.8 0.1097134562 0.9265341063)
(1.9 0.1097134562 0.9265341063)
(2 0.1097134562 0.9265341063)
(0 0.1265085794 0.9265341063)
(0.1 0.1265085794 0.9265341063)
(0.2 0.1265085794 0.9265341063)
(0.3 0.1265085794 0.9265341063)
(0.4 0.1265085794 0.9265341063)
(0.5 0.1265085794 0.9265341063)
(0.6 0.1265085794 0.9265341063)
(0.7 0.1265085794 0.9265341063)
(0.8 0.1265085794 0.9265341063)
(0.9 0.1265085794 0.9265341063)
(1 0.1265085794 0.9265341063)
(1.1 0.1265085794 0.9265341063)
(1.2 0.1265085794 0.9265341063)
(1.3 0.1265085794 0.9265341063)
(1.4 0.1265085794 0.9265341063)
(1.5 0.1265085794 0.9265341063)
(1.6 0.1265085794 0.9265341063)
(1.7 0.1265085794 0.9265341063)
(1.8 0.1265085794 0.9265341063)
(1.9 0.1265085794 0.9265341063)
(2 0.1265085794 0.9265341063)
(0 0.1444689432 0.9265341063)
(0.1 0.1444689432 0.9265341063)
(0.2 0.1444689432 0.9265341063)
(0.3 0.1444689432 0.9265341063)
(0.4 0.1444689432 0.9265341063)
(0.5 0.1444689432 0.9265341063)
(0.6 0.1444689432 0.9265341063)
(0.7 0.1444689432 0.9265341063)
(0.8 0.1444689432 0.9265341063)
(0.9 0.1444689432 0.9265341063)
(1 0.1444689432 0.9265341063)
(1.1 0.1444689432 0.9265341063)
(1.2 0.1444689432 0.9265341063)
(1.3 0.1444689432 0.9265341063)
(1.4 0.1444689432 0.9265341063)
(1.5 0.1444689432 0.9265341063)
(1.6 0.1444689432 0.9265341063)
(1.7 0.1444689432 0.9265341063)
(1.8 0.1444689432 0.9265341063)
(1.9 0.1444689432 0.9265341063)
(2 0.1444689432 0.9265341063)
(0 0.1636753917 0.9265341063)
(0.1 0.1636753917 0.9265341063)
(0.2 0.1636753917 0.9265341063)
(0.3 0.1636753917 0.9265341063)
(0.4 0.1636753917 0.9265341063)
(0.5 0.1636753917 0.9265341063)
(0.6 0.1636753917 0.9265341063)
(0.7 0.1636753917 0.9265341063)
(0.8 0.1636753917 0.9265341063)
(0.9 0.1636753917 0.9265341063)
(1 0.1636753917 0.9265341063)
(1.1 0.1636753917 0.9265341063)
(1.2 0.1636753917 0.9265341063)
(1.3 0.1636753917 0.9265341063)
(1.4 0.1636753917 0.9265341063)
(1.5 0.1636753917 0.9265341063)
(1.6 0.1636753917 0.9265341063)
(1.7 0.1636753917 0.9265341063)
(1.8 0.1636753917 0.9265341063)
(1.9 0.1636753917 0.9265341063)
(2 0.1636753917 0.9265341063)
(0 0.1842143777 0.9265341063)
(0.1 0.1842143777 0.9265341063)
(0.2 0.1842143777 0.9265341063)
(0.3 0.1842143777 0.9265341063)
(0.4 0.1842143777 0.9265341063)
(0.5 0.1842143777 0.9265341063)
(0.6 0.1842143777 0.9265341063)
(0.7 0.1842143777 0.9265341063)
(0.8 0.1842143777 0.9265341063)
(0.9 0.1842143777 0.9265341063)
(1 0.1842143777 0.9265341063)
(1.1 0.1842143777 0.9265341063)
(1.2 0.1842143777 0.9265341063)
(1.3 0.1842143777 0.9265341063)
(1.4 0.1842143777 0.9265341063)
(1.5 0.1842143777 0.9265341063)
(1.6 0.1842143777 0.9265341063)
(1.7 0.1842143777 0.9265341063)
(1.8 0.1842143777 0.9265341063)
(1.9 0.1842143777 0.9265341063)
(2 0.1842143777 0.9265341063)
(0 0.2061783524 0.9265341063)
(0.1 0.2061783524 0.9265341063)
(0.2 0.2061783524 0.9265341063)
(0.3 0.2061783524 0.9265341063)
(0.4 0.2061783524 0.9265341063)
(0.5 0.2061783524 0.9265341063)
(0.6 0.2061783524 0.9265341063)
(0.7 0.2061783524 0.9265341063)
(0.8 0.2061783524 0.9265341063)
(0.9 0.2061783524 0.9265341063)
(1 0.2061783524 0.9265341063)
(1.1 0.2061783524 0.9265341063)
(1.2 0.2061783524 0.9265341063)
(1.3 0.2061783524 0.9265341063)
(1.4 0.2061783524 0.9265341063)
(1.5 0.2061783524 0.9265341063)
(1.6 0.2061783524 0.9265341063)
(1.7 0.2061783524 0.9265341063)
(1.8 0.2061783524 0.9265341063)
(1.9 0.2061783524 0.9265341063)
(2 0.2061783524 0.9265341063)
(0 0.2296661811 0.9265341063)
(0.1 0.2296661811 0.9265341063)
(0.2 0.2296661811 0.9265341063)
(0.3 0.2296661811 0.9265341063)
(0.4 0.2296661811 0.9265341063)
(0.5 0.2296661811 0.9265341063)
(0.6 0.2296661811 0.9265341063)
(0.7 0.2296661811 0.9265341063)
(0.8 0.2296661811 0.9265341063)
(0.9 0.2296661811 0.9265341063)
(1 0.2296661811 0.9265341063)
(1.1 0.2296661811 0.9265341063)
(1.2 0.2296661811 0.9265341063)
(1.3 0.2296661811 0.9265341063)
(1.4 0.2296661811 0.9265341063)
(1.5 0.2296661811 0.9265341063)
(1.6 0.2296661811 0.9265341063)
(1.7 0.2296661811 0.9265341063)
(1.8 0.2296661811 0.9265341063)
(1.9 0.2296661811 0.9265341063)
(2 0.2296661811 0.9265341063)
(0 0.2547835882 0.9265341063)
(0.1 0.2547835882 0.9265341063)
(0.2 0.2547835882 0.9265341063)
(0.3 0.2547835882 0.9265341063)
(0.4 0.2547835882 0.9265341063)
(0.5 0.2547835882 0.9265341063)
(0.6 0.2547835882 0.9265341063)
(0.7 0.2547835882 0.9265341063)
(0.8 0.2547835882 0.9265341063)
(0.9 0.2547835882 0.9265341063)
(1 0.2547835882 0.9265341063)
(1.1 0.2547835882 0.9265341063)
(1.2 0.2547835882 0.9265341063)
(1.3 0.2547835882 0.9265341063)
(1.4 0.2547835882 0.9265341063)
(1.5 0.2547835882 0.9265341063)
(1.6 0.2547835882 0.9265341063)
(1.7 0.2547835882 0.9265341063)
(1.8 0.2547835882 0.9265341063)
(1.9 0.2547835882 0.9265341063)
(2 0.2547835882 0.9265341063)
(0 0.2816436335 0.9265341063)
(0.1 0.2816436335 0.9265341063)
(0.2 0.2816436335 0.9265341063)
(0.3 0.2816436335 0.9265341063)
(0.4 0.2816436335 0.9265341063)
(0.5 0.2816436335 0.9265341063)
(0.6 0.2816436335 0.9265341063)
(0.7 0.2816436335 0.9265341063)
(0.8 0.2816436335 0.9265341063)
(0.9 0.2816436335 0.9265341063)
(1 0.2816436335 0.9265341063)
(1.1 0.2816436335 0.9265341063)
(1.2 0.2816436335 0.9265341063)
(1.3 0.2816436335 0.9265341063)
(1.4 0.2816436335 0.9265341063)
(1.5 0.2816436335 0.9265341063)
(1.6 0.2816436335 0.9265341063)
(1.7 0.2816436335 0.9265341063)
(1.8 0.2816436335 0.9265341063)
(1.9 0.2816436335 0.9265341063)
(2 0.2816436335 0.9265341063)
(0 0.3103672206 0.9265341063)
(0.1 0.3103672206 0.9265341063)
(0.2 0.3103672206 0.9265341063)
(0.3 0.3103672206 0.9265341063)
(0.4 0.3103672206 0.9265341063)
(0.5 0.3103672206 0.9265341063)
(0.6 0.3103672206 0.9265341063)
(0.7 0.3103672206 0.9265341063)
(0.8 0.3103672206 0.9265341063)
(0.9 0.3103672206 0.9265341063)
(1 0.3103672206 0.9265341063)
(1.1 0.3103672206 0.9265341063)
(1.2 0.3103672206 0.9265341063)
(1.3 0.3103672206 0.9265341063)
(1.4 0.3103672206 0.9265341063)
(1.5 0.3103672206 0.9265341063)
(1.6 0.3103672206 0.9265341063)
(1.7 0.3103672206 0.9265341063)
(1.8 0.3103672206 0.9265341063)
(1.9 0.3103672206 0.9265341063)
(2 0.3103672206 0.9265341063)
(0 0.3410836415 0.9265341063)
(0.1 0.3410836415 0.9265341063)
(0.2 0.3410836415 0.9265341063)
(0.3 0.3410836415 0.9265341063)
(0.4 0.3410836415 0.9265341063)
(0.5 0.3410836415 0.9265341063)
(0.6 0.3410836415 0.9265341063)
(0.7 0.3410836415 0.9265341063)
(0.8 0.3410836415 0.9265341063)
(0.9 0.3410836415 0.9265341063)
(1 0.3410836415 0.9265341063)
(1.1 0.3410836415 0.9265341063)
(1.2 0.3410836415 0.9265341063)
(1.3 0.3410836415 0.9265341063)
(1.4 0.3410836415 0.9265341063)
(1.5 0.3410836415 0.9265341063)
(1.6 0.3410836415 0.9265341063)
(1.7 0.3410836415 0.9265341063)
(1.8 0.3410836415 0.9265341063)
(1.9 0.3410836415 0.9265341063)
(2 0.3410836415 0.9265341063)
(0 0.3739311585 0.9265341063)
(0.1 0.3739311585 0.9265341063)
(0.2 0.3739311585 0.9265341063)
(0.3 0.3739311585 0.9265341063)
(0.4 0.3739311585 0.9265341063)
(0.5 0.3739311585 0.9265341063)
(0.6 0.3739311585 0.9265341063)
(0.7 0.3739311585 0.9265341063)
(0.8 0.3739311585 0.9265341063)
(0.9 0.3739311585 0.9265341063)
(1 0.3739311585 0.9265341063)
(1.1 0.3739311585 0.9265341063)
(1.2 0.3739311585 0.9265341063)
(1.3 0.3739311585 0.9265341063)
(1.4 0.3739311585 0.9265341063)
(1.5 0.3739311585 0.9265341063)
(1.6 0.3739311585 0.9265341063)
(1.7 0.3739311585 0.9265341063)
(1.8 0.3739311585 0.9265341063)
(1.9 0.3739311585 0.9265341063)
(2 0.3739311585 0.9265341063)
(0 0.4090576263 0.9265341063)
(0.1 0.4090576263 0.9265341063)
(0.2 0.4090576263 0.9265341063)
(0.3 0.4090576263 0.9265341063)
(0.4 0.4090576263 0.9265341063)
(0.5 0.4090576263 0.9265341063)
(0.6 0.4090576263 0.9265341063)
(0.7 0.4090576263 0.9265341063)
(0.8 0.4090576263 0.9265341063)
(0.9 0.4090576263 0.9265341063)
(1 0.4090576263 0.9265341063)
(1.1 0.4090576263 0.9265341063)
(1.2 0.4090576263 0.9265341063)
(1.3 0.4090576263 0.9265341063)
(1.4 0.4090576263 0.9265341063)
(1.5 0.4090576263 0.9265341063)
(1.6 0.4090576263 0.9265341063)
(1.7 0.4090576263 0.9265341063)
(1.8 0.4090576263 0.9265341063)
(1.9 0.4090576263 0.9265341063)
(2 0.4090576263 0.9265341063)
(0 0.4466211578 0.9265341063)
(0.1 0.4466211578 0.9265341063)
(0.2 0.4466211578 0.9265341063)
(0.3 0.4466211578 0.9265341063)
(0.4 0.4466211578 0.9265341063)
(0.5 0.4466211578 0.9265341063)
(0.6 0.4466211578 0.9265341063)
(0.7 0.4466211578 0.9265341063)
(0.8 0.4466211578 0.9265341063)
(0.9 0.4466211578 0.9265341063)
(1 0.4466211578 0.9265341063)
(1.1 0.4466211578 0.9265341063)
(1.2 0.4466211578 0.9265341063)
(1.3 0.4466211578 0.9265341063)
(1.4 0.4466211578 0.9265341063)
(1.5 0.4466211578 0.9265341063)
(1.6 0.4466211578 0.9265341063)
(1.7 0.4466211578 0.9265341063)
(1.8 0.4466211578 0.9265341063)
(1.9 0.4466211578 0.9265341063)
(2 0.4466211578 0.9265341063)
(0 0.4867908358 0.9265341063)
(0.1 0.4867908358 0.9265341063)
(0.2 0.4867908358 0.9265341063)
(0.3 0.4867908358 0.9265341063)
(0.4 0.4867908358 0.9265341063)
(0.5 0.4867908358 0.9265341063)
(0.6 0.4867908358 0.9265341063)
(0.7 0.4867908358 0.9265341063)
(0.8 0.4867908358 0.9265341063)
(0.9 0.4867908358 0.9265341063)
(1 0.4867908358 0.9265341063)
(1.1 0.4867908358 0.9265341063)
(1.2 0.4867908358 0.9265341063)
(1.3 0.4867908358 0.9265341063)
(1.4 0.4867908358 0.9265341063)
(1.5 0.4867908358 0.9265341063)
(1.6 0.4867908358 0.9265341063)
(1.7 0.4867908358 0.9265341063)
(1.8 0.4867908358 0.9265341063)
(1.9 0.4867908358 0.9265341063)
(2 0.4867908358 0.9265341063)
(0 0.529747474 0.9265341063)
(0.1 0.529747474 0.9265341063)
(0.2 0.529747474 0.9265341063)
(0.3 0.529747474 0.9265341063)
(0.4 0.529747474 0.9265341063)
(0.5 0.529747474 0.9265341063)
(0.6 0.529747474 0.9265341063)
(0.7 0.529747474 0.9265341063)
(0.8 0.529747474 0.9265341063)
(0.9 0.529747474 0.9265341063)
(1 0.529747474 0.9265341063)
(1.1 0.529747474 0.9265341063)
(1.2 0.529747474 0.9265341063)
(1.3 0.529747474 0.9265341063)
(1.4 0.529747474 0.9265341063)
(1.5 0.529747474 0.9265341063)
(1.6 0.529747474 0.9265341063)
(1.7 0.529747474 0.9265341063)
(1.8 0.529747474 0.9265341063)
(1.9 0.529747474 0.9265341063)
(2 0.529747474 0.9265341063)
(0 0.5756844308 0.9265341063)
(0.1 0.5756844308 0.9265341063)
(0.2 0.5756844308 0.9265341063)
(0.3 0.5756844308 0.9265341063)
(0.4 0.5756844308 0.9265341063)
(0.5 0.5756844308 0.9265341063)
(0.6 0.5756844308 0.9265341063)
(0.7 0.5756844308 0.9265341063)
(0.8 0.5756844308 0.9265341063)
(0.9 0.5756844308 0.9265341063)
(1 0.5756844308 0.9265341063)
(1.1 0.5756844308 0.9265341063)
(1.2 0.5756844308 0.9265341063)
(1.3 0.5756844308 0.9265341063)
(1.4 0.5756844308 0.9265341063)
(1.5 0.5756844308 0.9265341063)
(1.6 0.5756844308 0.9265341063)
(1.7 0.5756844308 0.9265341063)
(1.8 0.5756844308 0.9265341063)
(1.9 0.5756844308 0.9265341063)
(2 0.5756844308 0.9265341063)
(0 0.6248084798 0.9265341063)
(0.1 0.6248084798 0.9265341063)
(0.2 0.6248084798 0.9265341063)
(0.3 0.6248084798 0.9265341063)
(0.4 0.6248084798 0.9265341063)
(0.5 0.6248084798 0.9265341063)
(0.6 0.6248084798 0.9265341063)
(0.7 0.6248084798 0.9265341063)
(0.8 0.6248084798 0.9265341063)
(0.9 0.6248084798 0.9265341063)
(1 0.6248084798 0.9265341063)
(1.1 0.6248084798 0.9265341063)
(1.2 0.6248084798 0.9265341063)
(1.3 0.6248084798 0.9265341063)
(1.4 0.6248084798 0.9265341063)
(1.5 0.6248084798 0.9265341063)
(1.6 0.6248084798 0.9265341063)
(1.7 0.6248084798 0.9265341063)
(1.8 0.6248084798 0.9265341063)
(1.9 0.6248084798 0.9265341063)
(2 0.6248084798 0.9265341063)
(0 0.6773407405 0.9265341063)
(0.1 0.6773407405 0.9265341063)
(0.2 0.6773407405 0.9265341063)
(0.3 0.6773407405 0.9265341063)
(0.4 0.6773407405 0.9265341063)
(0.5 0.6773407405 0.9265341063)
(0.6 0.6773407405 0.9265341063)
(0.7 0.6773407405 0.9265341063)
(0.8 0.6773407405 0.9265341063)
(0.9 0.6773407405 0.9265341063)
(1 0.6773407405 0.9265341063)
(1.1 0.6773407405 0.9265341063)
(1.2 0.6773407405 0.9265341063)
(1.3 0.6773407405 0.9265341063)
(1.4 0.6773407405 0.9265341063)
(1.5 0.6773407405 0.9265341063)
(1.6 0.6773407405 0.9265341063)
(1.7 0.6773407405 0.9265341063)
(1.8 0.6773407405 0.9265341063)
(1.9 0.6773407405 0.9265341063)
(2 0.6773407405 0.9265341063)
(0 0.7335176736 0.9265341063)
(0.1 0.7335176736 0.9265341063)
(0.2 0.7335176736 0.9265341063)
(0.3 0.7335176736 0.9265341063)
(0.4 0.7335176736 0.9265341063)
(0.5 0.7335176736 0.9265341063)
(0.6 0.7335176736 0.9265341063)
(0.7 0.7335176736 0.9265341063)
(0.8 0.7335176736 0.9265341063)
(0.9 0.7335176736 0.9265341063)
(1 0.7335176736 0.9265341063)
(1.1 0.7335176736 0.9265341063)
(1.2 0.7335176736 0.9265341063)
(1.3 0.7335176736 0.9265341063)
(1.4 0.7335176736 0.9265341063)
(1.5 0.7335176736 0.9265341063)
(1.6 0.7335176736 0.9265341063)
(1.7 0.7335176736 0.9265341063)
(1.8 0.7335176736 0.9265341063)
(1.9 0.7335176736 0.9265341063)
(2 0.7335176736 0.9265341063)
(0 0.7935921454 0.9265341063)
(0.1 0.7935921454 0.9265341063)
(0.2 0.7935921454 0.9265341063)
(0.3 0.7935921454 0.9265341063)
(0.4 0.7935921454 0.9265341063)
(0.5 0.7935921454 0.9265341063)
(0.6 0.7935921454 0.9265341063)
(0.7 0.7935921454 0.9265341063)
(0.8 0.7935921454 0.9265341063)
(0.9 0.7935921454 0.9265341063)
(1 0.7935921454 0.9265341063)
(1.1 0.7935921454 0.9265341063)
(1.2 0.7935921454 0.9265341063)
(1.3 0.7935921454 0.9265341063)
(1.4 0.7935921454 0.9265341063)
(1.5 0.7935921454 0.9265341063)
(1.6 0.7935921454 0.9265341063)
(1.7 0.7935921454 0.9265341063)
(1.8 0.7935921454 0.9265341063)
(1.9 0.7935921454 0.9265341063)
(2 0.7935921454 0.9265341063)
(0 0.857834566 0.9265341063)
(0.1 0.857834566 0.9265341063)
(0.2 0.857834566 0.9265341063)
(0.3 0.857834566 0.9265341063)
(0.4 0.857834566 0.9265341063)
(0.5 0.857834566 0.9265341063)
(0.6 0.857834566 0.9265341063)
(0.7 0.857834566 0.9265341063)
(0.8 0.857834566 0.9265341063)
(0.9 0.857834566 0.9265341063)
(1 0.857834566 0.9265341063)
(1.1 0.857834566 0.9265341063)
(1.2 0.857834566 0.9265341063)
(1.3 0.857834566 0.9265341063)
(1.4 0.857834566 0.9265341063)
(1.5 0.857834566 0.9265341063)
(1.6 0.857834566 0.9265341063)
(1.7 0.857834566 0.9265341063)
(1.8 0.857834566 0.9265341063)
(1.9 0.857834566 0.9265341063)
(2 0.857834566 0.9265341063)
(0 0.9265341063 0.9265341063)
(0.1 0.9265341063 0.9265341063)
(0.2 0.9265341063 0.9265341063)
(0.3 0.9265341063 0.9265341063)
(0.4 0.9265341063 0.9265341063)
(0.5 0.9265341063 0.9265341063)
(0.6 0.9265341063 0.9265341063)
(0.7 0.9265341063 0.9265341063)
(0.8 0.9265341063 0.9265341063)
(0.9 0.9265341063 0.9265341063)
(1 0.9265341063 0.9265341063)
(1.1 0.9265341063 0.9265341063)
(1.2 0.9265341063 0.9265341063)
(1.3 0.9265341063 0.9265341063)
(1.4 0.9265341063 0.9265341063)
(1.5 0.9265341063 0.9265341063)
(1.6 0.9265341063 0.9265341063)
(1.7 0.9265341063 0.9265341063)
(1.8 0.9265341063 0.9265341063)
(1.9 0.9265341063 0.9265341063)
(2 0.9265341063 0.9265341063)
(0 1 0.9265341063)
(0.1 1 0.9265341063)
(0.2 1 0.9265341063)
(0.3 1 0.9265341063)
(0.4 1 0.9265341063)
(0.5 1 0.9265341063)
(0.6 1 0.9265341063)
(0.7 1 0.9265341063)
(0.8 1 0.9265341063)
(0.9 1 0.9265341063)
(1 1 0.9265341063)
(1.1 1 0.9265341063)
(1.2 1 0.9265341063)
(1.3 1 0.9265341063)
(1.4 1 0.9265341063)
(1.5 1 0.9265341063)
(1.6 1 0.9265341063)
(1.7 1 0.9265341063)
(1.8 1 0.9265341063)
(1.9 1 0.9265341063)
(2 1 0.9265341063)
(0 0 1)
(0.1 0 1)
(0.2 0 1)
(0.3 0 1)
(0.4 0 1)
(0.5 0 1)
(0.6 0 1)
(0.7 0 1)
(0.8 0 1)
(0.9 0 1)
(1 0 1)
(1.1 0 1)
(1.2 0 1)
(1.3 0 1)
(1.4 0 1)
(1.5 0 1)
(1.6 0 1)
(1.7 0 1)
(1.8 0 1)
(1.9 0 1)
(2 0 1)
(0 0.009183236716 1)
(0.1 0.009183236716 1)
(0.2 0.009183236716 1)
(0.3 0.009183236716 1)
(0.4 0.009183236716 1)
(0.5 0.009183236716 1)
(0.6 0.009183236716 1)
(0.7 0.009183236716 1)
(0.8 0.009183236716 1)
(0.9 0.009183236716 1)
(1 0.009183236716 1)
(1.1 0.009183236716 1)
(1.2 0.009183236716 1)
(1.3 0.009183236716 1)
(1.4 0.009183236716 1)
(1.5 0.009183236716 1)
(1.6 0.009183236716 1)
(1.7 0.009183236716 1)
(1.8 0.009183236716 1)
(1.9 0.009183236716 1)
(2 0.009183236716 1)
(0 0.01900360363 1)
(0.1 0.01900360363 1)
(0.2 0.01900360363 1)
(0.3 0.01900360363 1)
(0.4 0.01900360363 1)
(0.5 0.01900360363 1)
(0.6 0.01900360363 1)
(0.7 0.01900360363 1)
(0.8 0.01900360363 1)
(0.9 0.01900360363 1)
(1 0.01900360363 1)
(1.1 0.01900360363 1)
(1.2 0.01900360363 1)
(1.3 0.01900360363 1)
(1.4 0.01900360363 1)
(1.5 0.01900360363 1)
(1.6 0.01900360363 1)
(1.7 0.01900360363 1)
(1.8 0.01900360363 1)
(1.9 0.01900360363 1)
(2 0.01900360363 1)
(0 0.02950530463 1)
(0.1 0.02950530463 1)
(0.2 0.02950530463 1)
(0.3 0.02950530463 1)
(0.4 0.02950530463 1)
(0.5 0.02950530463 1)
(0.6 0.02950530463 1)
(0.7 0.02950530463 1)
(0.8 0.02950530463 1)
(0.9 0.02950530463 1)
(1 0.02950530463 1)
(1.1 0.02950530463 1)
(1.2 0.02950530463 1)
(1.3 0.02950530463 1)
(1.4 0.02950530463 1)
(1.5 0.02950530463 1)
(1.6 0.02950530463 1)
(1.7 0.02950530463 1)
(1.8 0.02950530463 1)
(1.9 0.02950530463 1)
(2 0.02950530463 1)
(0 0.04073561049 1)
(0.1 0.04073561049 1)
(0.2 0.04073561049 1)
(0.3 0.04073561049 1)
(0.4 0.04073561049 1)
(0.5 0.04073561049 1)
(0.6 0.04073561049 1)
(0.7 0.04073561049 1)
(0.8 0.04073561049 1)
(0.9 0.04073561049 1)
(1 0.04073561049 1)
(1.1 0.04073561049 1)
(1.2 0.04073561049 1)
(1.3 0.04073561049 1)
(1.4 0.04073561049 1)
(1.5 0.04073561049 1)
(1.6 0.04073561049 1)
(1.7 0.04073561049 1)
(1.8 0.04073561049 1)
(1.9 0.04073561049 1)
(2 0.04073561049 1)
(0 0.05274507158 1)
(0.1 0.05274507158 1)
(0.2 0.05274507158 1)
(0.3 0.05274507158 1)
(0.4 0.05274507158 1)
(0.5 0.05274507158 1)
(0.6 0.05274507158 1)
(0.7 0.05274507158 1)
(0.8 0.05274507158 1)
(0.9 0.05274507158 1)
(1 0.05274507158 1)
(1.1 0.05274507158 1)
(1.2 0.05274507158 1)
(1.3 0.05274507158 1)
(1.4 0.05274507158 1)
(1.5 0.05274507158 1)
(1.6 0.05274507158 1)
(1.7 0.05274507158 1)
(1.8 0.05274507158 1)
(1.9 0.05274507158 1)
(2 0.05274507158 1)
(0 0.06558774547 1)
(0.1 0.06558774547 1)
(0.2 0.06558774547 1)
(0.3 0.06558774547 1)
(0.4 0.06558774547 1)
(0.5 0.06558774547 1)
(0.6 0.06558774547 1)
(0.7 0.06558774547 1)
(0.8 0.06558774547 1)
(0.9 0.06558774547 1)
(1 0.06558774547 1)
(1.1 0.06558774547 1)
(1.2 0.06558774547 1)
(1.3 0.06558774547 1)
(1.4 0.06558774547 1)
(1.5 0.06558774547 1)
(1.6 0.06558774547 1)
(1.7 0.06558774547 1)
(1.8 0.06558774547 1)
(1.9 0.06558774547 1)
(2 0.06558774547 1)
(0 0.07932144019 1)
(0.1 0.07932144019 1)
(0.2 0.07932144019 1)
(0.3 0.07932144019 1)
(0.4 0.07932144019 1)
(0.5 0.07932144019 1)
(0.6 0.07932144019 1)
(0.7 0.07932144019 1)
(0.8 0.07932144019 1)
(0.9 0.07932144019 1)
(1 0.07932144019 1)
(1.1 0.07932144019 1)
(1.2 0.07932144019 1)
(1.3 0.07932144019 1)
(1.4 0.07932144019 1)
(1.5 0.07932144019 1)
(1.6 0.07932144019 1)
(1.7 0.07932144019 1)
(1.8 0.07932144019 1)
(1.9 0.07932144019 1)
(2 0.07932144019 1)
(0 0.09400797452 1)
(0.1 0.09400797452 1)
(0.2 0.09400797452 1)
(0.3 0.09400797452 1)
(0.4 0.09400797452 1)
(0.5 0.09400797452 1)
(0.6 0.09400797452 1)
(0.7 0.09400797452 1)
(0.8 0.09400797452 1)
(0.9 0.09400797452 1)
(1 0.09400797452 1)
(1.1 0.09400797452 1)
(1.2 0.09400797452 1)
(1.3 0.09400797452 1)
(1.4 0.09400797452 1)
(1.5 0.09400797452 1)
(1.6 0.09400797452 1)
(1.7 0.09400797452 1)
(1.8 0.09400797452 1)
(1.9 0.09400797452 1)
(2 0.09400797452 1)
(0 0.1097134562 1)
(0.1 0.1097134562 1)
(0.2 0.1097134562 1)
(0.3 0.1097134562 1)
(0.4 0.1097134562 1)
(0.5 0.1097134562 1)
(0.6 0.1097134562 1)
(0.7 0.1097134562 1)
(0.8 0.1097134562 1)
(0.9 0.1097134562 1)
(1 0.1097134562 1)
(1.1 0.1097134562 1)
(1.2 0.1097134562 1)
(1.3 0.1097134562 1)
(1.4 0.1097134562 1)
(1.5 0.1097134562 1)
(1.6 0.1097134562 1)
(1.7 0.1097134562 1)
(1.8 0.1097134562 1)
(1.9 0.1097134562 1)
(2 0.1097134562 1)
(0 0.1265085794 1)
(0.1 0.1265085794 1)
(0.2 0.1265085794 1)
(0.3 0.1265085794 1)
(0.4 0.1265085794 1)
(0.5 0.1265085794 1)
(0.6 0.1265085794 1)
(0.7 0.1265085794 1)
(0.8 0.1265085794 1)
(0.9 0.1265085794 1)
(1 0.1265085794 1)
(1.1 0.1265085794 1)
(1.2 0.1265085794 1)
(1.3 0.1265085794 1)
(1.4 0.1265085794 1)
(1.5 0.1265085794 1)
(1.6 0.1265085794 1)
(1.7 0.1265085794 1)
(1.8 0.1265085794 1)
(1.9 0.1265085794 1)
(2 0.1265085794 1)
(0 0.1444689432 1)
(0.1 0.1444689432 1)
(0.2 0.1444689432 1)
(0.3 0.1444689432 1)
(0.4 0.1444689432 1)
(0.5 0.1444689432 1)
(0.6 0.1444689432 1)
(0.7 0.1444689432 1)
(0.8 0.1444689432 1)
(0.9 0.1444689432 1)
(1 0.1444689432 1)
(1.1 0.1444689432 1)
(1.2 0.1444689432 1)
(1.3 0.1444689432 1)
(1.4 0.1444689432 1)
(1.5 0.1444689432 1)
(1.6 0.1444689432 1)
(1.7 0.1444689432 1)
(1.8 0.1444689432 1)
(1.9 0.1444689432 1)
(2 0.1444689432 1)
(0 0.1636753917 1)
(0.1 0.1636753917 1)
(0.2 0.1636753917 1)
(0.3 0.1636753917 1)
(0.4 0.1636753917 1)
(0.5 0.1636753917 1)
(0.6 0.1636753917 1)
(0.7 0.1636753917 1)
(0.8 0.1636753917 1)
(0.9 0.1636753917 1)
(1 0.1636753917 1)
(1.1 0.1636753917 1)
(1.2 0.1636753917 1)
(1.3 0.1636753917 1)
(1.4 0.1636753917 1)
(1.5 0.1636753917 1)
(1.6 0.1636753917 1)
(1.7 0.1636753917 1)
(1.8 0.1636753917 1)
(1.9 0.1636753917 1)
(2 0.1636753917 1)
(0 0.1842143777 1)
(0.1 0.1842143777 1)
(0.2 0.1842143777 1)
(0.3 0.1842143777 1)
(0.4 0.1842143777 1)
(0.5 0.1842143777 1)
(0.6 0.1842143777 1)
(0.7 0.1842143777 1)
(0.8 0.1842143777 1)
(0.9 0.1842143777 1)
(1 0.1842143777 1)
(1.1 0.1842143777 1)
(1.2 0.1842143777 1)
(1.3 0.1842143777 1)
(1.4 0.1842143777 1)
(1.5 0.1842143777 1)
(1.6 0.1842143777 1)
(1.7 0.1842143777 1)
(1.8 0.1842143777 1)
(1.9 0.1842143777 1)
(2 0.1842143777 1)
(0 0.2061783524 1)
(0.1 0.2061783524 1)
(0.2 0.2061783524 1)
(0.3 0.2061783524 1)
(0.4 0.2061783524 1)
(0.5 0.2061783524 1)
(0.6 0.2061783524 1)
(0.7 0.2061783524 1)
(0.8 0.2061783524 1)
(0.9 0.2061783524 1)
(1 0.2061783524 1)
(1.1 0.2061783524 1)
(1.2 0.2061783524 1)
(1.3 0.2061783524 1)
(1.4 0.2061783524 1)
(1.5 0.2061783524 1)
(1.6 0.2061783524 1)
(1.7 0.2061783524 1)
(1.8 0.2061783524 1)
(1.9 0.2061783524 1)
(2 0.2061783524 1)
(0 0.2296661811 1)
(0.1 0.2296661811 1)
(0.2 0.2296661811 1)
(0.3 0.2296661811 1)
(0.4 0.2296661811 1)
(0.5 0.2296661811 1)
(0.6 0.2296661811 1)
(0.7 0.2296661811 1)
(0.8 0.2296661811 1)
(0.9 0.2296661811 1)
(1 0.2296661811 1)
(1.1 0.2296661811 1)
(1.2 0.2296661811 1)
(1.3 0.2296661811 1)
(1.4 0.2296661811 1)
(1.5 0.2296661811 1)
(1.6 0.2296661811 1)
(1.7 0.2296661811 1)
(1.8 0.2296661811 1)
(1.9 0.2296661811 1)
(2 0.2296661811 1)
(0 0.2547835882 1)
(0.1 0.2547835882 1)
(0.2 0.2547835882 1)
(0.3 0.2547835882 1)
(0.4 0.2547835882 1)
(0.5 0.2547835882 1)
(0.6 0.2547835882 1)
(0.7 0.2547835882 1)
(0.8 0.2547835882 1)
(0.9 0.2547835882 1)
(1 0.2547835882 1)
(1.1 0.2547835882 1)
(1.2 0.2547835882 1)
(1.3 0.2547835882 1)
(1.4 0.2547835882 1)
(1.5 0.2547835882 1)
(1.6 0.2547835882 1)
(1.7 0.2547835882 1)
(1.8 0.2547835882 1)
(1.9 0.2547835882 1)
(2 0.2547835882 1)
(0 0.2816436335 1)
(0.1 0.2816436335 1)
(0.2 0.2816436335 1)
(0.3 0.2816436335 1)
(0.4 0.2816436335 1)
(0.5 0.2816436335 1)
(0.6 0.2816436335 1)
(0.7 0.2816436335 1)
(0.8 0.2816436335 1)
(0.9 0.2816436335 1)
(1 0.2816436335 1)
(1.1 0.2816436335 1)
(1.2 0.2816436335 1)
(1.3 0.2816436335 1)
(1.4 0.2816436335 1)
(1.5 0.2816436335 1)
(1.6 0.2816436335 1)
(1.7 0.2816436335 1)
(1.8 0.2816436335 1)
(1.9 0.2816436335 1)
(2 0.2816436335 1)
(0 0.3103672206 1)
(0.1 0.3103672206 1)
(0.2 0.3103672206 1)
(0.3 0.3103672206 1)
(0.4 0.3103672206 1)
(0.5 0.3103672206 1)
(0.6 0.3103672206 1)
(0.7 0.3103672206 1)
(0.8 0.3103672206 1)
(0.9 0.3103672206 1)
(1 0.3103672206 1)
(1.1 0.3103672206 1)
(1.2 0.3103672206 1)
(1.3 0.3103672206 1)
(1.4 0.3103672206 1)
(1.5 0.3103672206 1)
(1.6 0.3103672206 1)
(1.7 0.3103672206 1)
(1.8 0.3103672206 1)
(1.9 0.3103672206 1)
(2 0.3103672206 1)
(0 0.3410836415 1)
(0.1 0.3410836415 1)
(0.2 0.3410836415 1)
(0.3 0.3410836415 1)
(0.4 0.3410836415 1)
(0.5 0.3410836415 1)
(0.6 0.3410836415 1)
(0.7 0.3410836415 1)
(0.8 0.3410836415 1)
(0.9 0.3410836415 1)
(1 0.3410836415 1)
(1.1 0.3410836415 1)
(1.2 0.3410836415 1)
(1.3 0.3410836415 1)
(1.4 0.3410836415 1)
(1.5 0.3410836415 1)
(1.6 0.3410836415 1)
(1.7 0.3410836415 1)
(1.8 0.3410836415 1)
(1.9 0.3410836415 1)
(2 0.3410836415 1)
(0 0.3739311585 1)
(0.1 0.3739311585 1)
(0.2 0.3739311585 1)
(0.3 0.3739311585 1)
(0.4 0.3739311585 1)
(0.5 0.3739311585 1)
(0.6 0.3739311585 1)
(0.7 0.3739311585 1)
(0.8 0.3739311585 1)
(0.9 0.3739311585 1)
(1 0.3739311585 1)
(1.1 0.3739311585 1)
(1.2 0.3739311585 1)
(1.3 0.3739311585 1)
(1.4 0.3739311585 1)
(1.5 0.3739311585 1)
(1.6 0.3739311585 1)
(1.7 0.3739311585 1)
(1.8 0.3739311585 1)
(1.9 0.3739311585 1)
(2 0.3739311585 1)
(0 0.4090576263 1)
(0.1 0.4090576263 1)
(0.2 0.4090576263 1)
(0.3 0.4090576263 1)
(0.4 0.4090576263 1)
(0.5 0.4090576263 1)
(0.6 0.4090576263 1)
(0.7 0.4090576263 1)
(0.8 0.4090576263 1)
(0.9 0.4090576263 1)
(1 0.4090576263 1)
(1.1 0.4090576263 1)
(1.2 0.4090576263 1)
(1.3 0.4090576263 1)
(1.4 0.4090576263 1)
(1.5 0.4090576263 1)
(1.6 0.4090576263 1)
(1.7 0.4090576263 1)
(1.8 0.4090576263 1)
(1.9 0.4090576263 1)
(2 0.4090576263 1)
(0 0.4466211578 1)
(0.1 0.4466211578 1)
(0.2 0.4466211578 1)
(0.3 0.4466211578 1)
(0.4 0.4466211578 1)
(0.5 0.4466211578 1)
(0.6 0.4466211578 1)
(0.7 0.4466211578 1)
(0.8 0.4466211578 1)
(0.9 0.4466211578 1)
(1 0.4466211578 1)
(1.1 0.4466211578 1)
(1.2 0.4466211578 1)
(1.3 0.4466211578 1)
(1.4 0.4466211578 1)
(1.5 0.4466211578 1)
(1.6 0.4466211578 1)
(1.7 0.4466211578 1)
(1.8 0.4466211578 1)
(1.9 0.4466211578 1)
(2 0.4466211578 1)
(0 0.4867908358 1)
(0.1 0.4867908358 1)
(0.2 0.4867908358 1)
(0.3 0.4867908358 1)
(0.4 0.4867908358 1)
(0.5 0.4867908358 1)
(0.6 0.4867908358 1)
(0.7 0.4867908358 1)
(0.8 0.4867908358 1)
(0.9 0.4867908358 1)
(1 0.4867908358 1)
(1.1 0.4867908358 1)
(1.2 0.4867908358 1)
(1.3 0.4867908358 1)
(1.4 0.4867908358 1)
(1.5 0.4867908358 1)
(1.6 0.4867908358 1)
(1.7 0.4867908358 1)
(1.8 0.4867908358 1)
(1.9 0.4867908358 1)
(2 0.4867908358 1)
(0 0.529747474 1)
(0.1 0.529747474 1)
(0.2 0.529747474 1)
(0.3 0.529747474 1)
(0.4 0.529747474 1)
(0.5 0.529747474 1)
(0.6 0.529747474 1)
(0.7 0.529747474 1)
(0.8 0.529747474 1)
(0.9 0.529747474 1)
(1 0.529747474 1)
(1.1 0.529747474 1)
(1.2 0.529747474 1)
(1.3 0.529747474 1)
(1.4 0.529747474 1)
(1.5 0.529747474 1)
(1.6 0.529747474 1)
(1.7 0.529747474 1)
(1.8 0.529747474 1)
(1.9 0.529747474 1)
(2 0.529747474 1)
(0 0.5756844308 1)
(0.1 0.5756844308 1)
(0.2 0.5756844308 1)
(0.3 0.5756844308 1)
(0.4 0.5756844308 1)
(0.5 0.5756844308 1)
(0.6 0.5756844308 1)
(0.7 0.5756844308 1)
(0.8 0.5756844308 1)
(0.9 0.5756844308 1)
(1 0.5756844308 1)
(1.1 0.5756844308 1)
(1.2 0.5756844308 1)
(1.3 0.5756844308 1)
(1.4 0.5756844308 1)
(1.5 0.5756844308 1)
(1.6 0.5756844308 1)
(1.7 0.5756844308 1)
(1.8 0.5756844308 1)
(1.9 0.5756844308 1)
(2 0.5756844308 1)
(0 0.6248084798 1)
(0.1 0.6248084798 1)
(0.2 0.6248084798 1)
(0.3 0.6248084798 1)
(0.4 0.6248084798 1)
(0.5 0.6248084798 1)
(0.6 0.6248084798 1)
(0.7 0.6248084798 1)
(0.8 0.6248084798 1)
(0.9 0.6248084798 1)
(1 0.6248084798 1)
(1.1 0.6248084798 1)
(1.2 0.6248084798 1)
(1.3 0.6248084798 1)
(1.4 0.6248084798 1)
(1.5 0.6248084798 1)
(1.6 0.6248084798 1)
(1.7 0.6248084798 1)
(1.8 0.6248084798 1)
(1.9 0.6248084798 1)
(2 0.6248084798 1)
(0 0.6773407405 1)
(0.1 0.6773407405 1)
(0.2 0.6773407405 1)
(0.3 0.6773407405 1)
(0.4 0.6773407405 1)
(0.5 0.6773407405 1)
(0.6 0.6773407405 1)
(0.7 0.6773407405 1)
(0.8 0.6773407405 1)
(0.9 0.6773407405 1)
(1 0.6773407405 1)
(1.1 0.6773407405 1)
(1.2 0.6773407405 1)
(1.3 0.6773407405 1)
(1.4 0.6773407405 1)
(1.5 0.6773407405 1)
(1.6 0.6773407405 1)
(1.7 0.6773407405 1)
(1.8 0.6773407405 1)
(1.9 0.6773407405 1)
(2 0.6773407405 1)
(0 0.7335176736 1)
(0.1 0.7335176736 1)
(0.2 0.7335176736 1)
(0.3 0.7335176736 1)
(0.4 0.7335176736 1)
(0.5 0.7335176736 1)
(0.6 0.7335176736 1)
(0.7 0.7335176736 1)
(0.8 0.7335176736 1)
(0.9 0.7335176736 1)
(1 0.7335176736 1)
(1.1 0.7335176736 1)
(1.2 0.7335176736 1)
(1.3 0.7335176736 1)
(1.4 0.7335176736 1)
(1.5 0.7335176736 1)
(1.6 0.7335176736 1)
(1.7 0.7335176736 1)
(1.8 0.7335176736 1)
(1.9 0.7335176736 1)
(2 0.7335176736 1)
(0 0.7935921454 1)
(0.1 0.7935921454 1)
(0.2 0.7935921454 1)
(0.3 0.7935921454 1)
(0.4 0.7935921454 1)
(0.5 0.7935921454 1)
(0.6 0.7935921454 1)
(0.7 0.7935921454 1)
(0.8 0.7935921454 1)
(0.9 0.7935921454 1)
(1 0.7935921454 1)
(1.1 0.7935921454 1)
(1.2 0.7935921454 1)
(1.3 0.7935921454 1)
(1.4 0.7935921454 1)
(1.5 0.7935921454 1)
(1.6 0.7935921454 1)
(1.7 0.7935921454 1)
(1.8 0.7935921454 1)
(1.9 0.7935921454 1)
(2 0.7935921454 1)
(0 0.857834566 1)
(0.1 0.857834566 1)
(0.2 0.857834566 1)
(0.3 0.857834566 1)
(0.4 0.857834566 1)
(0.5 0.857834566 1)
(0.6 0.857834566 1)
(0.7 0.857834566 1)
(0.8 0.857834566 1)
(0.9 0.857834566 1)
(1 0.857834566 1)
(1.1 0.857834566 1)
(1.2 0.857834566 1)
(1.3 0.857834566 1)
(1.4 0.857834566 1)
(1.5 0.857834566 1)
(1.6 0.857834566 1)
(1.7 0.857834566 1)
(1.8 0.857834566 1)
(1.9 0.857834566 1)
(2 0.857834566 1)
(0 0.9265341063 1)
(0.1 0.9265341063 1)
(0.2 0.9265341063 1)
(0.3 0.9265341063 1)
(0.4 0.9265341063 1)
(0.5 0.9265341063 1)
(0.6 0.9265341063 1)
(0.7 0.9265341063 1)
(0.8 0.9265341063 1)
(0.9 0.9265341063 1)
(1 0.9265341063 1)
(1.1 0.9265341063 1)
(1.2 0.9265341063 1)
(1.3 0.9265341063 1)
(1.4 0.9265341063 1)
(1.5 0.9265341063 1)
(1.6 0.9265341063 1)
(1.7 0.9265341063 1)
(1.8 0.9265341063 1)
(1.9 0.9265341063 1)
(2 0.9265341063 1)
(0 1 1)
(0.1 1 1)
(0.2 1 1)
(0.3 1 1)
(0.4 1 1)
(0.5 1 1)
(0.6 1 1)
(0.7 1 1)
(0.8 1 1)
(0.9 1 1)
(1 1 1)
(1.1 1 1)
(1.2 1 1)
(1.3 1 1)
(1.4 1 1)
(1.5 1 1)
(1.6 1 1)
(1.7 1 1)
(1.8 1 1)
(1.9 1 1)
(2 1 1)
)


// ************************************************************************* //
